"Language","original","english","czech","german","russian","polish","hungarian","italian","spanish","french","chinese","japanese","portuguese","chinesesimp",
STR_TERJESKILL_IMMUNITY_NAME,IMMUNITY,IMMUNITY,IMUNITA,IMMUNITÄT,ИММУНИТЕТ,ODPORNOŚĆ,IMMUNITÁS,IMMUNITÀ,INMUNIDAD,IMMUNITÉ,免疫力,免疫力,IMUNIDADE,免疫力,
STR_TERJESKILL_IMMUNITY_DESC,"Organic defense index measuring immune system efficiency. This skill reduces the chances of contracting viral pathologies, increases intoxication tolerance, prevents post-traumatic septic shock, increases resistance to cold and environmental stress, and enhances the ability to regain composure and consciousness.","Organic defense index measuring immune system efficiency. This skill reduces the chances of contracting viral pathologies, increases intoxication tolerance, prevents post-traumatic septic shock, increases resistance to cold and environmental stress, and enhances the ability to regain composure and consciousness.","Index organické obranyschopnosti měřící efektivitu imunitního systému. Tato dovednost snižuje riziko nákazy virovými patologiemi, zvyšuje toleranci vůči intoxikaci, předchází posttraumatickému septickému šoku, zvyšuje rezistenci vůči chladu a stresu prostředí a zlepšuje schopnost nabýt vědomí a rozvahy.","Index der organischen Abwehr zur Messung der Effizienz des Immunsystems. Diese Fertigkeit verringert das Risiko viraler Pathologien, erhöht die Intoxikationstoleranz, beugt dem posttraumatischen septischen Schock vor, erhöht die Widerstandsfähigkeit gegen Kälte und Umweltstress und verbessert die Fähigkeit, das Bewusstsein und die Fassung wiederzuerlangen.","Индекс органической защиты, измеряющий эффективность иммунной системы. Данный навык снижает риск заражения вирусными патологиями, повышает толерантность к интоксикации, предотвращает посттравматический септический шок, повышает устойчивость к холоду и стрессам окружающей среды, а также улучшает способность приходить в сознание и восстанавливать самообладание.","Wskaźnik obrony organicznej mierzący wydolność układu immunologicznego. Umiejętność ta redukuje ryzyko zapadalności na patologie wirusowe, zwiększa tolerancję na intoksykcję, zapobiega potraumatycznemu szokowi septycznemu, zwiększa odporność na zimno i stres środowiskowy oraz poprawia zdolność odzyskiwania przytomności i opanowania.","Szervezeti védekezési index, amely az immunrendszer hatékonyságát méri. Ez a készség csökkenti a vírusos patológiák kialakulásának esélyét, növeli az intoxikációs toleranciát, megelőzi a poszttraumás szeptikus sokkot, növeli a hideggel és a környezeti stresszel szembeni ellenállást, valamint javítja az eszmélet és a lélekjelenlét visszanyerésének képességét.","Indice di difesa organica che misura l'efficienza del sistema immunitario. Questa abilità riduce le probabilità di contrarre patologie virali, aumenta la tolleranza alle intossicazioni, previene lo shock settico post-traumatico, aumenta la resistenza al freddo e allo stress ambientale e migliora la capacità di riprendere conoscenza e compostezza.","Índice de defensa orgánica que mide la eficiencia del sistema inmunitario. Esta habilidad reduce las probabilidades de contraer patologías virales, aumenta la tolerancia a la intoxicación, previene el choque séptico postraumático, aumenta la resistencia al frío y al estrés ambiental, y mejora la capacidad de recuperar la conciencia y la compostura.","Indice de défense organique mesurant l'efficacité du système immunitaire. Cette compétence réduit les chances de contraction de pathologies virales, augmente la tolérance aux intoxications, prévient les chocs septiques post-traumatiques, augmente la résistance au froid et au stress environnemental, et améliore la capacité à reprendre connaissance et à retrouver son sang-froid.",衡量免疫系統效率的有機防禦指標。此技能可降低感染病毒性病理特徵的機率、提高對中毒的耐受力、預防創傷後敗血性休克、增加對寒冷與環境壓力的抵抗力，並增強恢復意識與鎮定的能力。,免疫システムの効率を測定する生体防御指標。このスキルはウイルス性病理の感染リスクを低減させ、中毒耐性を高め、外傷後の敗血症性ショックを抑制し、寒さや環境ストレスへの耐性を高め、意識や落ち着きを取り戻す能力を向上させる。,"Índice de defesa orgânica que mede a eficiência do sistema imunológico. Esta habilidade reduz as chances de contrair patologias virais, aumenta la tolerância a intoxicações, previne o choque séptico pós-traumático, aumenta a resistência ao frio e ao estresse ambiental e melhora a capacidade de recuperar a consciência e a compostura.",衡量免疫系统效率的有机防御指标。此技能可降低感染病毒性病理特征的几率，提高对中毒的耐受力，预防创伤后败血性休克，增加对寒冷与环境压力的抵抗力，并增强恢复意识与镇定的能力。,
STR_TERJESKILL_IMMUNITY_MOD0coldres,Natural resistance to cold:,Natural resistance to cold:,Přirozená rezistence vůči chladu:,Natürliche Kälteresistenz:,Естественная резистентность к холоду:,Naturalna odporność na zimno:,Természetes hidegellenállás:,Resistenza naturale al freddo:,Resistencia natural al frío:,Résistance naturelle au froid:,自然抗寒力：,自然耐寒性：,Resistência natural ao frio:,自然抗寒力：,
STR_TERJESKILL_IMMUNITY_MOD0recshock,Ability to regain consciousness:,Ability to regain consciousness:,Schopnost nabýt vědomí:,Fähigkeit das Bewusstsein wiederzuerlangen:,Способность приходить в сознание:,Zdolność odzyskiwania przytomności:,Eszmélet visszanyerésének képessége:,Capacità di riprendere conoscenza:,Capacidad para recuperar la conciencia:,Capacité à reprendre connaissance:,恢復意識的能力：,意識を回復する能力：,Capacidade de recuperar a consciência:,恢复意识的能力：,
STR_TERJESKILL_IMMUNITY_MOD0irnmind,Ability to regain composure:,Ability to regain composure:,Schopnost znovuzískání rozvahy:,Fähigkeit die Fassung wiederzuerlangen:,Способность восстанавливать самообладание:,Zdolność odzyskania opanowania:,Lélekjelenlét visszanyerésének képessége:,Capacità di riprendere la compostezza:,Capacidad para recuperar la compostura:,Capacité à retrouver son sang-froid:,恢復鎮定的能力：,落ち着きを取り戻す能力：,Capacidade de recuperar a compostura:,恢复镇定的能力：,
STR_TERJESKILL_IMMUNITY_MOD0rabres,Natural resistance to rabies:,Natural resistance to rabies:,Přirozená rezistence vůči vzteklině:,Natürliche Resistenz gegen Tollwut:,Естественная резистентность к бешенству:,Naturalna odporność na wściekliznę:,Vezeték elleni természetes rezisztencia:,Resistenza naturale alla rabbia:,Resistencia natural a la rabia:,Résistance naturelle à la rage:,自然對狂犬病的抵抗力：,狂犬病への自然抵抗力：,Resistência natural à raiva:,对狂犬病的自然抵抗力：,
STR_TERJESKILL_IMMUNITY_MOD0resdiseasesmod,Natural resistance to diseases and viruses:,Natural resistance to diseases and viruses:,Přirozená rezistence vůči chorobám a virům:,Natürliche Resistenz gegen Krankheiten und Viren:,Естественная резистентность к болезням и вирусам:,Naturalna rezystancja na choroby i wirusy:,Betegségekkel és vírusokkal szembeni természetes rezisztencia:,Resistenza naturale a malattie e virus:,Resistencia natural a enfermedades y virus:,Résistance naturelle aux maladies et virus :,對疾病與病毒的自然抵抗力：,疾患およびウイルスへの自然抵抗力：,Resistência natural a doenças e vírus:,对疾病与病毒的自然抵抗力：,
STR_TERJESKILL_IMMUNITY_MOD0poisonres,Natural resistance to expired or toxic food:,Natural resistance to expired or toxic food:,Přirozená tolerance vůči expirovaným či toxickým potravinám:,Natürliche Tolerance gegenüber abgelaufenen oder toxischen Lebensmitteln:,Естественная толерантность к просроченной или токсичной пище:,Naturalna tolerancja na przeterminowaną lub toksyczną żywność:,Lejárt vagy toxikus élelmiszerekkel szembeni természetes tolerancia:,Tolleranza naturale a cibi scaduti o tossici:,Tolerancia natural a alimentos caducados o tóxicos:,Résistance naturelle aux aliments périmés ou toxiques :,對過期或有毒食物的自然耐受力：,期限切れまたは毒性食品への自然耐性：,Tolerância natural a alimentos vencidos ou tóxicos:,对过期或有毒食物的自然耐受力：,
STR_TERJESKILL_IMMUNITY_MOD0biohzres,Natural resistance to chemical agents and biohazards:,Natural resistance to chemical agents and biohazards:,Přirozená rezistence vůči chemickým agens a biologickým rizikům:,Natürliche Resistenz gegen chemische Agenzien und biologische Gefahren:,Естественная резистентность к химическим агентам и биологическим опасностям:,Naturalna odporność na czynniki chemiczne i zagrożenia biologiczne:,Természetes ellenállás vegyi anyagokkal és biológiai veszélyekkel szemben:,Resistenza naturale ad agenti chimici e rischi biologici:,Resistencia natural a agentes químicos y biopeligros:,Résistance naturelle aux agents chimiques et aux risques biologiques:,對化學製劑和生物危害的自然抵抗力：,化学物質およびバイオハザードへの自然耐性：,Resistência natural a agentes químicos e bio-riscos:,对化学制剂 and 生物危害的自然抵抗力：,
STR_TERJESKILL_IMMUNITY_MOD0sepsisres,Natural resistance to wound infections and septic shock:,Natural resistance to wound infections and septic shock:,Přirozená rezistence vůči infekcím ran a sepsi:,Natürliche Resistenz gegen Wundinfektionen und Sepsis:,Естественная резистентность к инфекциям ран и сепсису:,Naturalna rezystancja na infekcje ran i sepsę:,Sebfertőzésekkel és szepszissel szembeni természetes rezisztencia:,Resistenza naturale alle infiltrazioni cutanee e allo shock settico:,Resistencia natural a infecciones de heridas y sepsis:,Résistance naturelle aux infections de plaies et au choc septique :,對傷口感染與敗血性休克的自然抵抗力：,創傷感染および敗血症性ショックへの自然抵抗力：,Resistência natural a infecções de feridas e sepse:,对伤口感染与败血性休克的自然抵抗力：,
STR_TERJESKILL_IMMUNITY_MOD0radresmod,Natural resistance to radiation exposure:,Natural resistance to radiation exposure:,Přirozená rezistence vůči radiačnímu záření:,Natürliche Widerstandsfähigkeit gegen Strahlungsexposition:,Естественная устойчивость к радиационному облучению:,Naturalna odporność na ekspozycję promieniowaniem:,Természetes ellenállás a sugárzásnak kitettség ellen:,Resistenza naturale all'esposizione alle radiazioni:,Resistencia natural a la exposición a la radiación:,Résistance naturelle à l'exposition aux radiations:,對輻射暴露的自然抵抗力：,放射線被曝への自然抵抗力：,Resistência natural à exposição à radiação:,对辐射暴露的自然抵抗力：,
STR_TERJESKILL_IMMUNITY_MOD0radregenmod,Ability to purge radiation from the body:,Ability to purge radiation from the body:,Schopnost odstraňovat radiaci z těla:,Fähigkeit Strahlung aus dem Körper auszuleiten:,Способность выводить радиацию из организма:,Zdolność do usuwania promieniowania z organizmu:,A sugárzás eltávolításának képessége a testből:,Capacità di eliminare le radiazioni dal corpo:,Capacidad para eliminar la radiación del cuerpo:,Capacité à éliminer les radiations de l'organisme:,清除體內輻射的能力：,体内から放射線を除去する能力：,Capacidade de eliminar radiação do corpo:,清除体内辐射的能力：,
STR_TERJESKILL_MED_NAME,MEDICINE,MEDICINE,MEDICÍNA,MEDIZIN,МЕДИЦИНА,MEDYCYNA,ORVOSLÁS,MEDICINA,MEDICINA,MÉDECINE,醫療,医学,MEDICINA,医疗,
STR_TERJESKILL_MED_DESC,"Mastery of clinical protocols and emergency interventions. This skill determines care efficiency, the speed of medical gestures, the ability to prevent infectious complications, and includes specialized surgical skills for various trauma types.","Mastery of clinical protocols and emergency interventions. This skill determines care efficiency, the speed of medical gestures, the ability to prevent infectious complications, and includes specialized surgical skills for various trauma types.","Mistrovství v klinických protokolech a urgentních intervencích. Tato dovednost určuje efektivitu péče, rychlost lékařských úkonů, schopnost předcházet infekčním komplikacím a zahrnuje specializované chirurgické dovednosti pro různé typy traumat.","Beherrschung klinischer Protokolle und Notfallinterventionen. Diese Fertigkeit bestimmt die Effizienz der Versorgung, die Geschwindigkeit medizinischer Handgriffe, die Fähigkeit infektiöse Komplikationen zu verhindern und umfasst spezialisierte chirurgische Fähigkeiten für verschiedene Trauma-Typen.","Мастерство владения клиническими протоколами и методами экстренного вмешательства. Данный навык определяет эффективность ухода, скорость медицинских манипуляций, способность предотвращать инфекционные осложнения и включает в себя специализированные хирургические навыки для различных типов травм.","Biegłość w protokołach klinicznych i interwencjach ratunkowych. Umiejętność ta określa efektywność opieki, szybkość gestów medycznych, zdolność do zapobiegania powikłaniom zakaźnym i obejmuje specjalistyczne umiejętności chirurgiczne dla różnych typów urazów.","A klinikai protokollok és a sürgősségi beavatkozások ismerete. Ez a készség határozza meg az ellátás hatékonyságát, az orvosi mozdulatok sebességét, a fertőzéses komplikációk megelőzésének képességét, i magában foglalja a különféle traumákra vonatkozó speciális sebészeti ismereteket.","Padronanza dei protocolli clinici e degli interventi d'emergenza. Questa abilità determina l'efficienza delle cure, la rapidità dei gesti medici, la capacità di prevenire complicazioni infettive e include abilità chirurgiche specializzate per vari tipi di traumi.","Maestría en protocolos clínicos e intervenciones de emergencia. Esta habilidad determina la eficiencia de los cuidados, la velocidad de los gestos médicos, la capacidad de prevenir complicaciones infecciosas e incluye habilidades quirúrgicas especializadas para varios tipos de traumatismos.","Maîtrise des protocoles cliniques et des interventions d'urgence. Cette compétence détermine l'efficacité des soins, la vitesse d'exécution des gestes médicaux, la capacité à prévenir les complications infectieuses, et inclut des compétences chirurgicales spécialisées pour divers types de traumatismes.",精通臨床協議與緊急干預技術。此技能決定了護理效率、醫療動作的速度、預防感染併發症的能力，並包含針對各類創傷的專業手術技能。,臨床プロトコルおよび緊急介入の習熟度。このスキルはケアの效率、醫療処置の速度、感染性合併症の予防能力を決定し、様々な外傷タイプに対する専門的な手術スキルを含む。,"Domínio de protocolos clínicos e intervenções de emergência. Esta habilidade determina a eficiência dos cuidados, a rapidez dos gestos médicos, a capacidade de prevenir complicações infecciosas e inclui habilidades cirúrgicas especializadas para vários tipos de trauma.",精通临床协议与紧急干预技术。此技能决定了护理效率、医疗动作的速度、预防感染并发症的能力，并包含针对各类创伤的专业手术技能。,
STR_TERJESKILL_MEDICINE_MOD0surgsw,Stab wound surgery bonus:,Stab wound surgery bonus:,Bonus k operaci bodných ran:,Bonus für die Chirurgie von Stichwunden:,Бонус к хирургии колотых ран:,Bonus do chirurgii ran kłutych:,Szúrt seb sebészeti bónusza:,Bonus chirurgia per ferite da taglio:,Bonificación por cirugía de heridas punzantes:,Bonus de chirurgie des plaies par arme blanche:,刺傷手術獎勵：,刺傷の手術ボーナス：,Bônus de cirurgia de ferimentos por faca:,刺伤手术奖励：,
STR_TERJESKILL_MEDICINE_MOD0surgbw,Bullet wound surgery bonus:,Bullet wound surgery bonus:,Bonus k operaci střelných ran:,Bonus für die Chirurgie von Schusswunden:,Бонус к хирургии пулевых ранений:,Bonus do chirurgii ran postrzałowych:,Lőtt seb sebészeti bónusza:,Bonus chirurgia per ferite da arma da fuoco:,Bonificación por cirugía de heridas de bala:,Bonus de chirurgie des plaies par balle:,槍傷手術獎勵：,銃創の手術ボーナス：,Bônus de cirurgia de ferimentos de bala:,枪伤手术奖励：,
STR_TERJESKILL_MEDICINE_MOD0surgint,Visceral wound surgery bonus:,Visceral wound surgery bonus:,Bonus k operaci vnitřních ran:,Bonus für die Chirurgie viszeraler Wunden:,Бонус к хирургии внутренних ран:,Bonus do chirurgii ran trzewnych:,Zsigeri seb sebészeti bónusza:,Bonus chirurgia per ferite viscerali:,Bonificación por cirugía de heridas viscerales:,Bonus de chirurgie des plaies viscérales:,內臟傷口手術獎勵：,臓器損傷の手術ボーナス：,Bônus de cirurgia de ferimentos viscerais:,内脏伤口手术奖励：,
STR_TERJESKILL_MEDICINE_MOD0cleanstr,Infection risk during care and surgery:,Infection risk during care and surgery:,Riziko sepse během ošetření a chirurgie:,Sepsisrisiko bei Versorgung und chirurgischen Eingriffen:,Риск возникновения сепсиса при лечении и хирургии:,Ryzyko sepsy podczas opieki i zabiegów chirurgicznych:,Szepszis kockázata az ellátás és a sebészeti beavatkozások során:,Rischio di sepsi durante le cure e la chirurgia:,Riesgo de sepsis durante los cuidados y cirugía:,Risque d'infection lors de soins et opérations :,護理與手術期間的敗血症風險：,ケアおよび手術時の敗血症リスク：,Risco de sepse durante cuidados e cirurgia:,护理与手术期间的败血症风险：,
STR_TERJESKILL_MEDICINE_MOD0pharmac,Medicinal effect duration:,Medicinal effect duration:,Doba trvání farmakokinetického účinku léčiv:,Pharmakokinetische Wirkungsdauer von Medikamenten:,Фармакокинетическая длительность действия препаратов:,Czas trwania efektu farmakokinetycznego leków:,Gyógyszerek farmakokinetikai hatóideje:,Durata dell'effetto farmacocinetico dei medicinali:,Duración del efecto farmacocinético de los medicamentos:,Durée des effets médicamenteux :,藥物的藥代動力學作用持續時間：,薬物の薬物動態効果持続時間：,Duração do efeito farmacocinético dos medicamentos:,药物的药代动力学作用持续时间：,
STR_TERJESKILL_MEDICINE_MOD0mastdress,Time to apply bandages:,Time to apply bandages:,Čas aplikace obvazů:,Zeitaufwand für das Anlegen von Verbänden:,Время наложения повязок:,Czas aplikacji bandaży:,Kötözés felhelyezésének ideje:,Tempo di applicazione delle bende:,Tempo di applicazione de vendajes:,Durée pour appliquer des bandages :,包紮繃帶所需時間：,包帯の適用時間：,Bônus de aplicação de bandagens:,包扎绷带所需时间：,
STR_TERJESKILL_MEDICINE_MOD0surgeon,Time to perform surgeries:,Time to perform surgeries:,Čas provádění chirurgických zákroků:,Zeitaufwand für chirurgische Eingriffe:,Время проведения хирургических операций:,Czas wykonywania zabiegů chirurgicznych:,Sebészeti beavatkozások elvégzésének ideje:,Tempo di esecuzione degli interventi chirurgici:,Tiempo de ejecución de cirugías:,Durée pour réaliser des opérations :,執行手術所需時間：,手術の実行時間：,Tempo de execução de cirurgias:,执行手术所需时间：,
STR_TERJESKILL_ATHLETIC_NAME,ATHLETICS,ATHLETICS,ATLETIKA,ATHLETIK,АТЛЕТИКА,ATLETYKA,ATLÉTIKA,ATLETICA,ATLETISMO,ATHLÉTISME,體能,運動能力,ATLETISMO,体能,
STR_TERJESKILL_ATHLETIC_DESC,"Represents overall physical condition, flexibility, and explosive power. This skill governs prolonged effort management, ease in aquatic environments, vertical movement speed, and increases the subject's overall stamina pool. Rigorous athletic training also strengthens bone density, limiting the risk of fractures during impacts or falls.","Represents overall physical condition, flexibility, and explosive power. This skill governs prolonged effort management, ease in aquatic environments, vertical movement speed, and increases the subject's overall stamina pool. Rigorous athletic training also strengthens bone density, limiting the risk of fractures during impacts or falls.","Představuje celkovou fyzickou kondici, flexibilitu a explozivní sílu. Tato dovednost řídí management dlouhodobého úsilí, obratnost ve vodním prostředí, rychlost vertikálního pohybu a zvyšuje celkovou zásobu výdrže subjektu. Rigorózní atletický trénink rovněž posiluje denzitu kostí, čímž limituje riziko fraktur při nárazech či pádech.","Repräsentiert die allgemeine körperliche Verfassung, Flexibilität und Explosivkraft. Diese Fertigkeit steuert das Management anhaltender Anstrengung, die Agilität in aquatischen Umgebungen, die vertikale Bewegungsgeschwindigkeit und erhöht den gesamten Ausdauerpool des Subjekts. Ein rigoroses athletisches Training stärkt zudem die Knochendichte und begrenzt das Frakturrisiko bei Aufprall oder Stürzen.","Отражает общую физическую форму, гибкость и взрывную силу. Данный навык управляет распределением ресурсов при длительных нагрузках, маневренностью в водной среде, скоростью вертикального перемещения и увеличивает общий запас выносливости субъекта. Строгая атлетическая подготовка также укрепляет плотность костей, ограничивая риск переломов при ударах или падениях.","Reprezentuje ogólną kondycję fizyczną, elastyczność i siłę eksplozywną. Umiejętność ta zarządza gospodarką wysiłku długotrwałego, sprawnością w środowisku wodnym, szybkością przemieszczania się w pionie oraz zwiększa ogólną pulę kondycji obiektu. Rygorystyczny trening atletyczny wzmacnia również gęstość kości, ograniczając ryzyko fraktur podczas uderzeń lub upadków.","Az általános fizikai kondíciót, rugalmasságot és robbanékonyságot reprezentálja. Ez a készség szabályozza a tartós erőfeszítés menedzselését, a vízi környezetben való jártasságot, a vertikális mozgás sebességét és növeli az alany általános állóképességi készletét. A szigorú atlétikai edzés a csontsűrűséget is növeli, korlátozva a fraktúra kockázatát ütések vagy esések során.","Rappresenta la condizione fisica generale, la flessibilità e la potenza esplosiva. Questa abilità governa la gestione dello sforzo prolungato, l'agilità in ambienti acquatici, la velocità di movimento verticale e aumenta la riserva complessiva di stamina del soggetto. Un rigoroso allenamento atletico rafforza inoltre la densità ossea, limitando il rischio di fratture durante impatti o cadute.","Representa la condición física general, la flexibilidad y la potencia explosiva. Esta habilidad gobierna la gestión del esfuerzo prolongado, la agilidad en entornos acuáticos, la velocidad de movimiento vertical y aumenta la reserva total de resistencia del sujeto. Un entrenamiento atletico riguroso también fortalece la densidad ósea, limitando el riesgo de fracturas durante impactos o caídas.","Représente la condition physique générale, la souplesse et la puissance explosive du sujet. Cette compétence conditionne la gestion de l'effort prolongé, l'aisance dans les milieux aquatiques, la rapidité de mouvement verticale et augmente la réserve globale d'endurance du sujet. Un entraînement athlétique rigoureux renforce également la densité osseuse, limitant les risques de fractures lors d'impacts ou de chutes.",代表整體的身體狀況、靈活性與爆發力。此技能主導長時間負荷管理、水域環境的適應力、垂直移動速度，並增加受試者的整體耐力值。嚴格的體能訓練還能強化骨密度，限制撞擊或墜落時的骨折風險。,総合的な身体コンディション、柔軟性、および瞬発力を表す。このスキルは長時間の負荷管理、水中環境での適応力、垂直移動速度を司り、対象の全体的なスタミナプールを増加させる。厳格なトレーニングは骨密度を強化し、衝撃や転落時の骨折リスクを限定させる。,"Representa a condição física geral, flexibilidade e potência explosiva. Esta habilidade governa a gestão do esforço prolongado, a agilidade em ambientes aquáticos, a velocidade de movimento vertical e aumenta a reserva total de resistência do sujeito. O treinamento atlético rigoroso também fortalece a densidade ósea, limitando o risco de fraturas durante impactos ou quedas.",代表整体的身体状况、灵活性与爆发力。此技能主导长时间负荷管理、水域环境的适应力、垂直移动速度，并增加受试者的整体耐力值。严格的体能训练还能强化骨密度，限制撞击或坠落时的骨折风险。,
STR_TERJESKILL_ATHLETIC_MOD0maxstaminamod,Stamina max bonus:,Stamina max bonus:,Bonus k maximální výdrži:,Bonus für maximale Ausdauer:,Бонус к максимальной выносливости:,Bonus do maksymalnej kondycji:,Maximális állóképesség bónusz:,Bonus stamina massima:,Bonificación de resistencia máxima:,Bonus d'endurance maximale:,耐力最大獎勵：,最大スタミナボーナス：,Bônus de resistência máxima:,耐力最大奖励：,
STR_TERJESKILL_ATHLETIC_MOD0quickf,Sprinting stamina consumption:,Sprinting stamina consumption:,Spotřeba výdrže při sprintu:,Ausdauerverbrauch beim Sprinten:,Потребление выносливости при спринте:,Zużycie kondycji podczas sprintu:,Sprinting állóképesség-fogyasztása:,Consumo di stamina durante lo sprint:,Consumo de resistencia al esprintar:,Consommation d'endurance en sprint :,衝刺時的耐力消耗：,スプリント時のスタミナ消費：,Consumo de resistência ao correr:,冲刺时的耐力消耗：,
STR_TERJESKILL_ATHLETIC_MOD0swimmer,Crawl efficiency:,Crawl efficiency:,Efektivita plavání:,Schwimmeffizienz:,Эффективность кроля:,Wydajność pływania:,Úszás hatékonysága:,Efficienza del crawl:,Eficiencia de nado:,Efficacité du crawl :,爬泳效率：,クロールの効率：,Eficiência de nado:,爬泳效率：,
STR_TERJESKILL_ATHLETIC_MOD0ladder,Ladder sprinting efficiency:,Ladder sprinting efficiency:,Efektivita sprintu na žebříku:,Effizienz beim Sprinten auf Leitern:,Эффективность спринта по лестницам:,Wydajność sprintu na drabinie:,Létrán való sprintelés hatékonysága:,Efficienza dello sprint su scala:,Eficiencia de esprint en escaleras:,Efficacité du sprint sur échelle :,梯子衝刺效率：,梯子スプリントの効率：,Eficiência de subida em escadas:,梯子冲刺效率：,
STR_TERJESKILL_ATHLETIC_MOD0strbones,Fracture risk:,Fracture risk:,Riziko fraktur:,Frakturrisiko:,Риск возникновения переломов:,Ryzyko fraktury:,Fraktúra kockázata:,Rischio di fratura:,Riesgo de fractura:,Risque de fracture :,骨折風險：,骨折リスク：,Risco de fratura:,骨折风险：,
STR_TERJESKILL_STRENGTH_NAME,STRENGTH,STRENGTH,SÍLA,STÄRKE,СИЛА,SIŁA,ERŐ,FORZA,FUERZA,FORCE,力量,筋力,FORÇA,力量,
STR_TERJESKILL_STRENGTH_DESC,"Measures raw physical power and muscular constitution. This skill governs carrying capacity, stamina economy during blocks, and the impact of melee assaults. A high strength level allows for breaking through enemy guards while maintaining optimal combat endurance.","Measures raw physical power and muscular constitution. This skill governs carrying capacity, stamina economy during blocks, and the impact of melee assaults. A high strength level allows for breaking through enemy guards while maintaining optimal combat endurance.","Měří hrubou fyzickou sílu a svalovou konstituci. Tato dovednost určuje nosnost, ekonomiku výdrže při blokování a impakt kontaktních útoků. Vysoká úroveň síly umožňuje prorazit nepřátelskou záštitu při zachování optimální bojové endurance.","Misst die rohe physische Kraft und muskuläre Konstitution. Diese Fertigkeit bestimmt die Tragkapazität, die Ausdauerökonomie beim Blocken und die Wirkung von Nahkampfangriffen. Eine hohe Stärkestufe ermöglicht das Durchbrechen der gegnerischen Deckung bei gleichzeitig optimaler Kampfendurance.","Мера чистой физической мощи и мышечной конституции. Данный навык определяет грузоподъемность, экономию выносливости при блокировании и импакт при ближнем бое. Высокий уровень силы позволяет пробивать защиту противника, сохраняя при этом оптимальную боевую выносливость.","Mierzy surową moc fizyczną i konstytucję mięśniową. Umiejętność ta determinuje udźwig, ekonomię kondycji podczas blokowania oraz impakt ataków wręcz. Wysoki poziom siły pozwala na przełamywanie gardy przeciwnika przy jednoczesnym zachowaniu optymalnej wytrzymałości bojowej.","A nyers fizikai erőt és az izomzat felépítését méri. Ez a készség határozza meg a teherbírást, a blokkolás során tanúsított állóképesség-ökonómiát és a közelharci támadások impaktját. A magas szintű erő umožňuje az ellenfél hárításának áttörését az optimális harci endurance megőrzése mellett.","Misura la potenza fisica grezza e la costituzione muscolare. Questa abilità governa la capacità di carico, l'economia della stamina durante i blocchi e l'impatto degli assalti in mischia. Un alto livello di forza permette di spezzare la guardia nemica mantenendo un'endurance di combattimento ottimale.","Mide la potencia física bruta y la constitución muscular. Esta habilidad gobierna la capacidad de carga, la economía de resistencia durante los bloqueos y el impacto de los asaltos cuerpo a cuerpo. Un alto nivel de fuerza permite romper la guardia enemiga manteniendo una resistencia de combate óptima.","Mesure la puissance physique brute et la constitution musculaire du sujet. Cette compétence régit la charge maximale transportable, l'économie d'effort lors des blocages et l'impact des assauts au corps à corps. Un haut niveau de force permet de briser les gardes adverses tout en maintenant une endurance optimale en combat.",衡量原始物理力量與肌肉組成。此技能主導負重能力、格擋時的耐力經濟性，以及近戰攻擊的衝擊力。高力量等級可在保持最佳戰鬥續航力的同時，突破敵人的防禦。,純粋な物理的パワーと筋肉組織を測定する。このスキルは可搬重量、ガード時のスタミナ経済性、および近接攻撃の衝撃力を司る。高い筋力レベルは、最適な戦闘スタミナを維持しつつ敵のガードを崩すことを可能にする。,"Mede a potência fisica bruta e a constituição muscular. Esta habilidade governa a capacidade de carga, a economia de resistência durante bloqueios e o impacto de assaltos corpo a corpo. Um alto nível de força permite romper la guardia enemiga manteniendo una resistência de combate ideal.",衡量原始物理力量与肌肉组成。此技能主导负重能力、格挡时的耐力经济性，以及近战攻击的冲击力。高力量等级可在保持最佳战斗续航力的同时，突破敌人的防御。,
STR_TERJESKILL_STRENGTH_MOD0maxweightmod,Carrying capacity:,Carrying capacity:,Kapacita nosnosti:,Tragkapazität:,Грузоподъемность:,Udźwig:,Teherbíró képesség:,Capacità di carico:,Capacidad de carga:,Capacité de port de charge :,負重能力：,可搬重量：,Capacidade de carga:,负重能力：,
STR_TERJESKILL_STRENGTH_MOD0mrdefence,Stamina consumption for parrying:,Stamina consumption for parrying:,Spotřeba výdrže při parírování:,Ausdauerverbrauch beim Parieren:,Потребление выносливости при парировании:,Zużycie kondycji podczas parowania:,Állóképesség-fogyasztás parírozáskor:,Consumo di stamina per parare:,Consumo de resistencia al parar:,Consommation d'endurance pour parer :,招架時的耐力消耗：,パリィ時のスタミナ消費：,Consumo de resistência ao aparar:,招架时的耐力消耗：,
STR_TERJESKILL_STRENGTH_MOD0lattkforce,Fast attack damage:,Fast attack damage:,Poškození rychlým útokem:,Schaden durch schnelle Angriffe:,Урон от быстрых атак:,Obrażenia od szybkich ataków:,Gyors támadások sebzése:,Danni da attacco rapido:,Daño de ataque rápido:,Dégâts des attaques rapides :,快速攻擊傷害：,強攻撃のダメージ：,Dano de ataque rápido:,快速攻击伤害：,
STR_TERJESKILL_STRENGTH_MOD0hattkforce,Strong attack damage:,Strong attack damage:,Poškození silným útokem:,Schaden durch schwere Angriffe:,Урон от тяжелых атак:,Obrażenia od silnych ataków:,Erős támadások sebzése:,Danni da attacco pesante:,Daño de ataque fuerte:,Dégâts des attaques puissantes :,強力攻擊傷害：,速攻のダメージ：,Dano de ataque forte:,强力攻击伤害：,
STR_TERJESKILL_METABLSM_NAME,"METABOLISM","METABOLISM","METABOLISMUS","STOFFWECHSEL","МЕТАБОЛИЗМ","METABOLIZM","ANYAGCSERE","METABOLISMO","METABOLISMO","MÉTABOLISME","代謝","代謝","METABOLISMO","代谢",
STR_TERJESKILL_METABLSM_DESC,"Increases the efficiency of nutrient and hydration extraction from consumed goods, as well as providing resistance to foodborne pathogens.","Increases the efficiency of nutrient and hydration extraction from consumed goods, as well as providing resistance to foodborne pathogens.","Zvyšuje účinnost extrakce živin a hydratace z konzumovaného zboží a poskytuje odolnost vůči potravinovým patogenům.","Erhöht die Effizienz der Nährstoff- und Hydratationsextraktion aus konsumierten Gütern und bietet Resistenz gegen lebensmittelbedingte Krankheitserreger.","Повышает эффективность извлечения питательных веществ и гидратации из потребляемых продуктов, а также обеспечивает устойчивость к пищевым патогенам.","Zwiększa efektywność pozyskiwania składników odżywczych i nawodnienia z konsumowanych produktów oraz zapewnia odporność na patogeny przenoszone przez żywność.","Növeli a tápanyag- és hidratáció-kinyerés hatékonyságát az elfogyasztott élelmiszerekből, valamint ellenállást biztosít az élelmiszer eredetű kórokozókkal szemben.","Aumenta l'efficienza dell'estrazione di nutrienti e idratazione dai beni consumati e fornisce resistenza ai patogeni di origine alimentare.","Aumenta la eficiencia de la extracción de nutrientes e hidratación de los bienes consumidos y proporciona resistencia a los patógenos de origen alimentario.","Augmente l'efficacité de l'extraction des nutriments et de l'hydratation des produits consommés et offre une résistance aux agents pathogènes d'origine alimentaire.","提高從消耗品中提取營養與水分的效率，並提供對食源性病原體的抵抗力。","消費された物品からの栄養素と水分の抽出効率を高め、食品由来の病原体に対する抵抗力を提供します。","Aumenta a eficiência da extração de nutrientes e hidratação dos bens consumidos e fornece resistência a patógenos de origem alimentar.","提高从消耗品中提取营养与水分的效率，并提供对食源性病原体的抵抗力。",
STR_TERJESKILL_METABLSM_MOD0energconsmod,Metabolic rate:,Metabolic rate:,Metabolický poměr:,Stoffwechselrate:,Скорость метаболизма:,Tempo metabolizmu:,Anyagcsere-sebesség:,Tasso metabolico:,Ritmo metabólico:,Taux métabolique :,代谢率：,代謝率：,Taxa metabólica:,代謝率：,
STR_PLAYZ_PERK_MET_INCREASED_CALORIE_NAME,Caloric Efficiency,Caloric Efficiency,Kalorická účinnost,Kalorieneffizienz,Калорийная эффективность,Efektywność kaloryczna,Kalória-hatékonyság,Efficienza calorica,Eficiencia calórica,Efficacité calorique,熱量效率,カロリー効率,Eficiência calórica,热量效率,
STR_PLAYZ_PERK_MET_INCREASED_CALORIE_DESC,Genetic metabolic optimization that progressively increases the nutritional energy extracted from all consumed food at maximum rank.,Genetic metabolic optimization that progressively increases the nutritional energy extracted from all consumed food at maximum rank.,"Genetická metabolická optimalizace, která tělu umožňuje extrahovat více nutriční energie ze všech zkonzumovaných potravin.","Genetische Stoffwechseloptimierung, die es dem Körper ermöglicht, mehr Nährstoffenergie aus allen konsumierten Lebensmitteln zu gewinnen.","Генетическая метаболическая оптимизация, позволяющая организму извлекать больше питательной энергии из всех потребляемых продуктов.","Genetyczna optymalizacja metaboliczna, która pozwala organizmowi na pozyskiwanie więcej energii odżywczej ze wszystkich spożywanych pokarmów.","Genetikai metabolikus optimalizálás, amely lehetővé teszi a szervezet számára, hogy több tápanyag-energiát nyerjen ki minden elfogyasztott élelmiszerből.",Ottimizzazione metabolica genetica che permette al corpo di estrarre più energia nutrizionale da tutti gli alimenti consumati.,Optimización metabólica genética que permite al cuerpo extraer más energía nutricional de todos los alimentos consumidos.,Optimisation métabolique génétique permettant au corps d'extraire de l'énergie nutritionnelle supplémentaire de tous les aliments consommés.,基因代謝優化，容許身體從所有攝取的食物中額外提取營養能量。,すべての摂取食物から多くの栄養エネルギーを抽出することを可能にする、遺伝的な代謝最適化。,Otimização metabólica genética que permite ao corpo extrair mais energia nutricional de todos os alimentos consumidos.,基因代谢优化，允许身体从所有摄入的食物中额外提取营养能量。,
STR_PLAYZ_PERK_MET_INCREASED_HYDRATION_NAME,Aqueous Absorption,Aqueous Absorption,Absorpce vody,Wasseraufnahme,Водное поглощение,Wchłanianie wody,Vizes felszívódás,Assorbimento acquoso,Absorción acuosa,Absorption aqueuse,水分吸收,水分吸収,Absorção aquosa,水分吸收,
STR_PLAYZ_PERK_MET_INCREASED_HYDRATION_DESC,Enhanced cellular osmosis that progressively increases the hydration yield from all liquids and water-rich foods at maximum rank.,Enhanced cellular osmosis that progressively increases the hydration yield from all liquids and water-rich foods at maximum rank.,"Zvýšená buněčná osmóza, která zvyšuje výtěžnost hydratace ze všech tekutin a potravin bohatých na vodu.","Verbesserte zelluläre Osmose, die die Hydratationsausbeute aus allen Flüssigkeiten und wasserreichen Lebensmitteln erhöht.","Улучшенный клеточный осмос, повышающий выход гидратации из всех жидкостей и богатых водой продуктов.","Zwiększona osmoza komórkowa, która zwiększa wydajność nawadniania ze wszystkich płynów i pokarmów bogatych w wodę.","Fokozott sejtes ozmózis, amely növeli a hidratációs hozamot minden folyadékból és vízben gazdag ételből.",Osmosi cellulare potenziata che aumenta la resa di idratazione di tutti i liquidi e dei cibi ricchi d'acqua.,Ósmosis celular mejorada que aumenta el rendimiento de hidratación de todos los líquidos y alimentos ricos en agua.,Osmose cellulaire améliorée augmentant le rendement en hydratation de tous les liquides et aliments riches en eau.,增強的細胞滲透作用，將所有液體與富含水分的食物的水分攝取率提高。,すべての液体および水分豊富な食物からの水分補給効率を向上させる、強化された細胞浸透。,Osmose celular aprimorada que aumenta o rendimento da hidratação de todos os líquidos e alimentos ricos em água.,增强的细胞渗透作用，将所有液体与富含水分的食物的水分摄入率提高。,
STR_PLAYZ_PERK_MET_WILD_MEAT_LOVER_NAME,Apex Digestion,Apex Digestion,Vrcholové trávení,Apex-Verdauung,Апекс-пищеварение,Trawienie drapieżnika,Apex emésztés,Digestione Apex,Digestión de depredador,Digestion Apex,頂級消化,頂点消化,Digestão Apex,顶级消化,
STR_PLAYZ_PERK_MET_WILD_MEAT_LOVER_DESC,Enzymes that help against Salmonella and Lyssavirus. Cooking meat thoroughly is still the safest approach.,Enzymes that help against Salmonella and Lyssavirus. Cooking meat thoroughly is still the safest approach.,Enzymy pomáhající proti Salmonelle a Lyssaviru. Nejbezpečnější zůstává maso řádně tepelně upravit.,Enzyme helfen gegen Salmonellen und Lyssavirus. Am sichersten bleibt voll durchgebratenes Fleisch.,Ферменты снижают риск сальмонеллы и лиссавируса; надёжнее всего — тщательно приготовленное мясо.,Enzymy wspierają zwalczanie Salmonelli i Lyssavirus. Nadal najbezpieczniejsze jest dokładnie ugotowane mięso.,Enzimek a Salmonella és Lyssavirus ellen. A legbiztosabb a jól átsült hús.,Enzimi che aiutano contro Salmonella e Lyssavirus. La carne ben cotta resta la scelta più sicura.,Enzimas frente a Salmonella y Lyssavirus. Lo más seguro sigue siendo la carne bien cocida.,Enzymes utiles contre la salmonelle et le lyssavirus. La viande bien cuite reste l’option la plus sûre.,有助對抗沙門氏菌與狂犬病毒；徹底煮熟肉類仍是最穩妥的做法。,サルモネラとリッサウイルス（狂犬病）に対する助け。最も安全なのは肉を十分に加熱すること。,Enzimas contra Salmonella e Lyssavirus. Carne bem cozida continua sendo o mais seguro.,有助于对抗沙门氏菌与狂犬病毒；彻底煮熟肉类仍是最稳妥的做法。,
STR_PLAYZ_PERK_MET_RESIST_WATER_NAME,Thirst Resistance,Thirst Resistance,Odolnost vůči žízni,Wasserbeständigkeit,Стойкость к жажде,Odporność na pragnienie,Szomjúság ellenállás,Resistenza alla sete,Resistencia a la sed,Résistance à la soif,抗渴,渇きへの抵抗,Resistência à sede,抗渴,
STR_PLAYZ_PERK_MET_RESIST_WATER_DESC,Dehydration conditioning that reduces health loss when water is low. Each rank slows the starvation damage taken from thirst.,Dehydration conditioning that reduces health loss when water is low. Each rank slows the starvation damage taken from thirst.,Kondice proti dehydrataci snižuje ztrátu zdraví při nízké hladině vody. Každá úroveň zpomaluje poškození zdraví žízní.,Dehydratationskonditionierung reduziert Gesundheitsverlust bei niedrigem Wasserstand. Jede Stufe verlangsamt den Durst-Gesundheitsschaden.,Подготовка к обезвоживанию снижает потерю здоровья при низком уровне воды. Каждый ранг замедляет урон здоровью от жажды.,Kondycjonowanie odwodnienia zmniejsza utratę zdrowia przy niskim poziomie wody. Każdy poziom spowalnia obrażenia od pragnienia.,Dehidratációs kondicionálás csökkenti az életerő-vesztést alacsony vízszinten. Minden fokozat lassítja a szomjúság okozta sebzést.,Condizionamento alla disidratazione che riduce la perdita di salute con acqua bassa. Ogni grado rallenta i danni da sete.,Acondicionamiento contra deshidratación que reduce la pérdida de salud con poca agua. Cada rango ralentiza el daño por sed.,Conditionnement à la déshydratation réduisant la perte de santé quand l'eau est basse. Chaque rang ralentit les dégâts de soif.,脫水適應訓練可在水分偏低時減少生命值損失。每升一級都減緩口渴造成的生命傷害。,脱水への適応で水分が低い時の体力減少を抑える。各ランクで渇きによる体力ダメージが遅くなる。,Condicionamento à desidratação que reduz perda de saúde com água baixa. Cada nível desacelera dano de sede.,脱水适应训练可在水分偏低时减少生命值损失。每升一级都减缓口渴造成的生命伤害。,
STR_PLAYZ_PERK_MET_RESIST_HUNGER_NAME,Hunger Resistance,Hunger Resistance,Odolnost vůči hladu,Hungerresistenz,Стойкость к голоду,Odporność na głód,Éhség ellenállás,Resistenza alla fame,Resistencia al hambre,Résistance à la faim,抗餓,飢餓への抵抗,Resistência à fome,抗饿,
STR_PLAYZ_PERK_MET_RESIST_HUNGER_DESC,Fasting adaptation that reduces health loss when food is low. Each rank slows the starvation damage taken from hunger.,Fasting adaptation that reduces health loss when food is low. Each rank slows the starvation damage taken from hunger.,Adaptace na hladovění snižuje ztrátu zdraví při nízké sytosti. Každá úroveň zpomaluje poškození zdraví hladem.,Fastenanpassung reduziert Gesundheitsverlust bei niedriger Sättigung. Jede Stufe verlangsamt den Hunger-Gesundheitsschaden.,Адаптация к голоданию снижает потерю здоровья при низкой сытости. Каждый ранг замедляет урон здоровью от голода.,Adaptacja do postu zmniejsza utratę zdrowia przy niskim poziomie sytości. Każdy poziom spowalnia obrażenia od głodu.,Böjti adaptáció csökkenti az életerő-vesztést alacsony telítettségnél. Minden fokozat lassítja az éhség okozta sebzést.,Adattamento al digiuno che riduce la perdita di salute con cibo scarso. Ogni grado rallenta i danni da fame.,Adaptación al ayuno que reduce la pérdida de salud con poca comida. Cada rango ralentiza el daño por hambre.,Adaptation au jeûne réduisant la perte de santé quand la satiété est basse. Chaque rang ralentit les dégâts de faim.,斷食適應可在飽食度偏低時減少生命值損失。每升一級都減緩飢餓造成的生命傷害。,断食適応で満腹度が低い時の体力減少を抑える。各ランクで飢餓による体力ダメージが遅くなる。,Adaptação ao jejum que reduz perda de saúde com pouca comida. Cada nível desacelera dano de fome.,断食适应可在饱食度偏低时减少生命值损失。每升一级都减缓饥饿造成的生命伤害。,
STR_TERJESKILL_STEALCH_NAME,STEALTH,STEALTH,PLÍŽENÍ,HEIMLICHKEIT,СКРЫТНОСТЬ,SKRADANIE SIĘ,REJTŐZKÖDÉS,FURTIVITÀ,SIGILO,FURTIVITÉ,潛行,隠密,FURTIVIDADE,潜行,
STR_TERJESKILL_STEALCH_DESC,"Determines the subject's ability to blend into their environment and remain unnoticed. This skill improves low-light visual acuity and allows for a silent approach that minimizes step, vocal, and firearm manipulation noise, as well as aggressive reactions of wildlife. High stealth mastery reduces detection distance and facilitates survival in predator territory.","Determines the subject's ability to blend into their environment and remain unnoticed. This skill improves low-light visual acuity and allows for a silent approach that minimizes step, vocal, and firearm manipulation noise, as well as aggressive reactions of wildlife. High stealth mastery reduces detection distance and facilitates survival in predator territory.","Určuje schopnost subjektu splynout s prostředím a zůstat nepozorován. Tato dovednost zlepšuje vizuální akuitu při slabém osvětlení a umožňuje tichý přístup, který minimalizuje hluk kroků, hlasu a manipulace se zbraněmi, stejně jako agresivní reakce divoké zvěře. Vysoké mistrovství v plížení snižuje detekční vzdálenost a usnadňuje přežití v teritoriu predátorů.","Bestimmt die Fähigkeit des Subjekts, mit der Umgebung zu verschmelzen und unbemerkt zu bleiben. Diese Fertigkeit verbessert die visuelle Akuität bei schlechten Lichtverhältnissen und ermöglicht eine lautlose Annäherung, die Schritt-, Stimm- und Schusswaffenhandhabungsgeräusche sowie aggressive Reaktionen der Fauna minimiert. Hohe Meisterschaft in Heimlichkeit reduziert die Entfernungsdetektion und erleichtert das Überleben in Raubtierterritorien.","Определяет способность субъекта сливаться с окружающей средой и оставаться незамеченным. Данный навык улучшает остроту зрения при слабом освещении и позволяет реализовать бесшумный подход, минимизирующий шум шагов, голоса и манипуляций с оружием, а также агрессивные реакции фауны. Высокое мастерство скрытности сокращает дистанцию обнаружения и облегчает выживание на территории хищников.","Określa zdolność obiektu do stapiania się z otoczeniem i pozostawania niezauważonym. Umiejętność ta poprawia akuitę wzrokową w słabym świetle i pozwala na ciche podejście, które minimalizuje hałas kroków, głosu i manipulacji bronią, a także agresywne reakcje dzikiej fauny. Wysokie mistrzostwo w skradaniu redukuje dystans detekcji i ułatwia przetrwanie na terytorium drapieżników.","Meghatározza az alany azon képességét, hogy beleolvadjon a környezetébe és észrevétlen maradjon. Ez a készség javítja az éjszakai vizuális akuitást, és lehetővé teszi a csendes megközelítést, amely minimalizálja a lépések, a hangok és a fegyverkezelés zaját, valamint a vadvilág agresszív reakcióit. A magas szintű rejtőzködés csökkenti az észlelési távolságot és segíti a túlélést a ragadozók területén.","Determina la capacità del soggetto di mimetizzarsi nell'ambiente e rimanere inosservato. Questa abilità migliora l'acuità visiva in condizioni di scarsa illuminazione e consente un approccio silenzioso che minimizza il rumore dei passi, della voce e della manipolazione delle armi, nonché le reazioni aggressive della fauna selvaggia. L'alta padronanza della furtività riduce la distanza di rilevamento e facilita la sopravvivenza in territorio di predatori.","Determina la capacidad del sujeto para mimetizarse con su entorno y pasar desapercibido. Esta habilidad mejora la agudeza visual en condiciones de poca luz y permite un enfoque silencioso que minimiza el ruido de pasos, voces y manipulación de armas, así como las reacciones agresivas de la fauna. Una alta maestría en sigilo reduce la distancia de detección y facilita la supervivencia en territorio de depredadores.","Détermine l'aptitude du sujet à se fondre dans son environnement et à passer inaperçu. Cette compétence améliore l'acuité visuelle en basse luminosité et permet une approche silencieuse qui minimise les bruits de pas, vocaux et de manipulation des armes, ainsi que les réactions agressives de la faune sauvage. Une maîtrise élevée en furtivité réduit la distance de détection et facilite la survie en teroitoire prédateur.",決定受試者融入環境而不被察覺的能力。此技能可提高低光環境下的視覺敏銳度，允許以無聲方式接近，從而將腳步聲、人聲與槍械操作噪音，以及野生動物的攻擊性反應降至最低。高超的潛行造詣能縮短被偵測距離，有助於在掠食者領地中生存。,環境に溶け込み、察知されない能力を決定する。このスキルは低照度下での視覚敏鋭度を向上ませ、足音、発声、銃器操作ノイズ、および野生動物の攻撃的反応を最小限に抑える静かな接近を可能にする。高い隠密習熟度は探知距離を短縮させ、捕食者の縄張りでの生存を容易にする。,"Determina a capacidade do sujeito de se mesclar ao ambiente e permanecer despercebido. Esta habilidade melhora a acuidade visual em condições de baixa luminosidade e permite uma aproximação silenciosa que minimiza os ruídos de passos, voz e manipulação de armas, assim como as reações agressivas da fauna. O alto domínio da furtividade reduz a distância de detecção e facilita a sobrevivência em território de predatori.",决定受试者融入环境而不被察觉的能力。此技能可提高低光环境下的视觉敏锐度，允许以无声方式接近，从而将脚步声、人声与枪械操作噪音，以及野生动物的攻击性反应降至最低。高超的潜行造诣能缩短被侦测距离，有助于在掠食者领地中生存。,
STR_TERJESKILL_STEALTH_MOD0qtstep,Steps noise:,Steps noise:,Hluk kroků:,Schrittgeräusche:,Шум шагов:,Hałas kroków:,Lépések zaja:,Rumore dei passi:,Ruido de pasos:,Bruit des pas:,腳步聲：,足音：,Ruído de passos:,脚步声：,
STR_TERJESKILL_STEALTH_MOD0coldbldd,Vocal noise:,Vocal noise:,Hlasový hluk:,Stimmgeräusche:,Вокальный шум:,Hałas głosowy:,Hangos zaj:,Rumore vocale:,Ruido vocal:,Bruit vocal:,人聲噪音：,発声ノイズ：,Ruído vocal:,人声噪音：,
STR_TERJESKILL_STEALTH_MOD0qshooter,Firearms manipulation noise:,Firearms manipulation noise:,Hluk při manipulaci se zbraněmi:,Schusswaffen-Handhabungsgeräusche:,Шум при манипуляциях с огнестрельным оружием:,Hałas manipulacji bronią palną:,Lőfegyver-kezelési zaj:,Rumore di manipolazione armi da fuoco:,Ruido de manipulación de armas de fuego:,Bruit de manipulation des armes à feu:,槍械操作噪音：,銃器の操作ノイズ：,Ruído de manipulação de armas de fogo:,枪械操作噪音：,
STR_TERJESKILL_STEALTH_MOD0catvis,Night vision acuity:,Night vision acuity:,Akuita nočního vidění:,Nachtsicht-Akuität:,Острота ночного зрения:,Akuita widzenia nocnego:,Éjszakai látás akuitása:,Acuità della visione notturna:,Agudeza de visión nocturna:,Acuité visuelle nocturne :,夜視敏銳度：,夜間視覺敏銳度：,Acuidade de visão noturna:,夜视敏锐度：,
STR_TERJESKILL_STEALTH_MOD0wolfinst,Wolf hostility threshold:,Wolf hostility threshold:,Práh hostility vlků:,Feindseligkeitsschwelle von Wölfen:,Порог враждебности волков:,Próg wrogości wilków:,Farkasok hosztilitási küszöbe:,Soglia di ostilità dei lupi:,Umbral de hostilidad de los lobos:,Seuil d'hostilité des loups :,狼群敵對閾值：,狼の敵対閾値：,Limiar de hostilidade de lobos:,狼群敌对阈值：,
STR_TERJESKILL_STEALTH_MOD0BearsFriend,Bear hostility threshold:,Bear hostility threshold:,Práh hostility medvědů:,Feindseligkeitsschwelle von Bären:,Порог враждебности медведей:,Próg wrogości niedźwiedzi:,Medvék hosztilitási küszöbe:,Soglia di ostilità degli orsi:,Umbral de hostilidad de los osos:,Seuil d'hostilité des ours :,熊類敵對閾值：,熊の敵対閾値：,Limiar de hostilidade de ursos:,熊类敌对阈值：,
STR_TERJESKILL_SURVIVAL_NAME,SURVIVAL,SURVIVAL,PŘEŽITÍ,ÜBERLEBEN,ВЫЖИВАНИЕ,SURVIVAL,TÚLÉLÉS,SOPRAVVIVENZA,SUPERVIVENCIA,SURVIE,野外求生,サバイバル,SOBREVIVÊNCIA,野外求生,
STR_TERJESKILL_SURVIVAL_DESC,"Represents knowledge of the terrain and the ability to subsist in hostile environments. This skill governs the efficiency of body thermoregulation against the elements and optimizes heating resource management. High survival mastery allows for reliable fire starting and prolonged combustion, and reduces damage taken from encounters with the Infected, ensuring safety and warmth during expeditions.","Represents knowledge of the terrain and the ability to subsist in hostile environments. This skill governs the efficiency of body thermoregulation against the elements and optimizes heating resource management. High survival mastery allows for reliable fire starting and prolonged combustion, and reduces damage taken from encounters with the Infected, ensuring safety and warmth during expeditions.","Představuje znalost terénu a schopnost subsistence v hostilním prostředí. Tato dovednost určuje efektivitu tělesné termoregulace proti živlům a optimalizuje správu topných zdrojů. Vysoké mistrovství v přežití umožňuje spolehlivé rozdělání ohně a prodlouženou spalovací dobu a snižuje poškození způsobené střety s nakaženými, což zajišťuje bezpečí a teplo během expedic.","Repräsentiert das Wissen über das Gelände und die Fähigkeit zur Subsistenz in feindseligen Umgebungen. Diese Fertigkeit steuert die Effizienz der körpereigenen Thermoregulation gegen die Elemente und optimiert das Management von Heizressourcen. Hohe Überlebensmeisterschaft ermöglicht zuverlässiges Feuermachen, eine verlängerte Combustion und reduziert den bei Begegnungen mit Infizierten erlittenen Schaden, was Sicherheit und Wärme während Expeditionen gewährleistet.","Отражает знание местности и способность к существованию в агрессивных средах. Данный навык управляет эффективностью терморегуляции тела против стихий и оптимизирует использование ресурсов для обогрева. Высокое мастерство выживания обеспечивает надежное разведение огня, длительное горение и снижает урон, получаемый при столкновениях с зараженными, гарантируя безопасность и тепло во время экспедиций.","Reprezentuje znajomość terenu i zdolność do subsystencji w hostylnym środowisku. Umiejętność ta zarządza efektywnością termoregulacji ciała przeciwko żywiołom i optymalizuje zarządzanie zasobami grzewczymi. Wysokie mistrzostwo survivalu pozwala na niezawodne rozniecanie ognia, przedłużoną combustię oraz redukuje obrażenia otrzymywane podczas spotkań z zainfekowanymi, zapewniając bezpieczeństwo i ciepło podczas ekspedycji.","A terepismeretet és a hosztilis környezetben való szubszisztencia képességét képviseli. Ez a készség szabályozza a test termoregulációjának hatékonyságát az elemekkel szemben, és optimalizálja a fűtőanyag-gazdálkodást. A magas szintű túlélési ismeret megbízható tűzgyújtást és elnyújtott égési időt (combustio) tesz lehetővé, valamint csökkenti a fertőzöttekkel való találkozások során elszenvedett sebzést, szavatolva a biztonságot és meleget az expedíciók során.","Rappresenta la conoscenza del terreno e la capacità di sussistenza in ambienti ostili. Questa abilità governa l'efficienza della termoregolazione corporea contro gli elementi e ottimizza la gestione delle risorse di calore. L'alta maestria nella sopravvivenza consente un'accensione affidabile del fuoco e una combustione prolungata, e riduce i danni subiti dagli scontri con gli Infetti, garantendo sicurezza e calore durante le spedizioni.","Representa el conocimiento del terreno y la capacidad de subsistir en entornos hostiles. Esta habilidad rige la eficiencia de la termorregulación corporal contra los elementos y optimiza la gestión de los recursos de calor. La maestría elevada en supervivencia permite encender fuego de manera fiable y una combustión prolongada, y reduce el daño recibido por encuentros con los infectados, asegurando seguridad y calor durante las expediciones.","Représente la connaissance du terrain et la capacité de subsistance dans des environnements hostiles. Cette compétence régit l'efficacité de la thermorégulation corporelle contre les éléments et optimise la gestion des ressources de chaleur. Une maîtrise élevée en survie permet l'allumage fiable d'un feu et une combustion prolongée, et réduit les dommages subis lors de rencontres avec les infectés, garantissant sécurité et chaleur lors des expéditions.",代表對地形的瞭解以及在敵對環境中的生存能力。此技能主導身體對抗嚴酷環境的體溫調節效率，並優化取暖資源的管理。高超的求生造詣能確保可靠的生火成功率並延長燃燒時間，並降低遭遇感染者時受到的傷害，保障遠征期間的安全與溫暖。,地形の知識と過酷な環境での自給自足能力を表す。このスキルは外敵に対する身体の体温調節効率を司り、熱資源の管理を最適化する。高いサバイバル習熟度は、確実な火起こしと長時間の燃焼を可能にし、感染者との遭遇によるダメージを軽減させ、遠征中の安全と暖かさを確保する。,"Representa o conhecimento do terreno e a capacidade de subsistência em ambientes hostis. Esta habilidade governa a eficiência da termoregulação corporal contra os elementos e otimiza a gestão dos recursos de aquecimento. O alto domínio da sobrevivência permite um acendimento de fogo confiável e uma comubstão prolongada, e reduz os danos recebidos em encontros com infectados, garantindo segurança e calor durante as expedições.",代表对地形的了解以及在敌对环境中的生存能力。此技能主导身体对抗严酷环境的体温调节效率，并优化取暖资源的管理。高超求生造诣能确保可靠的生火成功率并延长燃烧时间，并降低遭遇感染者时受到的伤害，保障远征期间的安全与温暖。,
STR_TERJESKILL_SURVIVAL_survzmbmod,Damage from Infected:,Damage from Infected:,Poškození od nakažených:,Schaden durch Infizierte:,Урон от зараженных:,Obrażenia od zainfekowanych:,Fertőzöttektől kapott sebzés:,Danni dagli Infetti:,Daño de infectados:,Dégâts des infectés:,感染者傷害：,感染者からのダメージ：,Dano de infectados:,感染者伤害：,
STR_TERJESKILL_SURVIVAL_startfire,Fire-starting efficiency:,Fire-starting efficiency:,Efektivita rozdělávání ohně:,Effizienz beim Feuermachen:,Эффективность разведения огня:,Efektywność rozniecania ognia:,Tűzgyújtás hatékonysága:,Efficienza nell'accensione del fuoco:,Eficiencia en el encendido de fuego:,Efficacité de l'allumage du feu :,生火效率：,火起こしの効率：,Eficiência de acendimento de fogo:,生火效率：,
STR_TERJESKILL_SURVIVAL_startfire2,Fire-starting speed:,Fire-starting speed:,Rychlost rozdělávání ohně:,Geschwindigkeit beim Feuermachen:,Скорость разведения огня:,Szybkość rozniecania ognia:,Tűzgyújtás sebessége:,Velocità nell'accensione del fuoco:,Velocidad de encendido de fuego:,Vitesse de l'allumage du feu :,生火速度：,火起こしの速度：,Velocidade de acendimento de fogo:,生火速度：,
STR_TERJESKILL_SURVIVAL_coldres,Natural cold resistance:,Natural cold resistance:,Přirozená rezistence vůči chladu:,Natürliche Kälteresistenz:,Естественная резистентность к холоду:,Naturalna rezystancja na zimno:,Természetes hidegellenállás:,Resistenza naturale al freddo:,Resistencia natural al frío:,Résistance naturelle au froid :,自然抗寒力：,自然耐寒性：,Resistência natural ao frio:,自然抗寒力：,
STR_TERJESKILL_SURVIVAL_maintngfire,Fireplace burn duration:,Fireplace burn duration:,Doba spalování v ohništi:,Brenndauer der Feuerstelle:,Длительность горения очага:,Czas spalania v palenisku:,Tűzrakóhely égési idotartama:,Durata della combustione del focolare:,Durata della combustione dell'hogar:,Durée de combustion du foyer :,營火燃燒持續時間：,焚き火の燃焼持続時間：,Duração da combustão da fogueira:,营火燃烧持续时间：,
STR_PLAYZ_GLOBAL_PTS_LABEL,pt(s),pt(s),b.,Pkt.,очк.,pkt.,pont,pt.,pto(s).,pt(s),點,pt,pt(s),点,
STR_PLAYZ_SKILL_REQUIREMENT,Requires %1 pt(s),Requires %1 pt(s),Vyžaduje %1 b.,Erfordert %1 Pkt.,Требуется %1 очк.,Wymaga %1 pkt.,%1 pont szükséges,Richiede %1 pt.,Requiere %1 pto(s).,Nécessite %1 pt(s),需要 %1 點,%1 ptが必要,Requer %1 pt(s),需要 %1 点,
STR_PLAYZ_POINTS_AVAILABLE,%1 pt(s),%1 pt(s),%1 b.,%1 Pkt.,%1 очк.,%1 pkt.,%1 pont,%1 pt.,%1 pto(s).,%1 pt(s),%1 點,%1 pt,%1 pt(s),%1 点,
STR_PLAYZ_PERK_IMMUNITY_PAIN_SUPPRESSION_NAME,Pain Suppression,Pain Suppression,Potlačení bolesti,Schmerzunterdrückung,Подавление боли,Tłumienie bólu,Fájdalomcsillapítás,Soppressione del dolore,Supresión del dolor,Suppression de la douleur,疼痛抑制,痛みの抑制,Supressão da dor,疼痛抑制,
STR_PLAYZ_PERK_IMMUNITY_PAIN_SUPPRESSION_DESC,Advanced neural pathway training that allows the subject to mentally suppress trauma signals. Reduces the severity of physical pain symptoms by one level.,Advanced neural pathway training that allows the subject to mentally suppress trauma signals. Reduces the severity of physical pain symptoms by one level.,"Pokročilý trénink nervových drah, který umožňuje subjektu mentálně potlačit signály traumatu. Snižuje závažnost fyzických symptomů bolesti o jednu úroveň.","Fortgeschrittenes Training der Nervenbahnen, das es dem Subjekt ermöglicht, Traumasignale mental zu unterdrücken. Reduziert den Schweregrad körperlicher Schmerzsymptome um eine Stufe.","Продвинутая тренировка нервных путей, позволяющая субъекту мысленно подавлять сигналы травмы. Снижает интенсивность физических болевых симптомов на один уровень.","Zaawansowany trening dróg nerwowych, pozwalający podmiotowi na mentalne tłumienie sygnałów traumy. Zmniejsza nasilenie fizycznych objawów bólu o jeden poziom.","Fejlett idegpálya-edzés, amely lehetővé teszi az alany számára a traumasignálok mentális elnyomását. Egy szinttel csökkenti a fizikai fájdalom tüneteinek súlyosságát.",Addestramento avanzato delle vie neurali che permette al soggetto di sopprimere mentalmente i segnali di trauma. Riduce la gravità dei sintomi del dolore fisico di un livello.,Entrenamiento avanzado de las vías neuronales que permite al sujeto suprimir mentalmente las señales de trauma. Reduce la severidad de los síntomas de dolor físico en un nivel.,Entraînement avancé des voies neurales permettant au sujet de supprimer mentalement les signaux de traumatisme. Réduit la gravité des symptômes de douleur physique d'un niveau.,高級神經通路訓練，容許受試者在心理上抑制創傷信號。將身體疼痛症狀的嚴重程度降低一級。,外傷信号を精神的に抑制することを可能にする高度な神経経路トレーニング。物理的な痛み症状の重症度を1レベル下げます。,Treinamento avançado de vias neurais que permite ao sujeito suprimir mentalmente sinais de trauma. Reduz a gravidade dos sintomas de dor física em um nível.,高级神经通路训练，允许受试者在心理上抑制创伤信号。将身体疼痛症状的严重程度降低一级。,
STR_PLAYZ_PERK_IMMUNITY_QUICKHEALING_NAME,Cellular Repair,Cellular Repair,Buněčná oprava,Zellreparatur,Клеточное восстановление,Naprawa komórkowa,Sejtregeneráció,Riparazione cellulare,Reparación celular,Réparation cellulaire,細胞修復,細胞修復,Reparação celular,细胞修复,
STR_PLAYZ_PERK_IMMUNITY_QUICKHEALING_DESC,Optimized metabolic pathways that accelerate the natural regeneration of damaged tissue. Progressively increases passive health recovery speed while the body is not fighting active infections or major traumatic injury.,Optimized metabolic pathways that accelerate the natural regeneration of damaged tissue. Progressively increases passive health recovery speed while the body is not fighting active infections or major traumatic injury.,"Optimalizované metabolické dráhy, které urychlují přirozenou regeneraci poškozené tkáně. Zvyšuje rychlost pasivní regenerace zdraví, pokud tělo efektivně nebojuje s aktivními infekcemi nebo vážným traumatickým zraněním.","Optimierte Stoffwechselwege, die die natürliche Regeneration von geschädigtem Gewebe beschleunigen. Erhöht die passive Geschwindigkeit der Gesundheitsregeneration, solange der Körper nicht aktiv gegen Infektionen oder schwere traumatische Verletzungen kämpft.","Оптимизированные метаболические пути, ускоряющие естественную регенерацию поврежденных тканей. Увеличивает скорость пассивного восстановления здоровья, пока организм не борется активно с инфекциями или серьезными травмами.","Zoptymalizowane szlaki metaboliczne przyspieszające naturalną regenerację uszkodzonych tkanek. Zwiększa pasywną prędkość odzyskiwania zdrowia, gdy organizm nie walczy aktywnie z infekcjami lub poważnymi urazami.","Optimalizált metabolikus utak, amelyek felgyorsítják a sérült szövetek természetes regenerációját. Növeli a passzív egészségügyi felépülés sebességét, amíg a szervezet nem küzd aktívan fertőzésekkel vagy súlyos traumás sérülésekkel.",Vie metaboliche ottimizzate che accelerano la rigenerazione naturale dei tessuti danneggiati. Aumenta la velocità di recupero passivo della salute finché il corpo non sta combattendo attivamente infezioni o gravi lesioni traumatiche.,Vías metabólicas optimizadas que aceleran la regeneración natural del tejido dañado. Aumenta la velocidad de recuperación de salud pasiva mientras el cuerpo no esté luchando eficazmente contra infecciones activas o lesiones traumáticas graves.,Voies métaboliques optimisées qui accélèrent la régénération naturelle des tissus endommagés. Augmente la vitesse de récupération passive de la santé tant que le corps ne lutte pas activement contre des infections ou des lésions traumatiques majeures.,優化的代謝途徑，可加速受損組織的自然再生。在身體未有效對抗主動感染或重大創傷時，提高被動生命值恢復速度。,損傷した組織の自然再生を加速させる最適化された代謝経路。体が活動的な感染症や重大な外傷と戦っていない間、受動的な体力回復速度を向上させます。,Vias metabólicas otimizadas que aceleram a regeneração natural dos tecidos danificados. Aumenta a velocidade de recuperação passiva da saúde enquanto o corpo não está combatendo efetivamente infecções ativas ou lesões traumáticas graves.,优化的代谢途径，可加速受损组织的自然再生。在身体未有效对抗主动感染或重大创伤时，提高被动生命值回复速度。,
STR_PLAYZ_PERK_IMMUNITY_RABIES_RESIST_NAME,Rabies Immunity,Rabies Immunity,Imunita proti vzteklině,Tollwut-Immunität,Иммунитет к бешенству,Odporność na wściekliznę,Veszettség elleni immunitás,Immunità alla rabbia,Inmunidad a la rabia,Immunité contre la rage,狂犬病免疫,狂犬病免疫,Imunidade contra a raiva,狂犬病免疫,
STR_PLAYZ_PERK_IMMUNITY_RABIES_RESIST_DESC,"Advanced immunological hardening that progressively reduces the risk of contracting the rabies virus (Lyssavirus), reaching full immunity at maximum rank.","Advanced immunological hardening that progressively reduces the risk of contracting the rabies virus (Lyssavirus), reaching full immunity at maximum rank.",Pokročilé imunologické posílení poskytující úplnou ochranu proti viru vztekliny (Lyssavirus).,"Fortgeschrittene immunologische Härtung, die vollständigen Schutz gegen das Tollwutvirus (Lyssavirus) bietet.","Продвинутое иммунологическое укрепление, обеспечивающее полную защиту от вируса бешенства (Lyssavirus).",Zaawansowane wzmocnienie immunologiczne zapewniające całkowitą ochronę przed wirusem wścieklizny (Lyssavirus).,"Fejlett immunológiai megerősítés, amely teljes védelmet nyújt a veszettség vírusa (Lyssavirus) ellen.",Rafforzamento immunologico avanzato che fornisce una protezione completa contro il virus della rabbia (Lyssavirus).,Endurecimiento inmunológico avanzado que proporciona protección completa contra el virus de la rabia (Lyssavirus).,Renforcement immunologique avancé offrant une protection complète contre le virus de la rage (Lyssavirus).,高級免疫強化，提供對狂犬病毒（Lyssavirus）的完全保護。,狂犬病ウイルス（リッサウイルス）に対する完全な保護を提供する高度な免疫強化。,Fortalecimento imunológico avançado que proporciona proteção completa contra o vírus da raiva (Lyssavirus).,高级免疫强化，提供对狂犬病毒（Lyssavirus）的完全保护。,
STR_PLAYZ_PERK_IMMUNITY_RADIATION_RESIST_NAME,Radiation Resistance,Radiation Resistance,Radiační odolnost,Strahlungsbeständigkeit,Радиационная устойчивость,Odporność na promieniowanie,Sugárzási ellenállás,Resistenza alle radiazioni,Resistencia a la radiación,Résistance aux radiations,輻射耐抗性,耐放射線性,Resistência à radiação,抗辐射性,
STR_PLAYZ_PERK_IMMUNITY_RADIATION_RESIST_DESC,Cellular hardening that improves how much environmental radiation your body can shrug off beyond your gear. Each rank closes more of the gap between partial shielding and full protection.,Cellular hardening that improves how much environmental radiation your body can shrug off beyond your gear. Each rank closes more of the gap between partial shielding and full protection.,Buněčné posílení zlepšuje odolnost těla vůči okolnímu záření nad rámec výstroje. Každá úroveň více uzavírá mezeru mezi částečným a plným štítem.,Zelluläre Härtung verbessert die Fähigkeit des Körpers Umweltstrahlung über die Ausrüstung hinaus abzuwehren. Jede Stufe schließt mehr die Lücke zwischen Teilschutz und vollem Schutz.,Клеточное укрепление улучшает способность организма отражать окружающее излучение сверх экипировки. Каждый ранг сильнее сокращает разрыв между частичной и полной защитой.,Wzmocnienie komórkowe poprawia odporność ciała na promieniowanie otoczenia ponad ekwipunek. Każdy poziom bardziej zamyka lukę między częściową a pełną ochroną.,Sejtszintű megerősítés javítja a környezeti sugárzás elleni védelmet a felszerelésen túl. Minden fokozat jobban zárja be a részt és teljes védelem közötti rést.,Indurimento cellulare che migliora quanta radiazione ambientale il corpo respinge oltre l'equipaggiamento. Ogni grado chiude di più il divario tra schermatura parziale e protezione totale.,Endurecimiento celular que mejora cuánta radiación ambiental repele el cuerpo más allá del equipo. Cada rango cierra más la brecha entre blindaje parcial y protección total.,Renforcement cellulaire qui améliore la capacité du corps à repousser les radiations ambiantes au-delà de l'équipement. Chaque rang comble davantage l'écart entre protection partielle et protection totale.,細胞強化可提升身體在裝備之外抵禦環境輻射的能力。每升一級都更接近從部分屏蔽到完全防護。,装備を超えて環境放射線を跳ね返す体の能力を高める細胞強化。各ランクで部分遮蔽から完全防護へのギャップが狭まる。,Endurecimento celular que melhora quanta radiação ambiental o corpo repele além do equipamento. Cada nível fecha mais a lacuna entre blindagem parcial e proteção total.,细胞强化可提升身体在装备之外抵御环境辐射的能力。每升一级都更接近从部分屏蔽到完全防护。,
STR_PLAYZ_PERK_IMMUNITY_RADIATION_REGEN_NAME,Radiation Purge,Radiation Purge,Radiační regenerace,Strahlungsregeneration,Радиационная регенерация,Regeneracja radiacyjna,Sugárzás regenerálása,Rigenerazione delle radiazioni,Regeneración radiológica,Régénération des radiations,輻射再生,放射線再生,Regeneração de radiação,辐射再生,
STR_PLAYZ_PERK_IMMUNITY_RADIATION_REGEN_DESC,Accelerates the body's natural clearance of internal radiation sickness. Each rank speeds passive radiation decay while you are not under active contamination.,Accelerates the body's natural clearance of internal radiation sickness. Each rank speeds passive radiation decay while you are not under active contamination.,Urychluje přirozené odstraňování vnitřní radiace z těla. Každá úroveň zvyšuje pasivní úbytek radiace mimo aktivní kontaminaci.,Beschleunigt die natürliche Ausscheidung innerer Strahlenkrankheit. Jede Stufe erhöht den passiven Strahlungsabbau ohne aktive Kontamination.,Ускоряет естественный вывод внутреннего радиационного заболевания. Каждый ранг ускоряет пассивное снижение радиации вне активного заражения.,Przyspiesza naturalne usuwanie wewnętrznej choroby popromiennej. Każdy poziom zwiększa pasywny spadek promieniowania poza aktywną kontaminacją.,Felgyorsítja a belső sugárbetegség természetes kiürülését. Minden fokozat növeli a passzív sugárzás-csökkenést aktív szennyeződés nélkül.,Accelera l'eliminazione naturale della malattia da radiazioni interna. Ogni grado aumenta il decadimento passivo delle radiazioni senza contaminazione attiva.,Acelera la eliminación natural de la enfermedad por radiación interna. Cada rango aumenta la decadencia pasiva de radiación sin contaminación activa.,Accélère l'élimination naturelle de la maladie des radiations interne. Chaque rang accélère la décroissance passive des radiations hors contamination active.,加速身體自然清除體內輻射病。每升一級都加快被動輻射衰減（非主動污染狀態下）。,体内放射線病の自然排出を加速する。各ランクで能動的汚染下でない時の受動的放射線減衰が速くなる。,Acelera a eliminação natural da doença por radiação interna. Cada nível aumenta a decadência passiva de radiação fora de contaminação ativa.,加速身体自然清除体内辐射病。每升一级都加快被动辐射衰减（非主动污染状态下）。,
STR_PLAYZ_PERK_MED_PILL_RECOGNITION_NAME,Pill Recognition,Pill Recognition,Rozpoznávání pilulek,Pillenerkennung,Распознавание таблеток,Rozpoznawanie pigułek,Tabletta felismerés,Riconoscimento pillole,Reconocimiento de píldoras,Reconnaissance des pilules,藥丸辨識,錠剤の識別,Reconhecimento de pílulas,药丸辨识,
STR_PLAYZ_PERK_MED_PILL_RECOGNITION_DESC,Advanced identification of unlabeled oral medications based on tablet morphology and coating profile.,Advanced identification of unlabeled oral medications based on tablet morphology and coating profile.,Pokročilá identifikace neoznačených perorálních léků na základě morfologie tablet a profilu potahu.,Erweiterte Identifizierung unmarkierter oraler Medikamente basierend auf Tablettenmorphologie und Beschichtungsprofil.,Продвинутая идентификация немаркированных пероральных лекарств на основе морфологии и оболочки таблеток.,Zaawansowana identyfikacja nieoznakowanych leków doustnych na podstawie morfologii i powłoki tabletek.,Jelöletlen szájon át szedhető gyógyszerek fejlett azonosítása a tabletta morfológiája és bevonatprofilja alapján.,Identificazione avanzata di farmaci orali non etichettati basata sulla morfologia della compressa e sul profilo di rivestimento.,Identificación avanzada de medicamentos orali no etiquetados basada en la morfología de la tableta y el perfil de recubrimiento.,Identification avancée des médicaments oraux non étiquetés basée sur la morphologie des comprimés et le profil d'enrobage.,基於藥錠形態與塗層特徵，對無標籤口服藥物進行進階辨識。,錠剤の形態とコーティングプロファイルに基づいた、ラベルのない経口薬の高度な識別。,Identificação avançada de medicamentos orais não rotulados com base na morfologia do comprimido e no perfil de revestimento.,基于药锭形态与涂层特征，对无标签口服药物进行进阶辨识。,
STR_PLAYZ_PERK_MED_AMPOULE_RECOGNITION_NAME,Ampoule Recognition,Ampoule Recognition,Rozpoznávání ampulí,Ampullenerkennung,Распознавание ампул,Rozpoznawanie ampułek,Ampulla felismerés,Riconoscimento fiale,Reconocimiento de ampollas,Reconnaissance des ampoules,安瓿辨識,アンプルの識別,Reconhecimento de ampolas,安瓿辨识,
STR_PLAYZ_PERK_MED_AMPOULE_RECOGNITION_DESC,"Clinical identification of injectable ampoules through glass clarity, residue analysis, and neck color markings.","Clinical identification of injectable ampoules through glass clarity, residue analysis, and neck color markings.","Klinická identifikace injekčních ampulí prostřednictvím čirosti skla, analýzy reziduí a barevného označení hrdla.","Klinische Identifizierung von Injektionsampullen durch Glasklarheit, Rückstandsanalyse und Halsfarbmarkierungen.","Клиническая идентификация инъекционных ампул по прозрачности стекла, анализу осадка и цветовой маркировке горлышка.","Kliniczna identyfikacja ampułek do wstrzykiwań poprzez przejrzystość szkła, analizę osadów i kolorowe oznaczenia szyjki.","Injektálható ampullák klinikai azonosítása az üveg tisztasága, a maradékanyag-elemzés és a nyaki színjelzések alapján.","Identificazione clinica di fiale iniettabili attraverso la chiarezza del vetro, l'analisi dei residui e le marcature colorate del collo.","Identificación clínica de ampollas inyectables mediante la claridad del vidrio, el análisis de residuos y marcas de color en el cuello.","Identification clinique des ampoules injectables par la clarté du verre, l'analyse des résidus et les marquages de couleur du col.",透過玻璃清澈度、殘留物分析及頸部顏色標記，對注射安瓿進行臨床辨識。,ガラスの透明度、残留物分析、ネックカラーマーキングによる注射用アンプルの臨床的識別。,"Identificação clínica de ampolas injetáveis através da clareza do vidro, análise de resíduos e marcações coloridas no gargalo.",透过玻璃清澈度、残留物分析及颈部颜色标记，对注射安瓿进行临床辨识。,
STR_PLAYZ_PERK_MED_INJECTOR_RECOGNITION_NAME,Injector Recognition,Injector Recognition,Rozpoznávání injektorů,Injektorenerkennung,Распознавание инъекторов,Rozpoznawanie iniektorów,Injektor felismerés,Riconoscimento iniettori,Reconocimiento de inyectores,Reconnaissance des injecteurs,注射器辨識,インジェクターの識別,Reconhecimento de injetores,注射器辨识,
STR_PLAYZ_PERK_MED_INJECTOR_RECOGNITION_DESC,"Specialized recognition of pre-filled auto-injectors by physical chassis weight, mechanical design, and nozzle configuration.","Specialized recognition of pre-filled auto-injectors by physical chassis weight, mechanical design, and nozzle configuration.","Specializované rozpoznávání předplněných autoinjektorů podle hmotnosti šasi, mechanického designu a konfigurace trysky.","Spezialisierte Erkennung vorgefüllter Autoinjektoren anhand des Gehäusegewichts, des mechanischen Designs und der Düsenkonfiguration.","Специализированное распознавание предварительно заполненных автоинъекторов по весу корпуса, механической конструкции и конфигурации насадки.","Specjalistyczne rozpoznawanie napełnionych autoiniektorów na podstawie wagi obudowy, konstrukcji mechanicznej i konfiguracji dyszy.","Előretöltött autoinjektorok speciális felismerése a váz súlya, a mechanikai felépítés és a fúvóka konfigurációja alapján.","Riconoscimento specializzato di autoiniettori preriempiti in base al peso del telaio, al design meccanico e alla configurazione dell'ugello.","Reconocimiento especializado de autoinyectores precargados por peso del chasis, diseño mecánico y configuración de la boquilla.","Reconnaissance spécialisée des auto-injecteurs pré-remplis par le poids du châssis, la conception mécanique et la configuration de la buse.",根據底盤重量、機械設計及噴嘴配置，對預填式自動注射器進行專業辨識。,シャーシの重量、機械的設計、ノズル構成による充填済みオートインジェクターの専門的識別。,"Reconhecimento especializado de autoinjetores pré-preenchidos pelo peso do chassi, design mecânico e configuração do bico.",根据底盘重量、机械设计及喷嘴配置，对预填式自动注射器进行专业辨识。,
STR_PLAYZ_PERK_MED_CLEANLINESS_NAME,Cleanliness and Sterility,Cleanliness and Sterility,Čistota a sterilita,Reinheit und Sterilität,Чистота и стерильность,Czystość i sterylność,Tisztaság és sterilitás,Pulizia e sterilità,Pureza y esterilidad,Propreté et stérilité,清潔與無菌,清潔さと無菌性,Limpeza e esterilidade,清洁与无菌,
STR_PLAYZ_PERK_MED_CLEANLINESS_DESC,Rigorous aseptic technique that reduces the operator's chance of introducing sepsis when bandaging, performing surgery, or using a non-sterile syringe. Each rank lowers infection risk from dirty hands, gloves, or equipment.,Rigorous aseptic technique that reduces the operator's chance of introducing sepsis when bandaging, performing surgery, or using a non-sterile syringe. Each rank lowers infection risk from dirty hands, gloves, or equipment.,Přísná aseptická technika snižuje šanci operátora zavést sepsi při obvazování, operacích nebo použití ne sterilní stříkačky. Každá úroveň snižuje riziko infekce od špinavých rukou, rukavic nebo vybavení.,Strenge aseptische Technik verringert die Chance des Operateurs Sepsis bei Verbandanlagen, Operationen oder nicht sterilen Spritzen zu verursachen. Jede Stufe senkt das Infektionsrisiko durch schmutzige Hände, Handschuhe oder Ausrüstung.,Строгая асептическая техника снижает вероятность занесения сепсиса при перевязке, операциях или использовании нестерильного шприца. Каждый ранг уменьшает риск инфекции от грязных рук, перчаток или инструментов.,Rygorystyczna technika aseptyczna zmniejsza szansę operatora na wprowadzenie sepsy podczas bandażowania, operacji lub użycia niesterylnej strzykawki. Każdy poziom obniża ryzyko infekcji z brudnych rąk, rękawic lub sprzętu.,Szigorú aszeptikus technika csökkenti az operátor esélyét a szepszis bevitelekor kötözéskor, műtéteknél vagy nem steril fecskendő használatakor. Minden fokozat csökkenti a fertőzés kockázatát piszkos kezek, kesztyűk vagy felszerelés miatt.,Rigorosa tecnica asettica che riduce la probabilità dell'operatore di introdurre sepsi durante fasciature, interventi o uso di siringhe non sterili. Ogni grado riduce il rischio di infezione da mani sporche, guanti o attrezzatura.,Técnica aséptica rigurosa que reduce la probabilidad del operador de introducir sepsis al vendar, operar o usar una jeringa no estéril. Cada rango reduce el riesgo de infección por manos sucias, guantes o equipo.,Technique aseptique rigoureuse qui réduit les chances de l'opérateur d'introduire une septicémie lors du bandage, de la chirurgie ou de l'utilisation d'une seringue non stérile. Chaque rang réduit le risque d'infection par les mains sales, les gants ou l'équipement.,嚴格無菌技術可降低操作者在包紮、手術或使用非無菌注射器時引入敗血症的機率。每升一級都降低因髒手、手套或裝備造成的感染風險。,包帯、手術、非滅菌シリンジ使用時にオペレーターが敗血症を持ち込む確率を下げる厳格な無菌手技。各ランクで不潔な手、手袋、器具による感染リスクが低下する。,Técnica asséptica rigorosa que reduz a chance do operador introduzir sepse ao enfaixar, operar ou usar seringa não estéril. Cada nível reduz o risco de infecção por mãos sujas, luvas ou equipamento.,严格无菌技术可降低操作者在包扎、手术或使用非无菌注射器时引入败血症的几率。每升一级都降低因脏手、手套或装备造成的感染风险。,
STR_PLAYZ_PERK_MED_PHARMACOLOGIST_NAME,Improved Drugs,Improved Drugs,Vylepšené léky,Verbesserte Medikamente,Улучшенные препараты,Ulepszone leki,Javított gyógyszerek,Farmaci migliorati,Medicamentos mejorados,Médicaments améliorés,改良藥物,改善された薬,Medicamentos melhorados,改良药物,
STR_PLAYZ_PERK_MED_PHARMACOLOGIST_DESC,Pharmacological training that extends the active duration of consumed medications and injectable treatments. Each rank adds more time to drug timers and vaccine protection windows.,Pharmacological training that extends the active duration of consumed medications and injectable treatments. Each rank adds more time to drug timers and vaccine protection windows.,Farmakologický trénink prodlužuje aktivní dobu užívaných léků a injekčních léčeb. Každá úroveň přidává více času k časovačům léků a ochranným oknům vakcín.,Pharmakologisches Training verlängert die Wirkdauer eingenommener Medikamente und injizierbarer Behandlungen. Jede Stufe fügt mehr Zeit zu Medikamenten-Timern und Impfschutzfenstern hinzu.,Фармакологическая подготовка увеличивает активную длительность принимаемых медикаментов и инъекционных процедур. Каждый ранг добавляет больше времени к таймерам препаратов и окнам вакцинной защиты.,Szkolenie farmakologiczne wydłuża aktywny czas działania przyjmowanych leków i zabiegów iniekcyjnych. Każdy poziom dodaje więcej czasu do timerów leków i okien ochrony szczepionkowej.,Farmakológiai képzés meghosszabbítja a bevett gyógyszerek és injekciós kezelések aktív időtartamát. Minden fokozat több időt ad a gyógyszer-időzítőkhöz és az oltás védelmi ablakaihoz.,Addestramento farmacologico che estende la durata attiva dei farmaci assunti e dei trattamenti iniettabili. Ogni grado aggiunge più tempo ai timer dei farmaci e alle finestre di protezione vaccinale.,Entrenamiento farmacológico que extiende la duración activa de medicamentos consumidos y tratamientos inyectables. Cada rango añade más tiempo a los temporizadores de fármacos y ventanas de protección de vacunas.,Formation pharmacologique qui prolonge la durée active des médicaments consommés et des traitements injectables. Chaque rang ajoute plus de temps aux minuteurs de médicaments et aux fenêtres de protection vaccinale.,藥理學訓練可延長口服藥物與注射治療的有效持續時間。每升一級都為藥物計時與疫苗保護窗口增加更多時間。,内服薬と注射治療の活性持続時間を延ばす薬理学訓練。各ランクで薬タイマーとワクチン保護ウィンドウに時間が加算される。,Treinamento farmacológico que estende a duração ativa de medicamentos consumidos e tratamentos injetáveis. Cada nível adiciona mais tempo aos temporizadores de medicamentos e janelas de proteção vacinal.,药理学训练可延长口服药物与注射治疗的有效持续时间。每升一级都为药物计时与疫苗保护窗口增加更多时间。,
STR_PLAYZ_PERK_ATH_PROPER_BREATHING_NAME,Proper Breathing,Proper Breathing,Správné dýchání,Richtige Atmung,Правильное дыхание,Prawidłowe oddychanie,Helyes légzés,Respirazione corretta,Respiración correcta,Respiration correcte,正確呼吸,正しい呼吸,Respiração correta,正确呼吸,
STR_PLAYZ_PERK_ATH_PROPER_BREATHING_DESC,Advanced respiratory control techniques that optimize oxygen intake. Progressively increases stamina regeneration speed while at rest or moving.,Advanced respiratory control techniques that optimize oxygen intake. Progressively increases stamina regeneration speed while at rest or moving.,"Pokročilé techniky dechové kontroly, které optimalizují příjem kyslíku. Zvyšuje rychlost regenerace výdrže v klidu nebo při pohybu.","Fortgeschrittene Techniken der Atemkontrolle, die die Sauerstoffaufnahme optimieren. Erhöht die Ausdauerregeneration im Ruhezustand oder bei Bewegung.","Продвинутые техники контроля дыхания, оптимизирующие потребление кислорода. Увеличивает скорость регенерации выносливости в покое или при движении.",Zaawansowane techniki kontroli oddechu optymalizujące pobór tlenu. Zwiększa szybkość regeneracji kondycji podczas odpoczynku lub ruchu.,"Fejlett légzéskontroll technikák, amelyek optimalizálják az oxigénfelvételt. Növeli az állóképesség regenerációs sebességét pihenés vagy mozgás közben.",Tecniche avanzate di controllo respiratorio che ottimizzano l'apporto di ossigeno. Aumenta la velocità di rigenerazione della stamina a riposo o in movimento.,Técnicas avanzadas de控制 respiratorio que optimizan la ingesta de oxígeno. Aumenta la velocidad de regeneración de resistencia mientras se está en reposo o en movimiento.,Techniques avancées de contrôle respiratoire optimisant l'apport en oxygène. Augmente la vitesse de récupération de l'endurance au repos ou en mouvement.,優化氧氣攝取的進階呼吸控制技術。在休息或移動時，將耐力再生速度提高。,酸素摂取を最適化する高度な呼吸制御技術。安静時や移動時のスタミナ回復速度を向上させます。,Técnicas avançadas de controle respiratório que otimizam a ingestão de oxigênio. Aumenta a velocidade de regeneração da resistência enquanto em repouso ou em movimento.,优化氧气摄取的进阶呼吸控制技术。在休息或移动时，将耐力再生速度提高。,
STR_PLAYZ_PERK_ATH_NO_PANTING_NAME,Silent Recovery,Silent Recovery,Tiché zotavení,Stille Erholung,Бесшумное восстановление,Ciche odzyskiwanie,Csendes felépülés,Recupero silenzioso,Recuperación silenciosa,Récupération silencieuse,無聲恢復,静かな回復,Recuperação silenciosa,无声恢复,
STR_PLAYZ_PERK_ATH_NO_PANTING_DESC,Conditioned vocal cord suppression that progressively reduces audible panting noise after heavy exertion.,Conditioned vocal cord suppression that progressively reduces audible panting noise after heavy exertion.,"Kondicionované potlačení hlasivek, které snižuje slyšitelný hluk dýchání po těžké námaze.","Konditionierte Unterdrückung der Stimmbänder, die das hörbare Keuchen nach schwerer Anstrengung reduziert.","Тренированное подавление голосовых связок, снижающее слышимый шум одышки после тяжелых нагрузок.","Wyuczone tłumienie strun głosowych, które redukuje słyszalny hałas sapania po ciężkim wysiłku.","Kondicionált hangszál-elfojtás, amely csökkenti a hallható zihálást nagy megterhelés után.",Soppressione condizionata delle corde vocali che riduce il rumore dell'affanno dopo un forte sforzo.,Supresión condicionada de las cuerdas vocales que reduce el ruido audible del jadeo después de un gran esfuerzo.,Suppression conditionnée des cordes vocales réduisant les bruits de halètement après un effort intense.,經過訓練的聲帶抑制技術，可將重度體力消耗後的可聽見喘息聲降低。,重度の運動後の喘鳴音を低減させる、条件付けられた声帯抑制。,Supressão condicionada das cordas vocais que reduz o ruído de arquejo audível após esforço intenso.,经过训练的声带抑制技术，可将重度体力消耗后的可看见喘息声降低。,
STR_PLAYZ_PERK_ATH_STUNTMAN_NAME,Impact Mitigation,Impact Mitigation,Zmírnění nárazu,Stoßminderung,Смягчение удара,Łagodzenie uderzeń,Becsapódás csökkentése,Attenuazione degli impatti,Mitigación de impacto,Atténuation des impacts,衝擊緩解,衝撃緩和,Mitigação de impacto,冲击缓解,
STR_PLAYZ_PERK_ATH_STUNTMAN_DESC,Specialized falling techniques and joint bracing that progressively reduces impact and fall damage.,Specialized falling techniques and joint bracing that progressively reduces impact and fall damage.,"Specializované techniky pádu a zpevnění kloubů, které snižují poškození nárazem a pádem.","Spezialisierte Falltechniken und Gelenkstützen, die Aufprall- und Sturzschäden reduzieren.","Специализированные техники падения и укрепление суставов, снижающие урон от ударов и падений.","Specjalistyczne techniki upadku i usztywnianie stawów, które redukują obrażenia od uderzeń i upadków.","Speciális esési technikák és ízületi rögzítés, amely csökkenti a becsapódási és esési sérüléseket.",Tecniche di caduta specializzate e rinforzo delle articolazioni che riducono i danni da impatto e caduta.,Técnicas especializadas de caída y refuerzo de articulaciones que reducen los daños por impacto y caída.,Techniques de chute spécialisées et renforcement des articulations réduisant les dommages d'impact et de chute.,專業的墜落技術與關節支撐，可將衝擊與墜落傷害降低。,落下時の衝撃を低減させる、特殊な落下技術と関節の固定。,Técnicas especializadas de queda e reforço articular que reduzem os danos de impacto e queda.,专业的坠落技术与关节支撑，可将冲击与坠落伤害降低。,
STR_PLAYZ_PERK_ATH_QUICK_FEET_NAME,Quick Legs,Quick Legs,Rychlé nohy,Schnelle Beine,Быстрые ноги,Szybkie nóżki,Gyors lábak,Gambe veloci,Piernas rápidas,Jambes rapides,快腿,クイックレッグス,Pernas rápidas,快腿,
STR_PLAYZ_PERK_ATH_QUICK_FEET_DESC,Sprint conditioning that reduces stamina drain while running at full speed. Each rank lowers the sprint stamina cost multiplier.,Sprint conditioning that reduces stamina drain while running at full speed. Each rank lowers the sprint stamina cost multiplier.,Sprintovní kondice snižuje úbytek výdrže při běhu na plnou rychlost. Každá úroveň snižuje multiplikátor spotřeby výdrže při sprintu.,Sprintkonditionierung reduziert den Ausdauerverbrauch bei voller Geschwindigkeit. Jede Stufe senkt den Sprint-Ausdauermultiplikator.,Спринтовая подготовка снижает расход выносливости при беге на полной скорости. Каждый ранг уменьшает множитель траты выносливости при спринте.,Kondycja sprintu zmniejsza spadek wytrzymałości podczas biegu z pełną prędkością. Każdy poziom obniża mnożnik kosztu wytrzymałości podczas sprintu.,Sprintkondicionálás csökkenti az állóképesség-fogyást teljes sebességű futáskor. Minden fokozat csökkenti a sprint állóképesség-szorzót.,Condizionamento da sprint che riduce il consumo di stamina a velocità massima. Ogni grado abbassa il moltiplicatore di stamina in sprint.,Acondicionamiento de sprint que reduce el drenaje de resistencia a velocidad máxima. Cada rango reduce el multiplicador de resistencia al sprint.,Conditionnement sprint réduisant la dépense d'endurance à pleine vitesse. Chaque rang diminue le multiplicateur de coût en endurance au sprint.,全速奔跑時的衝刺訓練可降低耐力消耗。每升一級都降低衝刺耐力成本倍率。,全速走行時のスタミナ消耗を抑えるスプリント調整。各ランクでスプリント時のスタミナコスト倍率が下がる。,Condicionamento de sprint que reduz o dreno de resistência em velocidade máxima. Cada nível reduz o multiplicador de custo de resistência no sprint.,全速奔跑时的冲刺训练可降低耐力消耗。每升一级都降低冲刺耐力成本倍率。,
STR_PLAYZ_PERK_ATH_STRONG_BONES_NAME,Strong Bones,Strong Bones,Silné kosti,Starke Knochen,Крепкие кости,Śilne kości,Erős csontok,Ossa forti,Huesos fuertes,Os solides,強壯骨骼,強い骨,Ossos fortes,强壮骨骼,
STR_PLAYZ_PERK_ATH_STRONG_BONES_DESC,Dense bone conditioning that gives a chance to resist leg and foot fractures when a limb would otherwise break. Each rank raises the save chance.,Dense bone conditioning that gives a chance to resist leg and foot fractures when a limb would otherwise break. Each rank raises the save chance.,Hustá kostní kondice poskytuje šanci odolat zlomeninám nohou a chodidel. Každá úroveň zvyšuje šanci na záchranu.,Dichte Knochenkonditionierung bietet eine Chance Bein- und Fußfrakturen zu widerstehen. Jede Stufe erhöht die Rettungschance.,Плотная костная подготовка даёт шанс избежать переломов ног и стоп. Каждый ранг повышает шанс спасения.,Gęsta kondycja kostna daje szansę oprzeć się złamaniom nóg i stóp. Każdy poziom zwiększa szansę uratowania.,Sűrű csontkondicionálás esélyt ad a láb- és lábfejtörések ellenállására. Minden fokozat növeli a mentési esélyt.,Condizionamento osseo denso che offre una probabilità di resistere alle fratture di gambe e piedi. Ogni grado aumenta la probabilità di salvezza.,Acondicionamiento óseo denso que da probabilidad de resistir fracturas de piernas y pies. Cada rango aumenta la probabilidad de salvación.,Conditionnement osseux dense offrant une chance de résister aux fractures des jambes et des pieds. Chaque rang augmente la probabilité de sauvegarde.,致密骨骼訓練可在肢體即將骨折時提供抵抗機率。每升一級都提高挽救機率。,四肢が折れそうな時に骨折を防ぐ確率を与える骨密度調整。各ランクでセーブ確率が上がる。,Condicionamento ósseo denso que dá chance de resistir fraturas de pernas e pés. Cada nível aumenta a chance de salvamento.,致密骨骼训练可在肢体即将骨折时提供抵抗几率。每升一级都提高挽救几率。,
STR_PLAYZ_PERK_STRNG_HEAVYWEIGHT_NAME,Heavy Lifter,Heavy Lifter,Těžký zvedač,Schwerlastheber,Тяжелоатлет,Siłacz,Nehézsúlyú emelő,Sollevatore pesante,Levantador pesado,Haltérophile,重量級搬運工,ヘビーリフター,Levantador de peso,重量级搬运工,
STR_PLAYZ_PERK_STRNG_HEAVYWEIGHT_DESC,Optimized skeletal support and muscle fiber recruitment that progressively increases base carry capacity.,Optimized skeletal support and muscle fiber recruitment that progressively increases base carry capacity.,"Optimalizovaná kosterní podpora a nábor svalových vláken, které zvyšují základní nosnost.","Optimierte skelettale Unterstützung und Muskelfaserekrutierung, die die Basistragfähigkeit erhöht.","Оптимизированная скелетная поддержка и рекрутирование мышечных волокон, увеличивающие базовую грузоподъемность.","Zoptymalizowane wsparcie szkieletowe i rekrutacja włókien mięśniowych, zwiększające podstawową nośność.","Optimalizált csontváz-támogatás és izomrost-toborzás, amely növeli az alap teherbíró képességet.",Supporto scheletrico ottimizzato e reclutamento delle fibre muscolari che aumenta la capacità di carico base.,Soporte esquelético optimizado y reclutamiento de fibras musculares que aumenta la capacidad de carga base.,Soutien squelettique optimisé et renforcement des fibres musculaires augmentant la capacité de portage de base.,優化的骨骼支撐與肌纖維募集，將基礎負重能力提高。,骨格のサポートと筋線維の動員を最適化し、ベースの運搬能力を向上させます。,Suporte esquelético otimizado e recrutamento de fibras musculares que aumenta la capacidade de carga base.,优化的骨骼支撑与肌纤维募集，将基础负重能力提高。,
STR_PLAYZ_PERK_STRNG_JUMPER_NAME,Vaulting Mastery,Vaulting Mastery,Mistrovství v přeskoku,Sprungmeisterschaft,Мастерство прыжка,Mistrzostwo skoku,Ugrás mestermunkája,Maestria nel salto,Maestría en saltos,Maîtrise du saut,跨越精通,ヴォールティング・マスタリー,Mestria em saltos,跨越精通,
STR_PLAYZ_PERK_STRNG_JUMPER_DESC,Specialized explosive power training that progressively reduces the stamina cost of jumping and vaulting.,Specialized explosive power training that progressively reduces the stamina cost of jumping and vaulting.,"Specializovaný trénink výbušné síly, který snižuje náklady na výdrž při skoku a přeskoku.","Spezialisiertes Schnellkrafttraining, das den Ausdauerverbrauch beim Springen und Klettern reduziert.","Специализированная тренировка взрывной силы, снижающая затраты выносливости на прыжки и преодоление препятствий.","Specjalistyczny trening siły eksplozywnej, który redukuje koszt kondycji przy skokach i pokonywaniu przeszkód.","Speciális robbanékony erőnléti edzés, amely csökkenti az ugrás és az átmászás állóképességi költségét.",Allenamento specializzato della forza esplosiva che riduce il costo di stamina per salti e scavalcamenti.,Entrenamiento especializado de potencia explosiva que reduce el costo de resistencia de saltar y saltar obstáculos.,Entraînement spécialisé à la puissance explosive réduisant le coût en endurance des sauts et franchissements.,專門的爆發力訓練，可將跳躍與跨越的分耐力消耗降低。,ジャンプやヴォールティングのスタミナコストを低減させる、専門的な瞬発力トレーニング。,Treinamento especializado de potência explosiva que reduz o custo de resistência de pular e saltar.,专门的爆发力训练，可将跳跃与跨越的分耐力消耗降低。,
STR_PLAYZ_PERK_STRNG_LTARMOR_NAME,Armor Ergonometrics,Armor Ergonometrics,Ergonomie zbroje,Rüstungsergonomie,Эргономика брони,Ergonomia pancerza,Páncél ergonómia,Ergonomia dell'armatura,Ergonomía de armadura,Ergonomie de l'armure,護甲人體工學,アーマー・エルゴノミクス,Ergonomia de armadura,护甲人体工学,
STR_PLAYZ_PERK_STRNG_LTARMOR_DESC,Strategic posture adjustments and weight distribution that progressively reduces the movement penalty of helmets and vests.,Strategic posture adjustments and weight distribution that progressively reduces the movement penalty of helmets and vests.,"Strategické úpravy držení těla a rozložení váhy, které snižují postih za pohyb helem a vest.","Strategische Haltungsanpassungen und Gewichtsverteilung, die den Bewegungsabzug von Helmen und Westen reduzieren.","Стратегическая коррекция осанки и распределение веса, снижающие штраф к движению от шлемов и жилетов.","Strategiczna korekta postawy i rozkład masy, redukujące karę do ruchu od hełmów i kamizelek.","Stratégiai testtartás-módosítások és súlyelosztás, amely csökkenti a sisakok és mellények mozgási büntetését.",Regolazioni strategiche della postura e distribuzione del peso che riducono la penalità di movimento di elmi e vest.,Ajustes estratégicos de postura y distribución de peso que reducen la penalización por movimiento de cascos y chalecos.,Ajustements de posture stratégiques et répartition du poids réduisant la pénalité de mouvement des casques et gilets.,策略性的姿勢調整與重量分配，可將頭盔與背心的移動懲罰降低。,ヘルメットやベストの移動ペナルティを低減させる、戦略的な姿勢調整と重量配分。,Ajustes estratégicos de postura e distribuição de peso que reduzem a penalidade de movimento de capacetes e coletes.,策略性的姿态调整与重量分配，可将头盔与背心的移动惩罚降低。,
STR_PLAYZ_PERK_STRNG_LIGHT_STRIKE_NAME,Crushing Strike,Crushing Strike,Drtivý úder,Zermalmender Schlag,Сокрушительный удар,Miażdżące uderzenie,Zúzó ütés,Colpo schiacciante,Golpe aplastante,Frappe écrasante,粉碎打擊,クラッシング・ストライク,Golpe esmagador,粉碎打击,
STR_PLAYZ_PERK_STRNG_LIGHT_STRIKE_DESC,Technique training for light melee swings that adds bonus health damage on each light hit. Each rank increases the extra damage as a fraction of the hit's base damage.,Technique training for light melee swings that adds bonus health damage on each light hit. Each rank increases the extra damage as a fraction of the hit's base damage.,Technický trénink lehkých úderů přidává bonusové zdravotní poškození. Každá úroveň zvyšuje extra poškození jako podíl základního damage.,Techniktraining für leichte Nahkampftreffer fügt Bonus-Gesundheitsschaden hinzu. Jede Stufe erhöht den Zusatzschaden als Anteil des Grundschadens.,Техника лёгких ударов добавляет бонусный урон здоровью. Каждый ранг увеличивает дополнительный урон как долю базового урона.,Trening lekkich ciosów dodaje bonusowe obrażenia zdrowia. Każdy poziom zwiększa dodatkowe obrażenia jako ułamek bazowych.,Könnyű közelharci technika bónusz életerő-sebzést ad. Minden fokozat növeli a többlet sebzést az alapsebzés hányadaként.,Addestramento per colpi leggeri che aggiunge danno salute bonus. Ogni grado aumenta il danno extra come frazione del danno base.,Entrenamiento de golpes ligeros que añade daño de salud extra. Cada rango aumenta el daño adicional como fracción del daño base.,Entraînement aux coups légers ajoutant des dégâts de santé bonus. Chaque rang augmente les dégâts supplémentaires en fraction des dégâts de base.,輕型近戰揮擊的技術訓練，每次輕擊附加額外生命值傷害。每升一級都以命中基礎傷害的比例提高附加傷害。,軽攻撃の近接技術訓練で、各軽打撃にボーナス体力ダメージを付与。各ランクで基礎ダメージに対する割合が上がる。,Treino de golpes leves que adiciona dano de saúde bônus. Cada nível aumenta o dano extra como fração do dano base.,轻型近战挥击的技术训练，每次轻击附加额外生命值伤害。每升一级都以命中基础伤害的比例提高附加伤害。,
STR_PLAYZ_PERK_STRNG_HEAVY_STRIKE_NAME,Destructive Strike,Destructive Strike,Destruktivní úder,Zerstörerischer Schlag,Разрушительный удар,Niszczycielskie uderzenie,Pusztító ütés,Colpo distruttivo,Golpe destructivo,Frappe destructrice,破壞打擊,デストラクティブ・ストライク,Golpe destrutivo,破坏打击,
STR_PLAYZ_PERK_STRNG_HEAVY_STRIKE_DESC,Power training for heavy melee attacks that adds bonus health damage on each heavy hit. Each rank increases the extra damage as a fraction of the hit's base damage.,Power training for heavy melee attacks that adds bonus health damage on each heavy hit. Each rank increases the extra damage as a fraction of the hit's base damage.,Silový trénink těžkých úderů přidává bonusové zdravotní poškození. Každá úroveň zvyšuje extra poškození jako podíl základního damage.,Krafttraining für schwere Nahkampftreffer fügt Bonus-Gesundheitsschaden hinzu. Jede Stufe erhöht den Zusatzschaden als Anteil des Grundschadens.,Силовая подготовка тяжёлых ударов добавляет бонусный урон здоровью. Каждый ранг увеличивает дополнительный урон как долю базового урона.,Trening ciężkich ciosów dodaje bonusowe obrażenia zdrowia. Każdy poziom zwiększa dodatkowe obrażenia jako ułamek bazowych.,Nehéz közelharci erőnléti edzés bónusz életerő-sebzést ad. Minden fokozat növeli a többlet sebzést az alapsebzés hányadaként.,Addestramento di potenza per colpi pesanti che aggiunge danno salute bonus. Ogni grado aumenta il danno extra come frazione del danno base.,Entrenamiento de potencia para golpes pesados que añade daño de salud extra. Cada rango aumenta el daño adicional como fracción del daño base.,Entraînement de puissance pour coups lourds ajoutant des dégâts de santé bonus. Chaque rang augmente les dégâts supplémentaires en fraction des dégâts de base.,重型近戰攻擊的力量訓練，每次重擊附加額外生命值傷害。每升一級都以命中基礎傷害的比例提高附加傷害。,重攻撃の近接パワートレーニングで、各重打撃にボーナス体力ダメージを付与。各ランクで基礎ダメージに対する割合が上がる。,Treino de potência para golpes pesados que adiciona dano de saúde bônus. Cada nível aumenta o dano extra como fração do dano base.,重型近战攻击的力量训练，每次重击附加额外生命值伤害。每升一级都以命中基础伤害的比例提高附加伤害。,
STR_PLAYZ_PERK_STLTH_WOLF_INSTINCT_NAME,Alpha Instinct,Alpha Instinct,Instinkt alfa,Alpha-Instinkt,Альфа-инстинкты,Instynkt alfa,Alfa ösztön,Istinto alfa,Instinto alfa,Instinct Alpha,頭狼直覺,アルファ・インスティンクト,Instinto alfa,头狼直觉,
STR_PLAYZ_PERK_STLTH_WOLF_INSTINCT_DESC,Sensory tuning that aligns your heart rate and movement with the pack. Progressively reduces wolf detection radius and aggression levels.,Sensory tuning that aligns your heart rate and movement with the pack. Progressively reduces wolf detection radius and aggression levels.,"Senzorické ladění, které sjednotí váš srdeční rytmus a pohyb se smečkou. Snižuje rádius detekce vlků a úroveň agrese.","Sensorisches Tuning, das Herzfrequenz und Bewegung an das Rudel anpasst. Reduziert den Wolf-Entdeckungsradius und das Aggressionsniveau.","Сенсорная настройка, согласовывающая ваш пульс и движения со стаей. Снижает радиус обнаружения волками и уровень агрессии.","Strojenie sensoryczne, które dostosowuje tętno i ruchy do stada. Zmniejsza promień wykrywania przez wilki i poziom agresji.","Szenzoros hangolás, amely összehangolja a szívritmust és a mozgást a falkával. Csökkenti a farkasok észlelési sugarát és agressziós szintjét.",Sintonizzazione sensoriale che allinea il battito cardiaco e il movimento con il branco. Riduce il raggio di rilevamento dei lupi e i livelli di aggressività.,Sintonización sensorial que alinea tu ritmo cardíaco y movimiento con la manada. Reduce el radio de detección de lobos y los niveles de agresividad.,Réglage sensoriel alignant votre rythme cardiaque et votre mouvement sur la meute. Réduit le rayon de détection des loups et l'agressivité.,感官調整，使您的心律與動作與狼群同步。將狼群偵測半徑與攻擊性降低。,心拍数と動きを群れに合わせる感覚の同調。狼の検知半径と攻撃性を低下させます。,Sintonização sensorial que alinha seu ritmo cardíaco e movimento com a alcateia. Reduz o raio de detecção dos lobos e níveis de agressividade.,感官调整，使您的心律与动作与狼群同步。将狼群侦测半径与攻击性降低。,
STR_PLAYZ_PERK_STLTH_BEARS_FRIEND_NAME,Forest Kinship,Forest Kinship,Lesní spřízněnost,Wald-Verwandtschaft,Лесное родство,Leśne pokrewieństwo,Erdei sógorság,Affinità della foresta,Parentesco forestal,Parenté forestière,森林共生,森の親近感,Parentesco florestal,森林共生,
STR_PLAYZ_PERK_STLTH_BEARS_FRIEND_DESC,Subtle pheromone masking and calm posture that makes bears less likely to perceive you as a threat. Progressively reduces bear aggression.,Subtle pheromone masking and calm posture that makes bears less likely to perceive you as a threat. Progressively reduces bear aggression.,"Jemné maskování feromony a klidný postoj, díky kterému vás medvědi méně vnímají jako hrozbu. Snižuje agresi medvědů.","Subtile Pheromonmaskierung und ruhige Körperhaltung, die Bären weniger geneigt machen, Sie als Bedrohung wahrzunehmen. Reduziert die Bärenaggression.","Тонкая маскировка феромонов и спокойная осанка, благодаря которым медведи с меньшей вероятностью воспримут вас как угрозу. Снижает агрессию медведей.","Subtelne maskowanie feromonami i spokojna postawa, sprawiające, że niedźwiedzie rzadziej postrzegają cię jako zagrożenie. Zmniejsza agresję niedźwiedzi.","Finom feromonmaszkolás és nyugodt testtartás, amely miatt a medvék kevésbé valószínű, hogy fenyegetésnek érzékelik. Csökkenti a medvék agresszióját.",Sottile mascheramento di feromoni e postura calma che rende gli orsi meno propensi a percepirti come una minaccia. Riduce l'aggressività degli orsi.,Sutil enmascaramiento de feromonas y postura calmada que hace que los osos sean menos propensos a percibirte como una amenaza. Reduce la agresividad del oso.,Masquage subtil des phéromones et posture calme rendant les ours moins susceptibles de vous percevoir comme une menace. Réduit l'agressivité des ours.,細微的費洛蒙掩蔽與平靜姿勢，使熊較不容易將您視為威脅。將熊的攻擊性降低。,フェロモンによるマスキングと落ち着いた姿勢により、クマがあなたを脅威と見なす可能性を低くします。クマの攻撃性を低下させます。,Mascaramento sutil de feromônios e postura calma que tornam os ursos menos propensos a percebê-lo como uma ameaça. Reduz a agressividade dos ursos.,细微的费洛蒙掩蔽与平静姿态，使熊较不容易将您视为威胁。将熊的攻击性降低。,
STR_PLAYZ_PERK_STLTH_COLD_BLOODED_NAME,Cold Blooded,Cold Blooded,Chladnokrevný,Kaltblütig,Хладнокровный,Zimna krew,Hidegvérű,Sangue freddo,Sangre fría,Sang-froid,冷血,冷血,Sangue frio,冷血,
STR_PLAYZ_PERK_STLTH_COLD_BLOODED_DESC,Vocal discipline that reduces voice-related sound volume. Each rank lowers the audible footprint of pain, exertion, and other voice events.,Vocal discipline that reduces voice-related sound volume. Each rank lowers the audible footprint of pain, exertion, and other voice events.,Hlasová disciplína snižuje hlasitost zvuků spojených s hlasem. Každá úroveň zmenšuje slyšitelnost bolesti a námahy.,Stimmliche Disziplin reduziert lautstärkebezogene Stimmgeräusche. Jede Stufe verringert die Hörbarkeit von Schmerz und Anstrengung.,Голосовая дисциплина снижает громкость звуков голоса. Каждый ранг уменьшает слышимость боли и нагрузки.,Dyscyplina głosowa zmniejsza głośność dźwięków głosu. Każdy poziom obniża słyszalność bólu i wysiłku.,Hangzási fegyelem csökkenti a hanghoz kapcsolódó hangerőt. Minden fokozat halkábbá teszi a fájdalmat és erőlködést.,Disciplina vocale che riduce il volume dei suoni della voce. Ogni grado riduce l'impronta uditiva di dolore e sforzo.,Disciplina vocal que reduce el volumen de sonidos de voz. Cada rango reduce la huella audible del dolor y el esfuerzo.,Discipline vocale réduisant le volume des sons liés à la voix. Chaque rang diminue l'empreinte auditive de la douleur et de l'effort.,聲帶紀律可降低與語音相關的音量。每升一級都減少疼痛與費力時的聲響足跡。,発声に関する音量を下げる声の規律。各ランクで痛みや努力の音が小さくなる。,Disciplina vocal que reduz o volume de sons relacionados à voz. Cada nível reduz a pegada audível de dor e esforço.,声带纪律可降低与语音相关的音量。每升一级都减少疼痛与费力时的声响足迹。,
STR_PLAYZ_PERK_STLTH_QUIET_SHOOTER_NAME,Quiet Shooter,Quiet Shooter,Tichý střelec,Leiser Schütze,Тихий стрелок,Cichy strzelec,Csendes lövész,Tiratore silenzioso,Tirador silencioso,Tireur silencieux,靜默射手,静かな射手,Atirador silencioso,静默射手,
STR_PLAYZ_PERK_STLTH_QUIET_SHOOTER_DESC,Weapon-handling discipline that reduces firearm manipulation and shot noise. Each rank lowers weapon sound volume.,Weapon-handling discipline that reduces firearm manipulation and shot noise. Each rank lowers weapon sound volume.,Disciplína manipulace se zbraní snižuje hluk manipulace a střelby. Každá úroveň snižuje hlasitost zbraně.,Waffenhandhabungsdisziplin reduziert Lärm bei Manipulation und Schuss. Jede Stufe senkt die Waffenlautstärke.,Дисциплина обращения с оружием снижает шум манипуляций и выстрела. Каждый ранг уменьшает громкость оружия.,Dyscyplina obsługi broni zmniejsza hałas manipulacji i strzału. Każdy poziom obniża głośność broni.,Fegyverkezelési fegyelem csökkenti a manipuláció és lövés zaját. Minden fokozat halkábbá teszi a fegyvert.,Disciplina di maneggio delle armi che riduce il rumore di manipolazione e sparo. Ogni grado abbassa il volume delle armi.,Disciplina de manejo de armas que reduce el ruido de manipulación y disparo. Cada rango reduce el volumen del arma.,Discipline de maniement d'armes réduisant le bruit de manipulation et de tir. Chaque rang diminue le volume des armes.,武器操作紀律可降低槍械操作與射擊噪音。每升一級都降低武器音量。,武器操作の規律で操作音と射撃音を低減。各ランクで武器音が小さくなる。,Disciplina de manuseio de armas que reduz ruído de manipulação e disparo. Cada nível reduz o volume das armas.,武器操作纪律可降低枪械操作与射击噪音。每升一级都降低武器音量。,
STR_PLAYZ_PERK_STLTH_INVISIBLEMAN,Infected Blindspot,Infected Blindspot,Přízračná přítomnost,Phantom-Präsenz,Призрачное присутствие,Fantomowa obecność,Fantom jelenlét,Presenza fantasma,Presencia fantasma,Présence fantôme,幽影存在,幻影の気配,Presença fantasma,幽影存在,
STR_PLAYZ_PERK_STLTH_INVISIBLEMAN_DES,"You become harder for infected to notice in every way. You are better at staying unseen, unheard, and unsmelled by infected.","You become harder for infected to notice in every way. As this perk grows, you are better at staying unseen, unheard, and unsmelled by infected.","Disciplinovaný pohyb a kontrola profilu, díky nimž vás nakažení výrazně hůře vizuálně zachytí. Postupně snižuje dosah vizuální detekce nakažených.","Disziplinierte Bewegung und Profilkontrolle, die es Infizierten deutlich erschweren, Sie visuell zu erfassen. Reduziert schrittweise die Sicht-Erkennungsreichweite von Infizierten.","Дисциплинированные движения и контроль силуэта значительно затрудняют заражённым визуальное обнаружение. Постепенно снижает дальность визуального обнаружения заражёнными.","Zdyscyplinowany ruch i kontrola sylwetki sprawiają, że zainfekowani mają znacznie trudniej z wykryciem cię wzrokiem. Stopniowo zmniejsza zasięg wykrywania wzrokowego zainfekowanych.","Fegyelmezett mozgás és testprofil-kontroll, amely jelentősen megnehezíti a fertőzöttek számára a vizuális észlelést. Fokozatosan csökkenti a fertőzöttek látásalapú észlelési távolságát.","Movimento disciplinato e controllo del profilo che rendono molto più difficile per gli infetti individuarti visivamente. Riduce progressivamente il raggio di rilevamento visivo degli infetti.","Movimiento disciplinado y control del perfil que hacen mucho más difícil que los infectados te detecten visualmente. Reduce progresivamente el alcance de detección visual de los infectados.","Mouvements disciplinés et contrôle de la silhouette vous rendant nettement plus difficile à repérer visuellement pour les infectés. Réduit progressivement la portée de détection visuelle des infectés.","自律的動作與身形控制，讓感染者更難以用視覺鎖定您。會逐步降低感染者的視覺偵測距離。","規律的な動きと姿勢制御により、感染者が視覚であなたを捉えにくくなります。感染者の視覚検知距離を段階的に低下させます。","Movimento disciplinado e controle de perfil que tornam significativamente mais difícil para os infectados adquirirem você visualmente. Reduz progressivamente o alcance de detecção visual dos infectados.","自律化动作与身形控制，使感染者更难通过视觉锁定你。将逐步降低感染者的视觉侦测距离。",
STR_PLAYZ_PERK_SURV_ROUGH_FEET_NAME,Calloused Soles,Calloused Soles,Mozolnaté podrážky,Verhornte Sohlen,Огрубевшие подошвы,Zrogowaciałe podeszwy,Bőrkeményedéses talpak,Piante callose,Plantas callosas,Vôutes calleuses,老繭足底,タコのできた足の裏,Plantas calejadas,老茧足底,
STR_PLAYZ_PERK_SURV_ROUGH_FEET_DESC,Extreme epidermal toughening and nerve desensitization that progressively reduces foot damage and shoe wear from walking at maximum rank.,Extreme epidermal toughening and nerve desensitization that progressively reduces foot damage and shoe wear from walking at maximum rank.,"Extrémní zpevnění epidermis a znecitlivění nervů, které snižuje poškození nohou a opotřebení bot při chůzi.","Extreme epidermale Härtung und Nervendesensibilisierung, die Fußschäden und Schuhverschleiß beim Gehen reduziert.","Экстремальное укрепление эпидермиса и десенсибилизация нервов, снижающие повреждение стоп и износ обуви при ходьбе.","Ekstremalne utwardzenie naskórka i odczulenie nerwów, które redukuje uszkodzenia stóp i zużycie butów podczas chodzenia.","Extrém bőrmegvastagodás és idegi érzéketlenítés, amely csökkenti a láb sérülését és a cipő kopását járás közben.",Estremo indurimento epidermico e desensibilizzazione dei nervi che riduce i danni ai piedi e l'usura delle scarpe camminando.,Endurecimiento epidérmico extremo y desensibilización nerviosa que reduce el daño en los pies y el desgaste del calzado al caminar.,Durcissement épidermique extrême et désensibilisation nerveuse réduisant les dommages aux pieds et l'usure des chaussures lors de la marche.,極度的表皮硬化與神經脫敏，可將步行造成的足部傷害與鞋子磨損降低。,極限的な皮膚の硬化と神経の減感作により、歩行による足のダメージと靴の摩耗を低減させます。,Endurecimento epidérmico extremo e dessensibilização nervosa que reduz danos nos pés e desgaste de sapatos ao caminhar.,极度的表皮硬化与神经脱敏，可将步行造成的足部伤害与鞋类磨损降低。,
STR_PLAYZ_PERK_SURV_COLD_RESISTANCE_NAME,Cold Resistance,Cold Resistance,Odolnost proti chladu,Kältewiderstand,Сопротивление холоду,Odporność na zimno,Hideg ellenállás,Resistenza al freddo,Resistencia al frío,Résistance au froid,耐寒,耐寒,Resistência ao frio,耐寒,
STR_PLAYZ_PERK_SURV_COLD_RESISTANCE_DESC,Acclimation training that softens how much below-comfort cold you feel. Each rank reduces the effective chill penalty from ambient temperature.,Acclimation training that softens how much below-comfort cold you feel. Each rank reduces the effective chill penalty from ambient temperature.,Aklimatizační trénink zmírňuje vnímaný chlad pod komfortní teplotou. Každá úroveň snižuje účinek okolního chladu.,Akklimatisierungstraining mildert empfundene Kälte unter der Komforttemperatur. Jede Stufe reduziert die effektive Kältestrafe.,Акклиматизация смягчает ощущение холода ниже комфортной температуры. Каждый ранг снижает эффективный штраф от окружающего холода.,Trening aklimatyzacyjny łagodzi odczuwalny chłód poniżej temperatury komfortu. Każdy poziom zmniejsza karę od otoczenia.,Aklimatizációs edzés lágyítja a komfort alatti hideg érzetét. Minden fokozat csökkenti a környezeti hideg hatását.,Addestramento di acclimatazione che attenua il freddo percepito sotto la temperatura di comfort. Ogni grado riduce la penalità da freddo ambientale.,Entrenamiento de aclimatación que suaviza el frío percibido bajo la temperatura de confort. Cada rango reduce la penalización por frío ambiental.,Entraînement d'acclimatation qui atténue le froid ressenti sous la température de confort. Chaque rang réduit la pénalité de froid ambiant.,適應訓練可減輕低於舒適溫度時感受到的寒冷。每升一級都降低環境低溫的有效懲罰。,快適温度を下回る寒さの体感を和らげる順化訓練。各ランクで環境寒冷ペナルティが軽減される。,Treino de aclimatação que suaviza o frio sentido abaixo da temperatura de conforto. Cada nível reduz a penalidade de frio ambiente.,适应训练可减轻低于舒适温度时感受到的寒冷。每升一级都降低环境低温的有效惩罚。,
STR_PLAYZ_PERK_SURV_MAINTAINING_FIRE_NAME,Pyre Preservation,Pyre Preservation,Zachování ohně,Scheiterhaufen-Erhaltung,Сохранение костра,Konserwacja ogniska,Tűz megőrzése,Preservazione del rogo,Preservación de piras,Préservation du bûcher,营火保育,焚き火の維持,Preservação de fogueira,营火保育,
STR_PLAYZ_PERK_SURV_MAINTAINING_FIRE_DESC,Advanced thermal management and oxygen control techniques that progressively increase the duration of active fires and furnaces.,Advanced thermal management and oxygen control techniques that progressively increase the duration of active fires and furnaces.,"Pokročilé techniky tepelného managementu a kontroly kyslíku, které prodlužují trvání aktivních ohňů a pecí.","Fortschrittliches Wärmemanagement und Sauerstoffkontrolltechniken, die die Dauer von aktiven Feuern und Öfen verlängern.","Продвинутые техники управления теплом и контроля кислорода, увеличивающие длительность горения костров и печей.","Zaawansowane techniki zarządzania ciepłem i kontroli tlenu, które zwiększają czas trwania aktywnych ognisk i pieców.","Fejlett hőkezelési és oxigénszabályozási technikák, amelyek növelik az aktív tüzek és kemencék időtartamát.",Tecniche avanzate di gestione termica e controllo dell'ossigeno che aumentano la durata dei fuochi attivi e delle fornaci.,Técnicas avanzadas de gestión térmica y control de oxígeno que aumentan la duración de los fuegos y hornos activos.,Techniques avancées de gestion thermique et de contrôle de l'oxygène augmentant la durée des feux et des fourneaux actifs.,高級的熱量管理與供氧控制技術，可將運作中營火與火爐的持續時間延長。,高度な熱管理と酸素制御技術により、活動中の焚き火や炉の持続時間を延長させます。,Técnicas avançadas de gerenciamento térmico e controle de oxigênio que aumentan a duração de fogos e fornos ativos.,高级的热量管理与供氧控制技术，可将运作中营火与火炉的持续时间延长。,
STR_PLAYZ_PERK_SURV_DURABLE_EQUIPMENT_NAME,Durable Equipment,Durable Equipment,Odolne vybaveni,Robuste Ausrustung,Nadezhnoe snaryazhenie,Trwale wyposazenie,Tartos felszereles,Equipaggiamento durevole,Equipo duradero,Equipement durable,耐用装备,耐久装備,Equipamento duravel,耐用装备,
STR_PLAYZ_PERK_SURV_DURABLE_EQUIPMENT_DESC,Field maintenance discipline and protective handling that progressively reduces durability loss on your equipment.,Field maintenance discipline and protective handling that progressively reduces durability loss on your equipment.,"Disciplinovana polni udrzba a ochranne zachazeni, ktere postupne snizuje ztratu odolnosti vaseho vybaveni.","Disziplinierte Feldwartung und schonender Umgang, die den Haltbarkeitsverlust deiner Ausruestung schrittweise verringern.","Polevaya disciplina obsluzhivaniya i berezhnoe obrashchenie, kotorye postupenno snizhayut poteryu prochnosti vashego snaryazheniya.","Dyscyplina konserwacji w terenie i ostrozna obsluga, ktore stopniowo zmniejszaja utrate trwalosci twojego wyposazenia.","Terepi karbantartasi fegyelem es vedo kezeles, amely fokozatosan csokkenti a felszerelesed allapotveszteset.","Disciplina di manutenzione sul campo e gestione protettiva che riducono progressivamente la perdita di durabilita del tuo equipaggiamento.","Disciplina de mantenimiento en campo y manejo protector que reducen progresivamente la perdida de durabilidad de tu equipo.","Discipline d'entretien sur le terrain et manipulation protective qui reduisent progressivement la perte de durabilite de votre equipement.",野外维护纪律与防护性操作可逐步降低装备耐久损耗。,野外整備の徹底と保護的な取り扱いにより装備の耐久消耗を段階的に抑える。,Disciplina de manutencao em campo e manuseio protetor que reduzem progressivamente a perda de durabilidade do seu equipamento.,野外维护纪律与防护性操作可逐步降低装备耐久损耗。,
STR_PLAYZ_PERK_SURV_STASHES_NAME,Cryptic Burial,Cryptic Burial,Kryptický pohřeb,Kryptische Bestattung,Тайное захоронение,Kryptyczne pogrzebanie,Rejtélyes eltemetés,Sepoltura criptica,Entierro críptico,Enterrement cryptique,神秘掩埋,クリプティック・ビリアル,Enterro críptico,神秘掩埋,
STR_PLAYZ_PERK_SURV_STASHES_DESC,"Specialized excavation and soil restoration methods that allow you to mask the surface of buried stashes, making them invisible to the naked eye.","Specialized excavation and soil restoration methods that allow you to mask the surface of buried stashes, making them invisible to the naked eye.","Specializované metody výkopu a obnovy půdy, které vám umožní zamaskovat povrch zakopaných skrýší, čímž se stanou neviditelnými pro pouhé oko.","Spezialisierte Ausgrabungs- und Bodenwiederherstellungsmethoden, die es Ihnen ermöglichen, die Oberfläche vergrabener Verstecke zu tarnen, sodass sie für das bloße Auge unsichtbar werden.","Специализированные методы выемки и восстановления почвы, позволяющие маскировать поверхность зарытых тайников, делая их невидимыми для невооруженного глаза.","Specjalistyczne metody wykopów i renowacji gleby, które pozwalają na maskowanie powierzchni zakopanych schowków, czyniąc je niewidocznymi gołym okiem.","Speciális ásási és talaj-helyreállítási módszerek, amelyek lehetővé teszik az eltemetett rejtekhelyek felületének álcázását, láthatatlanná téve azokat szabad szemmel.","Metodi specializzati di scavo e ripristino del suolo che consentono di mascherare la superficie dei depositi sepolti, rendendoli invisibili a occhio nudo.","Métodos especializados de excavación y restauración del suelo que le permiten enmascarar la superficie de los alijos enterrados, haciéndolos invisibles a simple vista.","Méthodes d'excavation et de restauration du sol spécialisées vous permettant de masquer la surface des caches enterrées, les rendant invisibles à l'œil nu.",專門的挖掘與土壤復原方法，容許您掩飾埋藏儲物箱的表面，使其躲過肉眼觀察。,埋められた隠し場所の表面を隠し、肉眼で見えなくすることを可能にする、専門的な発掘と土壌修復方法。,"Métodos especializados de escavação e restauração de solo que permitem mascarar a superfície de esconderijos enterrados, tornando-os invisíveis a olho nu.",专门的挖掘与土壤复原方法，允许您掩饰埋藏储物箱的表面，使其躲过肉眼观察。,
STR_PLAYZ_HUNTING_MOD_MEATHUNT_NAME,Butcher's Bounty,Butcher's Bounty,Řeznická odměna,Fleischer-Beute,Охотничий трофей,Łup rzeźnika,Mészáros zsákmánya,Bottino del macellaio,Botín del carnicero,Butin du boucher,屠夫賞金,ブッチャーズ・バウンティ,Recompensa do açougueiro,屠夫赏金,
STR_PLAYZ_HUNTING_MOD_MEATHUNT_DESC,Increases the amount of meat harvested from animal carcasses as your hunting level increases.,Increases the amount of meat harvested from animal carcasses as your hunting level increases.,Zvyšuje množství masa získaného z těl zvířat s rostoucí úrovní lovu.,"Erhöht die Menge an Fleisch, die mit steigendem Jagdlevel von Tierkadavern geerntet wird.","Увеличивает количество мяса, добываемого из туш животных по мере повышения уровня охоты.",Zwiększa ilość mięsa pozyskiwanego z padliny zwierząt wraz ze wzrostem poziomu łowiectwa.,A vadászati szint emelkedésével növeli az állati tetemekből kinyert hús mennyiségét.,Aumenta la quantità di carne raccolta dalle carcasse animali con l'aumentare del livello di caccia.,Aumenta la cantidad de carne recolectada de los cadáveres de animales a medida que aumenta tu nivel de caza.,Augmente la quantité de viande récoltée sur les carcasses d'animaux à mesure que votre niveau de chasse augmente.,隨著狩獵等級提高，增加從動物屍體中獲得的肉量。,狩猟レベルが上がるにつれて、動物の死骸から採取できる肉の量が増加します。,Aumenta a quantidade de carne colhida de carcaças de animais à medida que seu nível de caça aumenta.,随着狩猎等级提高，增加从动物尸体中获得的肉量。,
STR_PLAYZ_HUNTING_MOD_QUICKCUT_NAME,Surgical Precision,Surgical Precision,Chirurgická přesnost,Chirurgische Präzision,Хирургическая точность,Chirurgiczna precyzja,Sebészi precizitás,Precisione chirurgica,Precisión quirúrgica,Précision chirurgicale,手術般的精確,サージカル・プレシジョン,Precisão cirúrgica,手术般的精确,
STR_PLAYZ_HUNTING_MOD_QUICKCUT_DESC,Reduces the time required to skin and quarter animals based on your experience.,Reduces the time required to skin and quarter animals based on your experience.,Zkracuje čas potřebný ke stažení a porcování zvířat na základě vašich zkušeností.,"Reduziert die Zeit, die zum Häuten und Zerlegen von Tieren benötigt wird, basierend auf Ihrer Erfahrung.","Сокращает время, необходимое для свежевания и разделки животных, на основе вашего опыта.",Skraca czas potrzebny na skórowanie i ćwiartowanie zwierząt w oparciu o Twoje doświadczenie.,Tapasztalatod alapján csökkenti az állatok nyúzásához és negyedeléséhez szükséges időt.,Riduce il tempo necessario per scuoiare e squartare gli animali in base alla tua esperienza.,Reduce el tiempo requerido para desollar y descuartizar animales según tu experiencia.,Réduit le temps nécessaire pour dépecer et dépouiller les animaux en fonction de votre expérience.,根據您的經驗，縮短剝皮與肢解動物所需的時間。,経験に基づいて、動物の皮剥ぎや解体に必要な時間を短縮します。,Reduz o tempo necessário para esfolar e esquartejar animais com base em sua experiência.,根据您的经验，缩短剥皮与肢解动物所需的时间。,
STR_PLAYZ_HUNTING_MOD_PLMASTER_NAME,Pelt Preservation,Pelt Preservation,Zachování kůže,Fellerhaltung,Сохранение шкур,Zachowanie skór,Irhamegőrzés,Preservazione delle pelli,Preservación de pieles,Conservation des peaux,皮革防腐,毛皮の保存,Preservação de peles,皮革防腐,
STR_PLAYZ_HUNTING_MOD_PLMASTER_DESC,Improves the quality and health of harvested pelts as you master the art of skinning.,Improves the quality and health of harvested pelts as you master the art of skinning.,"Zlepšuje kvalitu a stav získaných kůží, jakmile ovládnete umění stahování.","Verbessert die Qualität und den Zustand der geernteten Felle, während Sie die Kunst des Häutens meistern.","Улучшает качество и состояние добытых шкур по мере того, как вы осваиваете искусство свежевания.",Poprawia jakość i stan pozyskiwanych skór w miarę opanowywania sztuki skórowania.,"Javítja a kinyert irhák minőségét és állapotát, ahogy elsajátítod a nyúzás művészetét.",Migliora la qualità e la salute delle pelli raccolte man mano che padroneggi l'arte della scuoiatura.,Mejora la calidad y el estado de las pieles recolectadas a medida que dominas el arte del desuello.,Améliore la qualité et l'état des peaux récoltées à mesure que vous maîtrisez l'art du dépouillement.,隨著您精通剝皮藝術，提高收穫皮革的品質與完整度。,皮剥ぎの技術を習得するにつれて、採取される毛皮の品質と状態が向上します。,Melhora a qualidade e a saúde das peles colhidas à medida que você domina a arte da esfolação.,随着您精通剥皮艺术，提高收获皮革的品质与完整度。,
STR_PLAYZ_FISHING_MOD_CATCH_NAME,Angler's Intuition,Angler's Intuition,Rybářská intuice,Angler-Intuition,Интуиция рыболова,Intuicja wędkarza,Horgász intuíció,Intuizione dell'anglista,Intuición de pescador,Intuition de l'angleur,釣客直覺,アングラーズ・インテュイション,Intuição de pescador,钓客直觉,
STR_PLAYZ_FISHING_MOD_CATCH_DESC,Increases the probability of a fish biting based on your deep understanding of aquatic behavior.,Increases the probability of a fish biting based on your deep understanding of aquatic behavior.,"Zvyšuje pravděpodobnost, že ryba zabere, na základě vašeho hlubokého porozumění vodnímu chování.","Erhöht die Wahrscheinlichkeit, dass ein Fisch anbeißt, basierend auf Ihrem tiefen Verständnis des aquatischen Verhaltens.",Увеличивает вероятность поклевки рыбы на основе вашего глубокого понимания поведения водных обитателей.,Zwiększa prawdopodobieństwo brania ryby w oparciu o Twoje głębokie zrozumienie zachowań wodnych.,A vízi viselkedés mélyreható ismerete alapján növeli a halak kapásának valószínűségét.,Aumenta la probabilità che un pesce abbocchi in base alla tua profonda comprensione del comportamento acquatico.,Aumenta la probabilidad de que un pez muerda basándose en tu profundo conocimiento del comportamiento acuático.,Augmente la probabilité qu'un poisson morde en fonction de votre compréhension approfondie du comportement aquatique.,根據您對水生行為 trading 的深刻理解，增加魚類咬鉤的機率。,水生行動に対する深い理解に基づき、魚が食いつく確率を高めます。,Aumenta a probabilidade de um peixe morder com base na sua profunda compreensão do comportamento aquático.,根据您对水生行为的深刻理解，增加鱼类咬钩的概率。,
STR_PLAYZ_FISHING_MOD_RELIABGEAR_NAME,Tackle Resilience,Tackle Resilience,Odolnost náčiní,Tackle-Resilienz,Устойчивость снастей,Odporność sprzętu,Felszerelés ellenállása,Resilienza dell'attrezzatura,Resiliencia del equipo,Résilience de l'attrezzatura,具備韌性的漁具,タックル・レジリエンス,Resiliência de equipamento,具备韧性的渔具,
STR_PLAYZ_FISHING_MOD_RELIABGEAR_DESC,Reduces the chance of losing hooks and bait when your line snaps or a fish escapes.,Reduces the chance of losing hooks and bait when your line snaps or a fish escapes.,"Snižuje šanci na ztrátu háčků a návnady, když se vám přetrhne vlasec nebo ryba unikne.","Reduziert die Chance, Haken und Köder zu verlieren, wenn Ihre Schnur reißt oder ein Fisch entkommt.",Снижает шанс потери крючков и наживки при обрыве лески или уходе рыбы.,Zmniejsza szansę na utratę haczyków i przynęty w przypadku zerwania żyłki lub ucieczki ryby.,"Csökkenti a horgok és csalik elvesztésének esélyét, ha elszakad a zsinór vagy elmenekül a hal.",Riduce la possibilità di perdere ami ed esche quando la lenza si spezza o un pesce scappa.,Reduce la posibilidad de perder anzuelos y cebo cuando se rompe el hilo o se escapa un pez.,Réduit les risques de perdre des hameçons et des appâts lorsque votre ligne casse ou qu'un poisson s'échappe.,當魚線斷裂或魚兒逃脫時，降低丟失魚鉤與魚餌的機率。,ラインが切れたり魚が逃げたりしたときに、フックやベイトを失う可能性を減らします。,Reduz a chance de perder anzóis e iscas quando sua linha arrebenta ou um peixe escapa.,当鱼线断裂或鱼儿逃脱时，降低丢失鱼钩与鱼饵的概率。,
STR_PLAYZ_FISHING_MOD_MASTERF_NAME,Icarian Filleting,Icarian Filleting,Icarian filetování,Icarian-Filetierung,Икарийская разделка,Icarian filetowanie,Icarian filézés,Sfilettatura icariana,Fileteado icariano,Filetage icarien,伊卡洛斯切片,イカリアン・フィレティング,Filetagem icariana,伊卡洛斯切片,
STR_PLAYZ_FISHING_MOD_MASTERF_DESC,Maximizes the quantity of meat harvested from fish by using precision cutting techniques.,Maximizes the quantity of meat harvested from fish by using precision cutting techniques.,Maximalizuje množství masa získaného z ryb použitím technik přesného řezání.,Maximiert die aus Fisch gewonnene Fleischmenge durch präzise Schneidetechniken.,"Максимизирует количество мяса, получаемого из рыбы, за счет использования техник точной резки.",Maksymalizuje ilość mięsa pozyskiwanego z ryb dzięki zastosowaniu technik precyzyjnego cięcia.,Precíziós vágási technikák alkalmazásával maximalizálja a halakból kinyert hús mennyiségét.,Massimizza la quantità di carne raccolta dal pesce utilizzando tecniche di taglio di precisione.,Maximiza la cantidad de carne recolectada del pescado mediante técnicas de corte de precisión.,Maximise la quantité de viande récoltée sur le poisson en utilisant des techniques de coupe de précision.,使用精密切割技術，最大化從魚類身上收穫的肉量。,精密なカット技術により、魚から採れる肉の量を最大限に増やします。,Maximiza a quantidade de carne colhida de peixes usando técnicas de corte de precisão.,使用精密切割技术，最大化从鱼类身上收获的肉量。,
STR_PLAYZ_PERK_STLTH_NINJA_NAME,Ninja,Ninja,Ninja,Ninja,Ниндзя,Ninja,Nindzsa,Ninja,Ninja,Ninja,忍者,忍者,Ninja,忍者,
STR_PLAYZ_PERK_STLTH_NINJA_DESC,Subtle movements and breath control that make you quieter during the night.,Subtle movements and breath control that make you quieter during the night.,"Jemné pohyby a ovládání dechu, díky nimž jste v noci tišší.","Subtile Bewegungen und Atemkontrolle, die dich in der Nacht leiser machen.","Незаметные движения и контроль дыхания, которые позволяют вам вести себя тише ночью.","Subtelne ruchy i kontrola oddechu, które sprawiają, że jesteś cichszy w nocy.","Finom mozdulatok és légzéskontroll, amelyek halkabbá teszik az éjszaka folyamán.",Movimenti sottili e controllo del respiro che ti rendono più silenzioso durante la notte.,Movimientos sutiles y control de la respiración que te hacen más silencioso durante la noche.,Des mouvements subtils et un contrôle de la respiration qui vous rendent plus silencieux pendant la nuit.,微妙的動作與呼吸控制，讓您在夜間更加安靜。,夜間の行動をより静かにする、繊細な動きと呼吸のコントロール。,Movimentos sutis e controle da respiração que o tornam mais silencioso durante a noite.,微妙的动作与呼吸控制，让您在夜间更加安静。,
"STR_TERJECORE_EFFECT_LEVEL_0","LEVEL","LEVEL","ÚROVEŇ","STUFE","УРОВЕНЬ","POZIOM","","LIVELLO","NIVEL","NIVEAU","","レベル","NÍVEL","",
"STR_TERJECORE_EFFECT_LEVEL_1","","","","","","",". SZINT","","","","級","","","级",
"STR_TERJECORE_EFFECT_HEALTH","HEALTH","HEALTH","ZDRAVÍ","GESUNDHEIT","ЗДОРОВЬЕ","ZDROWIE","EGÉSZSÉG","SALUTE","SALUD","SANTÉ","健康","健康","SAÚDE","健康",
"STR_TERJECORE_EFFECT_BLOOD","BLOOD","BLOOD","KREV","BLUT","КРОВЬ","KREW","VÉR","SANGUE","SANGRE","SANG","血液","血液","SANGUE","血液",
"STR_TERJECORE_EFFECT_SHOCK","SHOCK","SHOCK","ŠOK","SCHOCK","ШОК","SZOK","SZOK","SHOCK","CHOQUE","CHOC","休克","ショック","CHOQUE","休克",
"STR_TERJECORE_EFFECT_ENERGY","NUTRITION","NUTRITION","VÝŽIVA","NÄHRSTOFFE","ПИТАТЕЛЬНОСТЬ","POŻYWIENIE","TÁPLÁKOZÁS","NUTRIZIONE","NUTRICIÓN","NUTRITION","營養","栄養","NUTRIÇÃO","营养",
"STR_TERJECORE_EFFECT_WATER","HYDRATION","HYDRATION","HYDRATACE","HYDRATION","ГИДРАЦИЯ","NAWODNIENIE","HIDRATÁCIÓ","IDRATAZIONE","HIDRATACIÓN","HYDRATATION","水分值","水分補給","HIDRATAÇÃO","水分值",
"STR_TERJECORE_PIS_HEALTH","Health","Health","Zdraví","Gesundheit","Здоровье","Zdrowie","Egészség","Salute","Salud","Santé","健康","健康","Saúde","健康",
"STR_TERJECORE_PIS_HEALTH_CRIT","Critically low level of health","Critically low level of health","Kriticky nízká úroveň zdraví","Kritisch niedrige Gesundheit","Критически низкий уровень здоровья","Krytycznie niski poziom zdrowia","Kritikusan alacsony egészségügyi szint","Salute criticamente bassa","Salud críticamente baja","État de santé critique","健康水平極低","非常に低いレベルの健康","Nível de saúde criticamente baixo","健康水平极低",
"STR_TERJECORE_PIS_HEALTH_LOW","Low level of health","Low level of health","Nízká úroveň zdraví","Niedrige Gesundheit","Низкий уровень здоровья","Niski poziom zdrowia","Alacsony egészségügyi szint","Bassa salute","Baja salud","Mauvaise santé","健康水平低","低レベルの健康","Baixa saúde","健康水平低",
"STR_TERJECORE_PIS_HEALTH_WARN","The level of health is below normal","The level of health is below normal","Úroveň zdraví pod normálem","Gesundheitsniveau ist niedriger als normal","Уровень здоровья ниже нормы","Poziom zdrowia poniżej normy","Az egészség szintje a normál alatt van","Livello di salute inferiore al normale","Nivel de salud por debajo de lo normal","Niveau de santé inférieur à la normale","健康水平低於正常範圍","健康のレベルは正常以下です","Saúde abaixo do normal","健康水平低于正常水平",
"STR_TERJECORE_PIS_BLOOD","Blood","Blood","Krev","Blut","Кровь","Krew","Vér","Sangue","Sangre","Sang","血液","血","Sangue","血",
"STR_TERJECORE_PIS_BLOOD_CRIT","Critically low blood levels","Critically low blood levels","Kriticky nízká hladina krve","Kritisch niedrige Blutwerte","Критически низкий уровень крови","Krytycznie niski poziom krwi","Kritikusan alacsony vérszint","Livelli ematici criticamente bassi","Niveles sanguíneos críticamente bajos","Taux sanguin extrêmement bas","血液水平低極低","血中濃度が非常に低い","Níveis sanguíneos extremamente baixos","血液浓度极低",
"STR_TERJECORE_PIS_BLOOD_LOW","Low blood levels","Low blood levels","Nízká hladina krve","Niedriger Blutspiegel","Низкий уровень крови","Niski poziom krwi","Alacsony vérszint","Bassi livelli ematici","Niveles bajos de sangre","Faible taux sanguin","血液水平低","低血中濃度","Baixos níveis sanguíneos","血液浓度低",
"STR_TERJECORE_PIS_BLOOD_WARN","The blood level is below normal","The blood level is below normal","Hladina krve pod normálem","Der Blutspiegel ist niedriger als normal","Уровень крови ниже нормы","Poziom krwi poniżej normy","A vérszint a normál alatt van","Livelli ematici inferiori al normale","Niveles de sangre por debajo de lo normal","Taux sanguin inférieur à la normale","血液水平低於正常範圍","血中濃度は正常以下です","Níveis sanguíneos abaixo do normal","血液浓度水平低于正常水平",
"STR_TERJECORE_PIS_BBONES","Fractures","Fractures","Zlomenina","Frakturen","Переломы","Złamanie","Törések","Fratture","Fracturas","Fractures","骨折","骨折","Fratura","骨折",
"STR_TERJECORE_PIS_BBONES_LEGS","Closed bone fracture in one of the legs","Closed bone fracture in one of the legs","Uzavřená zlomenina kosti v jedné z nohou","Geschlossener Knochenbruch in einem der Beine","Закрытый перелом кости в одной из ног","Zamknięte złamanie kości w jednej z nóg","Zárt csonttörés az egyik lábon","Frattura ossea chiusa in una delle gambe","Fractura de hueso cerrada en una de las piernas","Fracture osseuse fermée dans l'une des jambes","一條腿閉合性骨折","片方の脚の閉じた骨折","Fratura óssea fechada em uma das pernas","一条腿闭合性骨折",
"STR_TERJECORE_PIS_INCUBATION","Incubation period (without symptoms of the disease)","Incubation period (without symptoms of the disease)","Inkubační doba (bez příznaků onemocnění)","Inkubationszeit (ohne Krankheitssymptome)","Инкубационный период (без симптомов болезни)","Okres inkubacji (bez objawów choroby)","Inkubációs időszak (a betegség tünetei nélkül)","Periodo di incubazione (senza sintomi di malattia)","Período de incubación (sin síntomas de enfermedad)","Période d'incubation (sans symptômes)","潛伏期（無症狀階段）","潜伏期間（病気の症状なし）","Período de incubação (sem sintomas)","潜伏期（无症状阶段）",
"STR_TERJECORE_COND_SP","Available to a limited list of players","Available to a limited list of players","K dispozici omezený seznam hráčů","Für eine begrenzte Anzahl von Spielern verfügbar","Доступен ограниченому списку игроков","Dostępna dla ograniczonej listy graczy","Korlátozott számú játékos számára elérhető","Disponibile per un elenco limitato di giocatori","Disponible para una lista limitada de jugadores","Disponible pour une liste limitée de joueurs","提供给有限的玩家名单","プレイヤーの限られたリストに利用可能","Disponível para uma lista limitada de jogadores","提供给有限的玩家名单",
"STR_TERJECORE_COND_TM","Timeout (active): ","Timeout (active): ","Časový limit (aktivní): zbývá ","Timeout (aktiv): Noch ","Таймаут (активный): осталось","Timeout (active): pozostało ","Időkorlát (aktív): ","Timeout (attivo): ","Tiempo de espera (activo): quedan ","Délai d'expiration (actif): ","超时（活动）：还剩","タイムアウト（アクティブ）：残り","Tempo limite (ativo): ","超时（活动）：还剩",
"STR_TERJECORE_SECOND","seconds","seconds","sekundy","Sekunden","секунд","chwila","másodperc","seconde","segundas","secondes","秒数","秒","segundo","秒数",
"STR_TERJECORE_MINUTES","minutes","minutes","minut","Minuten","минут","chwila","jegyzőkönyv","minuti","minutos","min","分钟","議事録","minuto","分钟",
"STR_TERJECORE_HOURS","hours","hours","doba","Stunden","час","godziny","órák","ora","horas","heures","工作时数","営業時間","horas","工作时数",
"STR_TERJECORE_COND_TM2","Timeout:","Timeout:","Timout:","Abklingzeit:","Таймаут:","Timeout:","Időtúllépés:","Timeout:","Tiempo de espera:","Timeout:","超时时间:","タイムアウト:","Tempo limite:","超时时间:",
"STR_TERJECORE_DAYS","days","days","dno","Days","дней","dni","napok","giorno","días","jours","天数","日","dias","天数",
"STR_TERJECORE_METERS","meters","meters","metrů","Meter","метров","metr","méter","metro","metros","mètres","米","メーター","metro","米",
"STR_TERJECORE_KILOMETERS","kilometers","kilometers","kilometrů","Kilometer","километров","kilometrów","kilométer","chilometri","kilómetros","kilomètres","公里数","キロ","quilómetro","公里数",
"STR_TERJECORE_COND_SKILL","skill level","skill level","úroveň dovedností","skill-Level","уровень навыка","poziom umiejętności","képzettségi szint","livello di abilità","nivel de habilidad","niveau de compétence","技能水平","スキルレベル","nível de habilidade","技能水平",
"STR_TERJECORE_COND_PERK","perk level","perk level","úroveň perku","das niveau des Perks","уровень перка","poziom profitu","perk szint","livello di vantaggio","nivel de beneficio","niveau d'avantage","振作水平","特典レベル","nível de vantagem","振作水平",
"STR_TERJECORE_COND_REQ","Requires","Requires","Vyžadovat","Erforderlich","Требуется","Potrzebnym","Szükséges","Cercasi","Necesario","Se demander","是必需的","が必要です","Exigir","是必需的",
"STR_TERJECORE_CRAFT_BLOCK","Failed to craft","Failed to craft","Nelze vytvořit","Konnte nicht erstellt werden","Не удалось создать","Nie można utworzyć","Nem sikerült létrehozni","Impossibile creare","No se pudo crear","Impossible de créer","创建失败","作成に失敗しました","Não foi possível criar","创建失败",
STR_TERJECORE_EFFECT_POSITIVE,TREATMENT:,TREATMENT:,LÉČBA:,BEHANDLUNG:,ЛЕЧЕНИЕ:,LECZENIE:,KEZELÉS:,TRATTAMENTO:,TRATAMIENTO:,TRAITEMENT:,治療：,処理：,TRATAMENTO:,治疗：,
STR_TERJECORE_EFFECT_NEGATIVE,SIDE EFFECTS:,SIDE EFFECTS:,NEŽÁDOUCÍ ÚČINKY:,NEBENWIRKUNGEN:,ПОБОЧНЫЕ ЭФФЕКТЫ:,SKUTKI UBOCZNE:,MELLÉKHATÁSOK:,EFFETTI COLLATERALI:,EFECTOS SECUNDARIOS:,EFFETS SECONDAIRES :,副作用：,副作用:,EFEITOS COLATERAIS:,副作用：,
STR_TERJESKILL_ATHLETIC_NAME,ATHLETICS,ATHLETICS,ATLETIKA,ATHLETIK,АТЛЕТИКА,LEKKOATLETYKA,Atlétika,ATLETICA,ATLETISMO,ATHLÉTISME,運動,陸上競技,ATLETISMO,田径,
STR_TERJESKILL_STRENGTH_NAME,STRENGTH,STRENGTH,PEVNOST,STÄRKE,СИЛА,SIŁA,ERŐ,FORZA,FORTALEZA,FORCE,力量,強さ,FORÇA,力量,
STR_TERJEPERK_ATH_QUICKFEET,Quick Legs,Quick Legs,Rychlé nohy,Schnelle Beine,Быстрые ноги,Szybkie nóżki,Gyors lábak,Gambe veloci,Piernas rápidas,Jambes Rapides,快腿,クイックレッグス,Pernas rápidas,快腿,
STR_TERJEPERK_ATH_QUICKFEET_DES,"You spend less stamina when sprinting. Thanks to excellent physical fitness and energy savings, you can maintain high speed for longer without getting tired so quickly.","You spend less stamina when sprinting. Thanks to excellent physical fitness and energy savings, you can maintain high speed for longer without getting tired so quickly.","Při sprintu ztrácíte méně vytrvalosti. Díky skvělé fyzické kondici a úspoře energie můžete udržet vysokou rychlost déle, aniž byste se tak rychle unavili.","Sie verbringen weniger Ausdauer beim Sprinten. Mit hervorragender körperlicher Fitness und Energieeinsparungen können Sie Ihre Geschwindigkeit länger halten, ohne so schnell zu ermüden.","Вы тратите меньше выносливости при спринте. Благодаря отличной физической подготовке и экономии энергии, вы можете дольше поддерживать высокую скорость, не утомляясь так быстро.","Podczas sprintu zużywasz mniej wytrzymałości. Dzięki doskonałej kondycji i oszczędności energii możesz dłużej utrzymywać wysoką prędkość, nie męcząc się tak szybko.","Kevesebb állóképességet költ sprintelés közben. A kiváló fizikai erőnlétnek és az energiamegtakarításnak köszönhetően hosszabb ideig képes fenntartani a nagy sebességet anélkül, hogy ilyen gyorsan elfáradna.","Spendi meno resistenza durante lo sprint. Con un'eccellente forma fisica e un risparmio energetico, puoi mantenere l'alta velocità più a lungo senza stancarti così velocemente.","Gastas menos resistencia al correr. Gracias a su excelente condición física y ahorro de energía, puede mantener su alta velocidad por más tiempo sin cansarse tan rápido.","Vous dépensez moins d'endurance en sprintant. Grâce à une excellente condition physique et à des économies d'énergie, vous pouvez maintenir une vitesse élevée plus longtemps sans vous fatiguer aussi rapidement.",衝刺時消耗的體力較少。得益於卓越的體能和能量儲備，你可以在不容易疲勞的情況下維持較長時間的高速。,全力疾走するときより少ないスタミナを使う。 優れた体力とエネルギー節約のおかげで、あなたはそれほど早く疲れずに長く高速を維持することができます。,"Você gasta menos resistência ao correr. Com excelente condicionamento físico e economia de energia, você pode manter a alta velocidade por mais tempo sem se cansar tão rápido.",你在短跑时花费的耐力较少。 由于出色的体能和节能，您可以保持更长时间的高速度，而不会如此快地感到疲倦。,
STR_TERJEPERK_ATH_MARATHONER,Marathoner,Marathoner,Maratonec,Marathonläufer,Марафонец,Maratończyk,Maratoni futó,Maratoneta,Maratoniano,Marathonien,馬拉松運動員,マラソンランナー,Maratona,马拉松运动员,
STR_TERJEPERK_ATH_MARATHONER_DES,"You regain stamina faster when jogging. Thanks to the effective distribution of strength and breathing, your stamina is restored even in motion, allowing you to continue running longer without having to stop to rest.","You regain stamina faster when jogging. Thanks to the effective distribution of strength and breathing, your stamina is restored even in motion, allowing you to continue running longer without having to stop to rest.","Při běhání obnovíte vytrvalost rychleji. Díky účinnému rozložení sil a dýchání se vaše stamina regeneruje i v pohybu, což vám umožní pokračovat v běhu déle, aniž byste se museli zastavit na odpočinek.","Sie regenerieren Ihre Ausdauer schneller beim Joggen. Durch eine effektive Kraftverteilung und Atmung erholt sich Ihre Ausdauer auch wärend Sie sich Bewegen, so dass Sie länger laufen können, ohne zur Ruhe anhalten zu müssen.","Вы восстанавливаете выносливость быстрее при беге трусцой. Благодаря эффективному распределению сил и дыханию, ваша стамина восстанавливается даже в движении, позволяя вам продолжать бег дольше без необходимости останавливаться для отдыха.","Podczas joggingu szybciej odzyskujesz wytrzymałość. Dzięki wydajnemu rozkładowi sił i oddychaniu, wytrzymałość regeneruje się nawet podczas biegu, co pozwala na dłuższe bieganie bez konieczności zatrzymywania się na odpoczynek.","Kocogás közben gyorsabban visszanyeri az állóképességet. Az erő és a légzés hatékony eloszlásának köszönhetően az állóképesség még mozgásban is helyreáll, lehetővé téve, hogy hosszabb ideig futhasson anélkül, hogy meg kellene állnia pihenni.","Riacquisti la resistenza più velocemente quando fai jogging. Con un'efficace distribuzione della forza e della respirazione, la tua stamina si rigenera anche in movimento, permettendoti di continuare a correre più a lungo senza doverti fermare per riposare.","Recuperas la resistencia más rápido al trotar. A través de una distribución eficiente de la fuerza y la respiración, su stamina se recupera incluso en movimiento, lo que le permite seguir corriendo por más tiempo sin tener que detenerse para descansar.","Vous récupérez votre endurance plus rapidement en trottinant. Grâce à une répartition efficace de la force et de la respiration, votre endurance se restaure même en mouvement, vous permettant de courir plus longtemps sans devoir vous arrêter pour vous reposer.",慢跑時，你的體力恢復速度更快。得益於有效的力量分配和呼吸控制，即使在運動中，你的體力也能恢復，讓你可以持續跑步更長時間，而不需要停下來休息。,ジョギングするとスタミナが早く回復します。 強さと呼吸の効果的な分布のおかげで、あなたのスタミナは動いていても回復し、休むために止まることなくより長く走り続けることができます。,"Você restaura a resistência mais rapidamente ao correr. Com uma distribuição eficaz de força e respiração, sua stamina se recupera mesmo em movimento, permitindo que você continue correndo por mais tempo sem ter que parar para descansar.",慢跑时你恢复耐力更快。 由于力量和呼吸的有效分配，你的耐力甚至在运动中恢复，让你继续跑更长的时间，而不必停下来休息。,
STR_TERJEPERK_ATH_PROPERBREATHING,Proper Breathing,Proper Breathing,Správné dýchání,Richtige Atmung,Правильное дыхание,Prawidłowe oddychanie,Megfelelő légzés,Respirazione corretta,Respiración rítmica,Respiration Correcte,穩定呼吸,適切な呼吸,Respiração correta,穩定呼吸,
STR_TERJEPERK_ATH_PROPERBREATHING_DES,"You recover stamina faster by standing still. The ability to quickly relax and regain strength allows you to quickly return stamina to a static position, and always be ready for new actions.","You recover stamina faster by standing still. The ability to quickly relax and regain strength allows you to quickly return stamina to a static position, and always be ready for new actions.","Vytrvalost obnovíte rychleji, když stojíte na místě. Schopnost rychle relaxovat a obnovit sílu Vám umožňuje rychleji získat zpět staminu ve statické poloze a být vždy připraven na nové akce.","Sie stellen die Ausdauer schneller wieder her, indem Sie still stehen. Die Fähigkeit, sich schnell zu entspannen und Kraft wiederherzustellen, ermöglicht es Ihnen, Ihre Ausdauer schneller zu regenerieren und immer auf neue Aktivitäten vorbereitet zu sein.","Вы восстанавливаете выносливость быстрее, стоя на месте. Способность быстро расслабляться и восстанавливать силы позволяет вам быстрее вернуть стамину в статичном положении, и всегда быть готовым к новым действиям.",Szybsze odzyskiwanie wytrzymałości w bezruchu. Zdolność do rozluźnienia się i szybkiej regeneracji pozwala szybciej odzyskać wytrzymałość w statycznej pozycji i zawsze być gotowym do nowych działań.,"Az állóképességet gyorsabban helyreállítja, ha áll. Az a képesség, hogy gyorsan pihenjen és visszanyerje erejét, lehetővé teszi, hogy gyorsan visszatérjen az állóképesség statikus helyzetbe, és mindig készen álljon az új műveletekre.",Riacquisti la resistenza più velocemente stando fermo. La capacità di rilassarsi e recuperare rapidamente ti consente di riportare la stamina in una posizione statica più rapidamente ed essere sempre pronto per nuove azioni.,"Recuperas la resistencia más rápido mientras te quedas quieto. La capacidad de relajarse rápidamente y recuperar la fuerza le permite volver a stamina en una posición estática más rápido, y siempre estar listo para nuevas acciones.",Vous récupérez votre endurance plus rapidement en restant immobile. Votre capacité à vous détendre et à récupérer vos forces vous permet de retrouver votre endurance en position statique plus rapidement.,靜止站立時，你的體力恢復更快。迅速放鬆並恢復力量的能力讓你能夠快速將體力恢復到靜止狀態，隨時準備進行新的動作。,じっと立っているとスタミナが早く回復します。 すぐにリラックスして力を取り戻す能力は、スタミナを静的な位置にすばやく戻し、常に新しい行動の準備をすることを可能にします。,Você restaura a resistência mais rapidamente em pé. A capacidade de relaxar rapidamente e recuperar forças permite que você retorne rapidamente a Estamina a uma posição estática e esteja sempre pronto para novas ações.,你通过站着不动来更快地恢复耐力. 快速放松和恢复力量的能力可以让您快速将耐力恢复到静态位置，并随时准备好新的行动。,
STR_TERJEPERK_ATH_SWIMMER,Swimmer,Swimmer,Plavec,Schwimmer,Пловец,Pływak,Úszó,Nuotatore,Nadador,Nageur,遊泳運動員,スイマー,Nadador,游泳运动员,
STR_TERJEPERK_ATH_SWIMMER_DES,"You reduce stamina consumption and increase its recovery when swimming. Thanks to the effective rowing technique and breath control, you save strength in the water and restore endurance faster, allowing you to stay afloat longer.","You reduce stamina consumption and increase its recovery when swimming. Thanks to the effective rowing technique and breath control, you save strength in the water and restore endurance faster, allowing you to stay afloat longer.","Snižujete spotřebu staminy a zvyšujete její regeneraci při plavání. Díky efektivní technice veslování a ovládání dýchání šetříte síly ve vodě a rychleji obnovujete vytrvalost, což vám umožní zůstat déle nad vodou.","Sie reduzieren den Ausdauerverbrauch und erhöhen die Regeneration beim Schwimmen. Dank einer effektiven Technik und Atemkontrolle sparen Sie Kraft im Wasser und regenerieren schneller Ihre Ausdauer, so dass Sie länger über Wasser bleiben können.","Вы уменьшаете расход стамины и увеличиваете её восстановление при плавании. Благодаря эффективной технике гребли и контролю дыхания, вы экономите силы в воде и быстрее восстанавливаете выносливость, позволяя дольше оставаться на плаву.","Zmniejsza zużycie wytrzymałości i zwiększa jej regenerację podczas pływania. Dzięki wydajnej technice pływania i kontroli oddechu oszczędzasz energię w wodzie i szybciej odzyskujesz wytrzymałość, co pozwala ci dłużej utrzymać się na powierzchni.","Csökkenti az állóképességet és növeli a gyógyulást úszás közben. A hatékony evezési technikának és a légzésszabályozásnak köszönhetően energiát takarít meg a vízben, és gyorsabban helyreállítja az állóképességet, így hosszabb ideig maradhat a felszínen.","Riduci il consumo di stamina e aumenta il suo recupero durante il nuoto. Con un'efficace tecnica di canottaggio e il controllo del respiro, risparmi forza in acqua e riacquisti la resistenza più velocemente, permettendoti di rimanere a galla più a lungo.","Reduce el consumo de stamina y aumenta su recuperación al nadar. Con una técnica de remo efectiva y control de la respiración, ahorra fuerza en el agua y recupera la resistencia más rápido, lo que le permite mantenerse a flote por más tiempo.","Grâce à une technique de nage efficace et au contrôle de votre respiration, vous économisez de la force dans l'eau et récupérez votre endurance plus rapidement, vous permettant de rester à flot plus longtemps.",在游泳時，你減少了體力消耗並加快了體力恢復。得益於有效的划水技巧和呼吸控制，你在水中節省了力量並更快地恢復耐力，使你能夠保持漂浮更長時間。,あなたはスタミナ消費を減らし、水泳時の回復を増やします。 効果的な漕ぎ技術と呼吸制御のおかげで、あなたは水の中の強さを節約し、より速く持久力を回復し、あなたがより長く浮かんでいることを可能にします。,"Você reduz o consumo de Estamina e aumenta sua recuperação ao nadar. Com técnicas eficazes de remo e controle da respiração, você economiza força na água e restaura a resistência mais rapidamente, permitindo que você permaneça à tona por mais tempo.",你减少耐力消耗，增加游泳时的恢复。 由于有效的划船技术和呼吸控制，您可以节省水中的力量并更快地恢复耐力，让您在水上停留更长时间。,
STR_TERJEPERK_ATH_STAIRMASTER,Ladders Master,Ladders Master,Žebříky mistr,Leitermeister,Мастер лестниц,Mistrz drabin,Létrák mester,Scale master,Maestro de escaleras,Maître des Échelles,梯子大師,はしごマスター,Escadas mestre,梯子大师,
STR_TERJEPERK_ATH_STAIRMASTER_DES,"You reduce stamina consumption and increase its recovery when using vertical ladders. Thanks to dexterity and economical distribution of efforts, you spend less energy on climbing and recover faster, which allows you to move more efficiently at heights.","You reduce stamina consumption and increase its recovery when using vertical ladders. Thanks to dexterity and economical distribution of efforts, you spend less energy on climbing and recover faster, which allows you to move more efficiently at heights.","Snižujete spotřebu staminy a zvyšujete její obnovu pomocí vertikálních schodišť. Díky agilitě a úspornému rozložení úsilí vynakládáte méně energie na stoupání a rychleji obnovujete síly, což vám umožní efektivněji se pohybovat ve výškách.","Sie reduzieren den Ausdauerverbrauch und erhöhen die Regeneration, wenn Sie vertikale Treppen verwenden. Dank Ihrer Geschicklichkeit und Ihrer sparsamen Verteilung der Anstrengung verbrauchen Sie weniger Energie für das Heben und regenerieren schneller Kraft, wodurch Sie sich effizienter in Höhen bewegen können.","Вы уменьшаете расход стамины и увеличиваете её восстановление при использовании вертикальных лестниц. Благодаря ловкости и экономичному распределению усилий, вы тратите меньше энергии на подъем и быстрее восстанавливаете силы, что позволяет эффективнее перемещаться по высотам.","Podczas korzystania z drabin pionowych zmniejsza się wydatek na wytrzymałość i zwiększa jej regenerację. Dzięki zręczności i lepszemu rozłożeniu wysiłku zużywasz mniej energii na wspinaczkę i szybciej odzyskujesz siły, co pozwala na bardziej efektywne poruszanie się na wysokościach.","Csökkenti az állóképességet és növeli a helyreállítást függőleges létrák használatakor. Az ügyességnek és az erőfeszítések gazdaságos elosztásának köszönhetően kevesebb energiát költ a hegymászásra és a gyorsabb helyreállításra, ami lehetővé teszi, hogy hatékonyabban mozogjon magasságban.","Si riduce il consumo di stamina e si aumenta il recupero quando si utilizzano scale verticali. Grazie alla destrezza e alla distribuzione economica degli sforzi, spendi meno energia per salire e recuperare più velocemente, il che ti consente di muoverti in modo più efficiente in quota.","Reduce el consumo de stamina y aumenta su recuperación al usar escaleras verticales. Gracias a la agilidad y la distribución económica del esfuerzo, gasta menos energía en la escalada y recupera la fuerza más rápido, lo que le permite moverse más eficientemente a través de las alturas.","Grâce à votre dextérité et à une répartition efficace de vos efforts, vous dépensez moins d'énergie en grimpant et récupérez plus vite, ce qui vous permet de grimper plus rapidement.",使用垂直梯子時，您可以減少耐力消耗並增加其恢複。 由于靈巧和經濟分配的努力，你花更少的精力在攀登和恢複更快，這可以讓你更有效地在高處移動。,縦の梯子を使用するときスタミナの消費を減らし、回復を高める。 器用さと経済的な努力の配分のおかげで、登山に費やすエネルギーが少なくなり、より速く回復し、高さでより効率的に移動することができます。,"Você reduz o consumo de Estamina e aumenta sua recuperação ao usar escadas verticais. Graças à agilidade e à distribuição econômica do esforço, você gasta menos energia na subida e recupera mais rapidamente a força, o que permite que você se mova de forma mais eficiente em alturas.",使用垂直梯子时，您可以减少耐力消耗并增加其恢复。 由于灵巧和经济分配的努力，你花更少的精力在攀登和恢复更快，这可以让你更有效地在高处移动。,
STR_TERJEPERK_ATH_NOPANTING,No Panting,No Panting,Žádné lapání po dechu,Kein Keuchen,Без отдышки,Brak zadyszki,Nincs lihegés,Non ansimare,Sin jadeos,Sans Souffle Coupé,持久不喘,あえぎなし,Não ofegante,持久不喘,
STR_TERJEPERK_ATH_NOPANTING_DES,"You reduce the delay before stamina is restored. Your body begins to recover faster after physical exertion, allowing you to quickly return to full combat readiness and stay active longer.","You reduce the delay before stamina is restored. Your body begins to recover faster after physical exertion, allowing you to quickly return to full combat readiness and stay active longer.","Před obnovením staminy snižujete zpoždění. Vaše tělo začne rychleji obnovovat sílu po fyzické námaze, což vám umožní rychle se vrátit do plné bojové připravenosti a zůstat aktivní déle.","Sie verkürzen die Verzögerung, bevor Sie Ausdauer wiederherstellen. Ihr Körper beginnt sich nach körperlicher Anstrengung schneller wieder zu stärken, sodass Sie schnell wieder in Alarmbereitschaft zurückkehren und länger aktiv bleiben können.","Вы сокращаете задержку перед восстановлением стамины. Ваше тело быстрее начинает восстанавливать силы после физической нагрузки, позволяя вам оперативно возвращаться в полную боевую готовность и дольше оставаться активным.","Zmniejszasz opóźnienie przed odzyskaniem wytrzymałości. Organizm zaczyna szybciej regenerować się po wysiłku fizycznym, co pozwala na szybki powrót do pełnej gotowości i dłuższą aktywność.","Csökkenti a késleltetést, mielőtt az állóképesség helyreáll. A tested fizikai erőfeszítés után gyorsabban kezd helyreállni, lehetővé téve, hogy gyorsan visszatérjen a teljes harci készenléthez és hosszabb ideig maradjon aktív.","Riduci il ritardo prima di recuperare lo stamina. Il tuo corpo inizia a riprendersi più velocemente dopo l'esercizio, permettendoti di tornare rapidamente alla piena prontezza al combattimento e rimanere attivo più a lungo.","Reduce el retraso antes de restaurar la estamina. Su cuerpo comienza a recuperarse más rápido después del esfuerzo físico, lo que le permite regresar rápidamente a su plena preparación para el combate y mantenerse activo por más tiempo.","Vous réduisez le délai avant que votre endurance ne se rétablisse. Votre corps commence à récupérer plus rapidement après un effort physique, vous permettant de retrouver rapidement une pleine capacité de combat et de rester actif plus longtemps.",你減少了體力恢復的延遲。經過體力消耗後，你的身體開始更快地恢復，讓你能夠迅速回復到完全的戰鬥準備狀態並保持更長時間的活躍。,スタミナが回復する前に遅延を減らします。 あなたの体は物理的な努力の後でより速く回復し始め、あなたがすぐに完全な戦闘準備に戻り、より長く活動的にとどまることを可能にします。,"Você reduz o atraso antes de restaurar a Estamina. Seu corpo começa a se recuperar mais rapidamente após o exercício, permitindo que você retorne rapidamente à plena prontidão de combate e permaneça ativo por mais tempo.",你减少耐力恢复之前的延迟。 你的身体在体力消耗后开始恢复得更快，让你快速恢复到完全战备状态并保持更长时间的活跃。,
STR_TERJEPERK_ATH_HYDRATIONCONTR,Hydration Control,Hydration Control,Kontrola hydratace,Kontrolle der Flüssigkeitszufuhr,Контроль гидратации,Kontrola nawodnienia,Hidratáció ellenőrzése,Controllo dell'idratazione,Control de hidratación,Contrôle de l'Hydratation,水分控制,水和制御,Controle de hidratação,水化控制,
STR_TERJEPERK_ATH_HYDRATIONCONTR_DES,"You reduce water consumption when running. Thanks to improved control over the body's water balance, you stay hydrated longer during active movement, which allows you to feel thirsty less often during long runs.","You reduce water consumption when running. Thanks to improved control over the body's water balance, you stay hydrated longer during active movement, which allows you to feel thirsty less often during long runs.","Při běhu snižujete průtok vody. Díky zlepšené kontrole vodní rovnováhy těla udržujete hydrataci během aktivního pohybu déle, což vám umožní méně často pociťovat žízeň při dlouhém běhu.","Sie reduzieren den Wasserverbrauch beim Laufen. Durch eine verbesserte Kontrolle des Wasserhaushalts des Körpers bleiben Sie während aktiver Bewegung länger hydratisiert, wodurch Sie bei längeren Läufen weniger durstig werden können.","Вы снижаете расход воды при беге. Благодаря улучшенному контролю над водным балансом организма, вы дольше сохраняете гидратацию во время активного передвижения, что позволяет вам реже испытывать жажду при длительных пробежках.","Zmniejszasz zużycie wody podczas biegu. Dzięki lepszej kontroli nad równowagą wodną organizmu, dłużej pozostajesz nawodniony podczas aktywnego ruchu, dzięki czemu rzadziej odczuwasz pragnienie podczas długich biegów.","Csökkenti a vízfogyasztást futás közben. A test vízmérlegének jobb ellenőrzésének köszönhetően hosszabb ideig hidratált marad az aktív mozgás során, ami lehetővé teszi, hogy hosszú futás közben ritkábban érezze magát szomjasnak.","Riduci il consumo di acqua durante la corsa. Con un migliore controllo del bilancio idrico del corpo, rimani idratato più a lungo durante il movimento attivo, permettendoti di avere meno sete durante le lunghe corse.","Reduce el consumo de agua al correr. Gracias a un mejor control del equilibrio hídrico del cuerpo, se mantiene hidratado durante más tiempo durante el movimiento activo, lo que le permite tener menos sed en carreras largas.","Vous réduisez votre consommation d'eau en courant. Grâce à un meilleur contrôle de l'équilibre hydrique du corps, vous restez hydraté plus longtemps pendant vos mouvements, ce qui vous permet d'avoir moins soif lors de longues courses.",你在跑步時減少了水分消耗。得益於對身體水分平衡的更好控制，你在積極運動時能夠更長時間保持水分，這使你在長時間跑步時不會那麼頻繁地感到口渴。,走っているときの水の消費量を減らします。 体の水分バランスの改善された制御のおかげで、あなたは長い実行中にあまり頻繁にのどが渇いて感じることができ、アクティブな動きの間に長く水和滞在します。,"Você reduz o consumo de água ao correr. Graças ao melhor controle do equilíbrio de água do corpo, você se mantém hidratado por mais tempo durante o movimento ativo, o que permite que você tenha menos sede durante corridas longas.",您减少运行时的用水量。 由于改善了对身体水分平衡的控制，您在积极运动期间保持更长时间的水分，这可以让您在长时间跑步时减少口渴。,
STR_TERJEPERK_ATH_ENERGYCONTR,Energy Control,Energy Control,Kontrola energie,Kontrolle der Energie,Контроль энергии,Kontrola energii,Energiaszabályozás,Controllo dell'energia,Control de energía,Contrôle de l'Énergie,能量控制,エネルギー制御,Controle de energia,能源控制,
STR_TERJEPERK_ATH_ENERGYCONTR_DES,"You reduce the consumption of food when running. Efficient use of energy allows your body to maintain a feeling of satiety longer during active movement, which reduces the need for food even during long runs.","You reduce the consumption of food when running. Efficient use of energy allows your body to maintain a feeling of satiety longer during active movement, which reduces the need for food even during long runs.","Při běhu snižujete spotřebu jídla. Efektivní využití energie umožňuje vašemu tělu zůstat déle sytý během aktivního pohybu, což snižuje potřebu jídla i při dlouhých běhech.","Sie reduzieren den Nahrungsverbrauch beim Laufen. Durch die effiziente Nutzung von Energie kann Ihr Körper während aktiver Bewegung länger gesättigt bleiben, wodurch der Bedarf an Nahrung auch bei langen Läufen reduziert wird.","Вы снижаете расход еды при беге. Эффективное использование энергии позволяет вашему организму дольше сохранять чувство сытости во время активного передвижения, что сокращает потребность в еде даже при длительных пробежках.","Zmniejszasz spożycie pokarmu podczas biegania. Efektywne wykorzystanie energii pozwala organizmowi zachować sytość na dłużej podczas aktywnego ruchu, co zmniejsza zapotrzebowanie na jedzenie nawet podczas długich biegów.","Csökkenti az élelmiszer fogyasztását futás közben. Az energia hatékony felhasználása lehetővé teszi a szervezet számára, hogy az aktív mozgás során hosszabb ideig fenntartsa a jóllakottság érzését, ami hosszú távon is csökkenti az élelmiszerigényt.","Riduci il consumo di cibo durante la corsa. L'uso efficiente di energia consente al tuo corpo di sentirsi pieno più a lungo durante la locomozione attiva, riducendo la necessità di cibo anche durante le lunghe corse.","Reduce el consumo de alimentos al correr. El uso eficiente de la energía le permite a su cuerpo mantenerse lleno durante más tiempo durante el movimiento activo, lo que reduce la necesidad de comer incluso durante carreras largas.","Vous réduisez votre consommation de nourriture en courant. Une utilisation efficace de l'énergie permet à votre corps de maintenir un sentiment de satiété plus longtemps pendant vos mouvements, ce qui réduit le besoin de nourriture même lors de longues courses.",你在跑步時減少了食物消耗。高效的能量利用使得你的身體在積極運動時能夠更長時間保持飽腹感，這減少了即使在長時間跑步中對食物的需求。,あなたは走っているときに食べ物の消費を減らします。 エネルギーを効率的に使用することで、体は活発な動きの間に満腹感をより長く維持することができ、長い走りの間でさえ食物の必要性を減らします。,"Você reduz o consumo de alimentos ao correr. O uso eficiente de energia permite que seu corpo mantenha a sensação de saciedade por mais tempo durante o movimento ativo, o que reduz a necessidade de comida, mesmo durante corridas longas.",您在跑步时减少了食物的消耗。 有效利用能量可以让您的身体在积极运动期间保持更长时间的饱腹感，即使在长时间跑步时也能减少对食物的需求。,
STR_TERJEPERK_ATH_ENDURING,Enduring,Enduring,Trvalý,Dauerhaft,Выносливый,Trwałość,Tartós,Duraturo,Perdurable,Endurant,經久不衰,永続的な,Duradouro,经久不衰,
STR_TERJEPERK_ATH_ENDURING_DES,"Your body is hardened for long-term loads. The maximum stamina supply is increased, allowing you to stay active longer without fatigue.","Your body is hardened for long-term loads. The maximum stamina supply is increased, allowing you to stay active longer without fatigue.","Vaše tělo je zaneseno na dlouhou zátěž. Maximální zásoba staminy je zvýšena, což vám umožní zůstat aktivní déle bez únavy.","Ihr Körper ist für längere Belastungen gehärtet. Die maximale Ausdauer wurde erhöht, sodass Sie länger ohne Ermüdung aktiv bleiben können.","Ваш организм закален для длительных нагрузок. Максимальный запас стамины увеличен, позволяя вам дольше оставаться активным без усталости.","Twoje ciało jest zahartowane do długotrwałego wysiłku. Maksymalna rezerwa wytrzymałości jest zwiększona, co pozwala na dłuższą aktywność bez zmęczenia.","A test keményedik a hosszú távú terhelésekhez. A maximális állóképességi tartalék megnövekszik, így hosszabb ideig aktív maradhat fáradtság nélkül.","Il tuo corpo è indurito per carichi prolungati. La massima riserva di Stamina è aumentata, permettendoti di rimanere attivo più a lungo senza affaticamento.","Su cuerpo está endurecido para cargas prolongadas. Se aumenta el suministro máximo de stamina, lo que le permite mantenerse activo por más tiempo sin fatiga.","Votre corps est endurci pour le port de charges. Votre réserve maximale d'endurance est augmentée, vous permettant de rester actif plus longtemps sans fatigue.",你的身體已經適應了長時間的負荷。最大體力供應增加，使你能夠在不感到疲勞的情況下保持更長時間的活躍。,あなたの体は長期的な負荷のために硬化しています。 最大スタミナリザーブが増加し、疲労せずに長くアクティブに滞在することができます。,"Seu corpo está endurecido para cargas prolongadas. O suprimento máximo de Estamina é aumentado, permitindo que você permaneça ativo por mais tempo sem se cansar.",你的身体会因为长期的负荷而变硬。 最大耐力储备增加，让您保持活跃更长时间而不会疲劳。,
STR_TERJEPERK_ATH_STUNTMAN,Stuntman,Stuntman,Kaskadér,Stuntman,Каскадер,Kaskader,Kaszkadőr,Stuntman,Especialista,Cascadeur,特技演員,スタントマン,Dublê,特技演员,
STR_TERJEPERK_ATH_STUNTMAN_DES,"You reduce the damage you receive from falls. Thanks to improved coordination and the ability to group correctly when falling, you reduce the risk of serious injury, maintaining more health even after falling from a height.","You reduce the damage you receive from falls. Thanks to improved coordination and the ability to group correctly when falling, you reduce the risk of serious injury, maintaining more health even after falling from a height.",Snižujete způsobenou škodu z pádů. Díky lepší koordinaci a schopnosti správně seskupit se při pádu snižujete riziko vážných zranění a zároveň udržujete více zdraví i po pádech z výšky.,"Sie reduzieren den erlittenen Sturzschaden. Dank der verbesserten Koordination und der Fähigkeit, sich beim Sturz richtig zu gruppieren, reduzieren Sie das Risiko schwerer Verletzungen und halten auch nach einem Sturz aus einer Höhe mehr Gesundheit.","Вы уменьшаете получаемый урон от падений. Благодаря улучшенной координации и умению правильно группироваться при падении, вы снижаете риск серьёзных травм, сохраняя больше здоровья даже после падений с высоты.","Zmniejszasz obrażenia odniesione w wyniku upadków. Dzięki lepszej koordynacji i zdolności do upadania, zmniejszasz ryzyko poważnych obrażeń, zachowując więcej zdrowia nawet po upadku z wysokości.","Csökkenti az esésekből származó károkat. A jobb koordinációnak és a megfelelő csoportosulásnak köszönhetően csökkenti a súlyos sérülések kockázatát, és még a magasságból való leesés után is megőrzi az egészséget.","Riduci i danni subiti dalle cadute. Con una migliore coordinazione e la capacità di raggruppare correttamente quando cadi, riduci il rischio di lesioni gravi mantenendo più salute anche dopo le cadute dall'alto.","Reduce el daño recibido por caídas. Con una mejor coordinación y la capacidad de agruparse adecuadamente en una caída, reduce el riesgo de lesiones graves, manteniendo más salud incluso después de caídas desde una altura.","Vous réduisez les dégâts reçus lors des chutes. Grâce à une coordination améliorée et à votre esprit vif, vous réduisez le risque de blessures graves en cas de chute.",你減少了摔落時受到的傷害。得益於更好的協調能力和正確摔落的技巧，你減少了重傷的風險，即使從高處摔下來，也能保持更多的健康。,あなたは滝から受けるダメージを減らします。 改善された調整と落下時に正しくグループ化する能力のおかげで、重傷のリスクを軽減し、高さから落ちた後でもより多くの健康を維持します。,"Você reduz o dano recebido de quedas. Ao melhorar a coordenação e a capacidade de se agrupar corretamente em uma queda, você reduz o risco de ferimentos graves, mantendo-se mais saudável mesmo depois de cair de uma altura.",你减少了你从跌倒中受到的伤害。 由于改善了协调性和摔倒时正确分组的能力，您可以降低严重伤害的风险，即使从高处坠落也能保持更多的健康。,
STR_TERJEPERK_ATH_STRONGBONES,Strong Bones,Strong Bones,Silné kosti,Starke Knochen,Крепкие кости,Śilne kości,Erős csontok,Ossa forti,Huesos fuertes,Os Solides,強壯的骨骼,強い骨,Ossos fortes,强壮的骨骼,
STR_TERJEPERK_ATH_STRONGBONES_DES,"Your bones have become stronger, reducing the risk of fractures. Even in dangerous situations, you are more resistant to injury and damage.","Your bones have become stronger, reducing the risk of fractures. Even in dangerous situations, you are more resistant to injury and damage.",Vaše kosti jsou silnější a snižují riziko zlomenin. I v nebezpečných situacích jste odolnější vůči zranění a poškození.,"Ihre Knochen sind stärker geworden, wodurch das Risiko von Frakturen reduziert wird. Selbst in gefährlichen Situationen sind Sie resistent gegen Verletzungen und Verletzungen.","Ваши кости стали прочнее, снижая риск получения переломов. Даже в опасных ситуациях вы устойчивее к травмам и повреждениям.","Twoje kości są mocniejsze, co zmniejsza ryzyko złamań. Nawet w niebezpiecznych sytuacjach jesteś bardziej odporny na obrażenia i uszkodzenia.","A csontok erősebbé váltak, csökkentve a törések kockázatát. Még veszélyes helyzetekben is jobban ellenáll a sérüléseknek és a sérüléseknek.","Le tue ossa sono diventate più forti, riducendo il rischio di fratture. Anche in situazioni pericolose, sei più resistente a lesioni e danni.","Sus huesos se han vuelto más fuertes, lo que reduce el riesgo de fracturas. Incluso en situaciones peligrosas, eres más resistente a lesiones y daños.","Vos os sont devenus plus solides, réduisant le risque de fractures. Même dans des situations dangereuses, vous êtes plus résistant aux blessures et aux dommages.",你的骨骼變得更強壯，減少了骨折的風險。即使在危險的情況下，你也更能抵抗傷害和損傷。,骨が強くなり、骨折のリスクが軽減されました。 危険な状況であっても、怪我や損傷に対してより耐性があります。,"Seus ossos se tornaram mais fortes, reduzindo o risco de fraturas. Mesmo em situações perigosas, Você é mais resistente a lesões e danos.",你的骨骼变得更强壮，减少骨折的风险。 即使在危险的情况下，你也更能抵抗伤害和伤害。,
STR_TERJEPERK_STRNG_HEAVYWEIGHT,Heavyweight,Heavyweight,Těžké váhy,Schwergewichtler,Тяжеловес,Waga ciężka,Nehézsúlyú,Peso massimo,Peso pesado,Poids Lourd,重量級,ヘビー級,Peso-pesado,重量级,
STR_TERJEPERK_STRNG_HEAVYWEIGHT_DES,"Your physical fitness allows you to carry more weight. The maximum weight carried has been increased, giving you an advantage in transporting equipment. (Additional increase to the skill modifier) ","Your physical fitness allows you to carry more weight. The maximum weight carried has been increased, giving you an advantage in transporting equipment. (Additional increase to the skill modifier) ","Vaše fyzická zdatnost vám umožňuje nést více nákladu. Maximální přenosná hmotnost je zvýšena, což vám dává výhodu v přepravě vybavení. (Další zvětšení na modifikátor SKIL) ","Ihre körperliche Fitness ermöglicht es Ihnen, mehr Ladung zu tragen. Das maximale Tragegewicht wurde erhöht, was Ihnen einen Vorteil beim Transport von Ausrüstung gibt. (Zusätzliche Vergrößerung zum Skillmodifikator) ","Ваша физическая подготовка позволяет нести больше груза. Максимальный переносимый вес увеличен, давая вам преимущество в транспортировке снаряжения. (Дополнительное увеличение к модификатору скила) ","Sprawność fizyczna pozwala na przenoszenie większych ciężarów. Maksymalny ciężar, jaki możesz unieść, został zwiększony, co daje ci przewagę w transporcie sprzętu. (Dodatkowe zwiększenie modyfikatora umiejętności) ","A fizikai erőnléted lehetővé teszi, hogy nagyobb súlyt hordozz. A szállított maximális súly megnőtt, így előnyt jelent a berendezések szállításában. (A készségmódosító további növelése) ","La tua forma fisica ti consente di trasportare più carico. Il peso massimo trasportabile è aumentato, dandoti un vantaggio nel trasporto dell'attrezzatura. (Aumento aggiuntivo al modificatore Skil) ","Su condición física le permite llevar más carga. Se aumenta el peso máximo transportable, lo que le brinda una ventaja en el transporte de equipos. (Aumento adicional al modificador de habilidad) ","Votre forme physique vous permet de porter plus de poids. Le poids maximum transporté a été augmenté, vous donnant un avantage dans le transport de l'équipement. (Augmentation en plus du modificateur de compétence)",你的體能使你能夠攜帶更多的重量。最大攜帶重量已增加，讓你在運輸裝備時具有優勢。（額外增加技能加成）,あなたの体力はより多くの重量を運ぶことを可能にする。 運ばれる最高重量は高められ、輸送設備の利点を与えます。 （スキル修飾子の追加増加） ,"Seu treinamento físico permite que você carregue mais carga. O peso máximo transportado é aumentado, dando-lhe uma vantagem no transporte de equipamentos. (Aumento adicional ao modificador de habilidade) ",你的身体素质可以让你携带更多的重量。 最大便携式的重量被增加了，给您在运输设备的一个优势。 （技能修改器额外增加） ,
STR_TERJEPERK_STRNG_JUMPER,Jumper,Jumper,Jumper,Jumper,Попрыгун,Skoczek,Jumper,Ponticello,Jersey de Punto,Sauteur,跳躍能手,ジャンパー,Jumper,跳躍能手,
STR_TERJEPERK_STRNG_JUMPER_DES,"Your jumps have become easier. You spend less stamina when jumping, which allows you to maintain your strength longer in dangerous situations.","Your jumps have become easier. You spend less stamina when jumping, which allows you to maintain your strength longer in dangerous situations.","Vaše skoky byly lehčí. Při skákání ztrácíte méně vytrvalosti, což vám umožní udržet si sílu v nebezpečných situacích déle.","Ihre Sprünge sind leichter geworden. Sie verbringen weniger Ausdauer beim Springen, was es Ihnen ermöglicht, in gefährlichen Situationen länger Kraft zu behalten.","Ваши прыжки стали более легкими. Вы тратите меньше выносливости при прыжках, что позволяет вам дольше сохранять силы в опасных ситуациях.","Twoje skoki stają się łatwiejsze. Podczas skoków zużywasz mniej wytrzymałości, co pozwala ci dłużej zachować siłę w niebezpiecznych sytuacjach.","Az ugrások könnyebbé váltak. Az ugrás során kevesebb állóképességet költ, ami lehetővé teszi, hogy veszélyes helyzetekben hosszabb ideig megőrizze erejét.","I tuoi salti sono diventati più facili. Spendi meno resistenza quando salti, permettendoti di mantenere la tua forza più a lungo in situazioni pericolose.","Tus saltos se han vuelto más fáciles. Gastas menos resistencia al saltar, lo que te permite mantener la fuerza durante más tiempo en situaciones peligrosas.","Vos sauts sont devenus plus faciles. Vous dépensez moins d'endurance en sautant, ce qui vous permet de maintenir votre force plus longtemps dans les situations dangereuses.",你的跳躍變得更輕鬆。跳躍時消耗的體力更少，讓你在危險情況下能夠更長時間保持體力。,あなたのジャンプが容易になってきました。 ジャンプするときのスタミナが少なくなるため、危険な状況で力を長く保つことができます。,"Seus saltos se tornaram mais fáceis. Você gasta menos resistência ao saltar, o que lhe permite manter a força por mais tempo em situações perigosas.",你的跳跃变得更容易了。 你在跳跃时花费更少的耐力，这可以让你在危险的情况下保持更长的力量。,
STR_TERJEPERK_STRNG_MRPROTECTION,Master of Protection,Master of Protection,Mistr ochrany,Meister des Schutzes,Мастер защиты,Mistrz obrony,A védelem mestere,Maestro della protezione,Maestro de la protección,Maître de la Protection,防護大師,保護のマスター,Mestre da protecção,保护硕士,
STR_TERJEPERK_STRNG_MRPROTECTION_DES,"You effectively deflect attacks, spending less stamina on blocking attacks. Your powers last longer, allowing you to stay resilient in battle.","You effectively deflect attacks, spending less stamina on blocking attacks. Your powers last longer, allowing you to stay resilient in battle.","Účinně odrážíte údery tím, že vynaložíte méně vytrvalosti na blokování útoků. Vaše síly vydrží déle, což vám umožní zůstat odolní v boji.","Sie reflektieren die Schläge effektiv und verbrauchen weniger Ausdauer, um Angriffe zu blockieren. Deine Kräfte halten länger an, damit du im Kampf hartnäckig bleiben kannst.","Вы эффективно отражаете удары, затрачивая меньше выносливости на блокирование атак. Ваши силы сохраняются дольше, позволяя вам оставаться стойким в бою.","Skuteczniej blokujesz ciosy, wydając mniej wytrzymałości na blokowanie ataków. Potrafisz bronić się dłużej, pozwalając Ci pozostać niezłomnym w walce.","Hatékonyan elhárítja a támadásokat, kevesebb kitartást költ a támadások blokkolására. Az erőd hosszabb ideig tart, lehetővé téve, hogy rugalmas maradj a csatában.","Respingi efficacemente i colpi, spendendo meno resistenza per bloccare gli attacchi. I tuoi poteri durano più a lungo, permettendoti di rimanere resiliente in battaglia.","Repeles los golpes de manera efectiva, gastando menos resistencia para bloquear los ataques. Tus poderes duran más tiempo, lo que te permite mantenerte firme en la batalla.","Vous déviez efficacement les attaques, dépensant moins d'endurance pour les bloquer. Votre endurance dure plus longtemps, vous permettant de résister à de long combats.",你有效地擋下攻擊，減少了阻擋攻擊時消耗的體力。你的耐力持續時間更長，使你在戰鬥中能保持更強的韌性。,あなたは効果的に攻撃をそらす、攻撃をブロックする上でより少ないスタミナを費や あなたの力は長持ちし、あなたは戦いで弾力性を保つことができます。,"Você efetivamente repelir ataques, gastando menos resistência para bloquear ataques. Suas forças duram mais, permitindo que você permaneça firme na batalha.",你有效地偏转攻击，在阻止攻击上花费更少的耐力。 你的力量持续更长时间，让你在战斗中保持弹性。,
STR_TERJEPERK_STRNG_MREVASION,Master of Evasion,Master of Evasion,Mistr vyhýbání,Ausweichmeister,Мастер уклонения,Mistrz uników,Az Evasion mestere,Maestro evasivo,Maestro de evasión,Maître de l'Évasion,閃避大師,回避のマスター,Mestre da evasão,逃避大师,
STR_TERJEPERK_STRNG_MREVASION_DES,"Your defense skills are honed to perfection. The chance to successfully block strong melee attacks has been increased, making you an impenetrable opponent.","Your defense skills are honed to perfection. The chance to successfully block strong melee attacks has been increased, making you an impenetrable opponent.","Vaše obranné schopnosti jsou zdokonaleny. Šance na úspěšné blokování silných útoků na blízko je zvýšena, což z vás dělá obtížného soupeře.","Ihre Verteidigungsfähigkeiten sind bis zur Perfektion verfeinert. Die Chance, starke Nahkampfangriffe erfolgreich zu blockieren, wurde erhöht, wodurch Sie zu einem schwer zu erprobenden Gegner werden.","Ваши навыки защиты отточены до совершенства. Шанс успешно блокировать сильные атаки в ближнем бою увеличен, что делает вас труднопробиваемым противником.","Twoje umiejętności obronne są dopracowane do perfekcji. Szansa na skuteczne blokowanie silnych ataków w zwarciu jest zwiększona, co czyni cię trudnym przeciwnikiem.","A védelmi képességeid tökéletesek. Megnőtt az esély az erős közelharci támadások sikeres blokkolására, így áthatolhatatlan ellenfél leszel.","Le tue abilità difensive sono affinate alla perfezione. La possibilità di bloccare con successo forti attacchi in mischia è aumentata, rendendoti un avversario difficile da battere.","Sus habilidades de defensa se perfeccionan a la perfección. La posibilidad de bloquear con éxito ataques cuerpo a cuerpo fuertes se ha incrementado, lo que te convierte en un oponente difícil de probar.","Vos compétences défensives sont affinées à la perfection. Votre chance de bloquer avec succès les attaques de mêlée puissantes augmente, faisant de vous un adversaire impénétrable.",你的防禦技巧已經達到完美。成功擋下強力近戰攻擊的機會已增加，使你成為一個無法突破的對手。,あなたの防衛スキルは完璧に磨かれています。 強力な近接攻撃を正常にブロックする機会が増加し、あなたを侵入不可能な相手にしています。,"Suas habilidades defensivas são aperfeiçoadas. A chance de bloquear com sucesso ataques corpo a corpo fortes é aumentada, o que faz de você um inimigo difícil de vencer.",你的防御技能被磨练到完美。 增加了成功阻挡强力近战攻击的机会，使你成为坚不可摧的对手。,
STR_TERJEPERK_STRNG_GUSTYSQUALL,Swift Attacks,Swift Attacks,Rychlé útoky,Schnelle Angriffe,Порывистый шквал,Szybkie ataki,Gyors támadások,Attacchi rapidi,Ataques rápidos,Attaques Rapides,迅捷攻擊,クイック攻撃,Ataques rápidos,快速攻击,
STR_TERJEPERK_STRNG_GUSTYSQUALL_DES,"Your fast attacks have become more effective. You spend less stamina when striking fast, which allows you to stay active in combat for longer.","Your fast attacks have become more effective. You spend less stamina when striking fast, which allows you to stay active in combat for longer.","Vaše rychlé útoky se staly efektivnějšími. Při rychlých úderech utrácíte méně výdrže, což vám umožní zůstat aktivní v boji déle.","Ihre schnellen Angriffe sind effektiver geworden. Du verbringst weniger Ausdauer, wenn du schnelle Schläge machst, wodurch du länger im Kampf aktiv bleiben kannst.","Ваши быстрые атаки стали более эффективными. Вы тратите меньше выносливости при нанесении быстрых ударов, что позволяет вам дольше оставаться активным в бою.","Twoje szybkie ataki stały się bardziej skuteczne. Wydajesz mniej wytrzymałości podczas wykonywania szybkich ciosów, co pozwala dłużej pozostać aktywnym w walce.","A gyors támadások hatékonyabbá váltak. Kevesebb állóképességet költ, ha gyorsan sztrájkol, ami lehetővé teszi, hogy hosszabb ideig aktív maradjon a harcban.","I tuoi attacchi rapidi sono diventati più efficaci. Spendi meno resistenza quando lanci colpi veloci, permettendoti di rimanere attivo più a lungo in combattimento.","Tus ataques rápidos se han vuelto más efectivos. Gastas menos resistencia al lanzar golpes rápidos, lo que te permite mantenerte activo en combate por más tiempo.","Vous dépensez moins d'endurance lors de attaques rapides, ce qui vous permet de rester actif plus longtemps en combat.",你的快速攻擊變得更加有效。進行快速攻擊時消耗的體力更少，讓你在戰鬥中能夠保持更長時間的活躍。,あなたの速い攻撃はより効果的になっています。 あなたは速く打つときより少ないスタミナを使うので、あなたはより長い間戦闘で活発に滞在することができます。,"Seus ataques rápidos se tornaram mais eficazes. Você gasta menos resistência ao dar golpes rápidos, permitindo que você permaneça ativo por mais tempo em combate.",你的快速攻击变得更加有效。 你在快速打击时花费更少的耐力，这可以让你在战斗中保持活跃更长时间。,
STR_TERJEPERK_STRNG_CRUSHINGSQUALL,Strong Attacks,Strong Attacks,Silné útoky,Starke Angriffe,Сокрушающий шквал,Silne ataki,Erős támadások,Attacchi forti,Ataques fuertes,Attaques Puissantes,強力攻擊,強い攻撃,Ataques fortes,强力攻击,
STR_TERJEPERK_STRNG_CRUSHINGSQUALL_DES,"Your fast attacks have become more powerful. The damage from quick strikes is increased, allowing you to deal more devastating blows in a short time.","Your fast attacks have become more powerful. The damage from quick strikes is increased, allowing you to deal more devastating blows in a short time.","Vaše rychlé útoky byly silnější. Poškození rychlými údery je zvýšené, což vám umožní v krátké době zasadit drtivější údery.","Ihre schnellen Angriffe wurden stärker. Der Schaden durch schnelle Schläge wurde erhöht, sodass Sie in kurzer Zeit stärkere Schläge erzielen können.","Ваши быстрые атаки стали мощнее. Урон от быстрых ударов увеличен, позволяя вам наносить более сокрушительные удары за короткое время.","Twoje szybkie ataki stały się potężniejsze. Obrażenia od szybkich ciosów są zwiększone, dzięki czemu możesz zadawać bardziej miażdżące ciosy w krótkim czasie.","A gyors támadások egyre erősebb. A gyors sztrájkok okozta károk növekednek, lehetővé téve, hogy rövid idő alatt pusztítóbb ütéseket hajtson végre.","I tuoi attacchi rapidi sono diventati più potenti. Il danno da colpi rapidi è aumentato, permettendoti di sferrare colpi più schiaccianti in breve tempo.","Sus ataques rápidos se han vuelto más poderosos. El daño de los golpes rápidos se incrementa, lo que te permite infligir golpes más aplastantes en poco tiempo.","Les dégâts des attaques puissantes sont augmentés, vous permettant de porter des coups plus dévastateurs en peu de temps.",你的快速攻擊變得更具威力。快速擊打的傷害增加，使你能在短時間內造成更具毀滅性的打擊。,あなたの速い攻撃はより強力になっています。 クイックストライクによるダメージが増加し、短時間でより壊滅的な打撃を与えることができます。,"Seus ataques rápidos se tornaram mais poderosos. O dano de golpes rápidos é aumentado, permitindo que você dê golpes mais esmagadores em um curto espaço de tempo.",你的快速攻击变得更加强大。 快速打击的伤害增加，让你在短时间内处理更具毁灭性的打击。,
STR_TERJESKILL_MISC0,per level,per level,na úroveň,pro Level,за каждый уровень,na poziom,szintenként,per livello,por nivel,par niveau,每個等級,レベルごと,por nível,每个级别,
STR_TERJESKILL_MISC1,Level,Level,Úroveň,Level,Уровень,Poziom,Szint,Livello,Nivel,Niveau,等級,レベル,Nível,水平,
STR_TERJESKILL_MISC2,Experience,Experience,Zkušenost,Erfahrung,Опыт,Doświadczenie,Tapasztalat,Esperienza,Experiencia,Expérience,經驗,経験,Experiência,经验,
STR_TERJESKILL_MISC3,Perk Points,Perk Points,Perkové brýle,Vorteilspunkte,Очки перков,Punkty atutów,Perk Pontok,Punti vantaggi,Puntos de beneficio,Points de Compétence,技能點,特典ポイント,Pontos de vantagem,振作点,
STR_TERJESKILL_MISC4,Current perk stage improves stats by,Current perk stage improves stats by,Aktuální fáze perku zlepšuje statistiku o,Der aktuelle Level dieses Vorteils verbessert den Wert um,Текущая стадия перка улучшает характеристику на,Obecny poziom atutu poprawia statystykę o,A jutalom jelenlegi szakasza javítja a statisztikát,La fase attuale del vantaggio migliora la statistica di,La etapa actual del beneficio mejora la estadística al,Le niveau actuel améliore la stat de,當前技能階段提升屬性值至,パークの現在の段階では、ステータスが次のように向上します。,O estágio de vantagem atual melhora as estatísticas por,当前阶段的福利将统计数据提高了,
STR_TERJESKILL_MISC5,Next perk stage requires,Next perk stage requires,Další fáze perku vyžaduje,Die nächste Stufe des Vorteils erfordert,Для следующей стадии перка требуется,Następny etap atutu wymaga,A következő juttatási szakasz megköveteli,La fase successiva del vantaggio richiede,La siguiente etapa de beneficios requiere,Le prochain niveau nécessite,下一階段的技能需求,次の特典ステージには必要なものがあります,O estágio de vantagem atual melhora as estatísticas por,下一个福利阶段需要,
STR_TERJESKILL_MISC6,perk point(s) and skill level,perk point(s) and skill level,perk bod(y) a úroveň dovedností,Vorteilspunkt(e) und Fähigkeitsstufe,очко(в) перков и уровень навыка,Punkty atutów i poziom umiejętności,perk pont(ok) és képzettségi szint,punti vantaggio e livello di abilità,puntos de beneficio y nivel de habilidad,point(s) de compétence et un niveau de compétence,技能點和技能等級,パークポイントとスキルレベル,O estágio de vantagem atual melhora as estatísticas por,津贴点和技能水平,
STR_TERJESKILL_MISC7,to improve stats by,to improve stats by,zlepšit statistiky o,um die Statistiken zu verbessern,чтобы улучшить характеристику на,aby poprawić statystyki o,a statisztikák javításához,per migliorare le statistiche di,para mejorar las estadísticas a las,pour améliorer la stat de,以提升屬性值至,統計を改善するために,O estágio de vantagem atual melhora as estatísticas por,通过以下方式改进统计数据,
STR_TERJESKILL_MISC8,PERK IS ACTIVE,PERK IS ACTIVE,PERK JE AKTIVNÍ,VORTEIL IST AKTIV,ПЕРК АКТИВЕН,ATUT JEST AKTYWNY,A PERK AKTÍV,IL VANTAGGIO È ATTIVO,PERK ACTIVO,AVANTAGE ACTIF,技能已啟用,特典は有効です,PERK ATIVO,该振作是活跃的,
STR_TERJESKILL_MISC9,THE PERK IS DISABLED BECAUSE YOUR SKILL LEVEL IS BELOW THEN REQUIRED,THE PERK IS DISABLED BECAUSE YOUR SKILL LEVEL IS BELOW THEN REQUIRED,"PERK JE VYPNUTÝ, PROTOŽE ÚROVEŇ VAŠÍ DOVEDNOSTI JE NIŽŠÍ NEŽ TA, KTEROU POTŘEBUJETE","DER VORTEIL IST DEAKTIVIERT, DA DAS LEVEL DIESER FERTIGKEIT NIEDRIGER IST ALS ERFORDERLICH",ПЕРК ОТКЛЮЧЕН ТАК КАК УРОВЕНЬ ВАШЕГО НАВЫКА НИЖЕ НЕОБХОДИМОГО,"ATUT JEST WYŁĄCZONY, PONIEWAŻ POZIOM UMIEJĘTNOŚCI JEST NIŻSZY OD WYMAGANEGO","A PERK LE VAN TILTVA, MERT A KÉPZETTSÉGI SZINTJE A SZÜKSÉGES SZINT ALATT VAN",IL VANTAGGIO È DISABILITATO PERCHÉ IL TUO LIVELLO DI ABILITÀ È INFERIORE A QUELLO RICHIESTO,EL BENEFICIO ESTÁ DESACTIVADO PORQUE SU NIVEL DE HABILIDAD ES INFERIOR AL NECESARIO,L'AVANTAGE EST DÉSACTIVÉ CAR VOTRE NIVEAU DE COMPÉTENCE EST INFÉRIEUR À CELUI REQUIS,該技能已禁用，因為你的技能等級低於所需等級。,スキルレベルが必要なレベルを下回っているため、特典は無効になります,PERK ESTÁ DESATIVADO PORQUE SEU NÍVEL DE HABILIDADE ESTÁ ABAIXO DO NECESSÁRIO,因为你的技能水平低于要求的水平，所以你的技能是被禁用的,
STR_TERJESKILL_MISC10,THE PERK LEVEL HAS BEEN LOWERED BECAUSE YOUR SKILL LEVEL IS BELOW THEN REQUIRED,THE PERK LEVEL HAS BEEN LOWERED BECAUSE YOUR SKILL LEVEL IS BELOW THEN REQUIRED,"ÚROVEŇ PERKU JE SNÍŽENA, PROTOŽE ÚROVEŇ VAŠÍ DOVEDNOSTI JE NIŽŠÍ NEŽ TA, KTEROU POTŘEBUJETE","DER LEVEL DIESES VORTEILS WURDE GESENKT, DA IHRE FERTIGKEIT UNTER DEM ERFORDERLICHEN LEVEL LIEGT",УРОВЕНЬ ПЕРКА ПОНИЖЕН ТАК КАК УРОВЕНЬ ВАШЕГО НАВЫКА НИЖЕ НЕОБХОДИМОГО,"POZIOM ATUTU ZOSTAŁ OBNIŻONY, PONIEWAŻ POZIOM UMIEJĘTNOŚCI GRACZA JEST NIŻSZY OD WYMAGANEGO.","A PERK SZINT CSÖKKENT, MERT A KÉPZETTSÉGI SZINT ALATT VAN A SZÜKSÉGES EGY",IL LIVELLO DEL VANTAGGIO È ABBASSATO PERCHÉ IL LIVELLO DELLA TUA ABILITÀ È INFERIORE A QUELLO RICHIESTO,EL NIVEL DE BENEFICIO SE HA REDUCIDO DEBIDO A QUE SU NIVEL DE HABILIDAD ES INFERIOR AL NECESARIO,LE NIVEAU D'AVANTAGE EST ABAISSÉ CAR VOTRE NIVEAU DE COMPÉTENCE EST INFÉRIEUR À CELUI REQUIS,該技能級別已降低，因為你的技能等級低於所需等級。,スキルレベルが必要なレベルを下回っているため、特典レベルが低下しました,O NÍVEL DE VANTAGEM FOI REDUZIDO PORQUE SUA HABILIDADE ESTÁ ABAIXO DO NECESSÁRIO,由于您的技能水平低于所需水平，因此PERK级别已降低,
STR_TERJESKILL_MISC11,CLICK TO UPGRADE,CLICK TO UPGRADE,UPGRADE NA DALŠÍ FÁZI JE K DISPOZICI,KLICKEN UM ZU UPGRADEN,ДОСТУПНО ОБНОВЛЕНИЕ ДО СЛЕДУЮЩЕЙ СТАДИИ,DOSTĘPNY JEST AWANS DO NASTĘPNEGO ETAPU,FRISSÍTÉS A KÖVETKEZŐ SZAKASZRA ELÉRHETŐ,L'AGGIORNAMENTO ALLA FASE SUCCESSIVA È DISPONIBILE,LA ACTUALIZACIÓN A LA SIGUIENTE ETAPA ESTÁ DISPONIBLE,CLIQUER POUR AMÉLIORER,點擊升級,次のステージへのアップグレードが可能です,A ATUALIZAÇÃO PARA A PRÓXIMA FASE ESTÁ DISPONÍVEL,可升级到下一阶段,
STR_TERJESKILL_MISC12,Stage,Stage,Fáze,Stadium,Стадия,Etap,Színpad,Fase,Etapa,Niveau,階段,ステージ,Estágio,階段,
STR_TERJESKILL_MISC13,Reset all the perks?,Reset all the perks?,Shodit všechny Perky?,Alle Vorteile zurücksetzen?,Сбросить все перки?,Zresetować wszystkie atuty?,Visszaállítja az összes juttatást?,Resettare tutti i vantaggi?,¿Restablecer todas las ventajas?,Réinitialiser toutes les compétences ?,重置所有技能嗎？,すべての特典をリセットしますか？,Perder todas as vantagens?,重置所有技能嗎？,
STR_TERJESKILL_MISC14,Do you really want to reset this skill category? You will keep,Do you really want to reset this skill category? You will keep,Opravdu chcete resetovat všechny výhody pro tuto dovednost? Po resetování se dostanete zpět pouze,Möchtest du wirklich alle Vorteile für diese Fertigkeit zurücksetzen? Nach dem Zurücksetzen erhalten Sie nur,Вы действительно хотите сбросить все перки для этого навыка? После сброса вы получите обратно только,Czy naprawdę chcesz zresetować wszystkie atuty tej umiejętności? Po zresetowaniu odzyskasz tylko,Tényleg vissza akarja állítani az összes juttatást ehhez a képességhez? A visszaállítás után csak vissza fog térni,Vuoi davvero ripristinare tutti i vantaggi per questa abilità? Dopo il ripristino si otterrà indietro solo,"¿Realmente quieres restablecer todas las ventajas de esta habilidad? Después de restablecer, solo volverá",Voulez-vous vraiment réinitialiser cette catégorie de compétences ? Vous conserverez,你真的想重置這個技能類別嗎？你將保留,あなたは本当にこのスキルのすべての特典をリセットしたいですか？ リセットした後、あなただけ戻って取得します,Você realmente quer redefinir todas as vantagens para essa habilidade? Depois de redefinir você vai voltar apenas,你真的想重置这个技能的所有津贴吗? 重置后，你只会回来,
STR_TERJESKILL_MISC15,of your experience.,of your experience.,vašich současných zkušeností.,Ihrer aktuellen Erfahrung zurück.,от вашего текущего опыта.,twojego doświadczenia,a jelenlegi tapasztalat.,della tua esperienza attuale.,de su experiencia actual.,de votre expérience.,您的經驗。,あなたの現在の経験の。,da sua experiência atual.,你目前经验的。,
STR_TERJESKILL_STRENGTH_DESC,The Strength skill category increases your carrying capacity and boosts the power of melee attacks. Train this skill through regular physical activity and by using melee weapons.,The Strength skill category increases your carrying capacity and boosts the power of melee attacks. Train this skill through regular physical activity and by using melee weapons.,Dovednost síly vám umožňuje nést větší váhu a udeřit silnějšími zbraněmi na blízko. Cvičení při pravidelné fyzické námaze a použití zbraní na blízko.,Mit der Kraftfähigkeit kannst du mehr Gewicht tragen und stärker zuschlagen. Sie werden besser mit regelmäßiger körperlicher Anstrengung und durch den Kampf mit Nahkampfwaffen.,Навык силы позволяет вам переносить больший вес и наносить более мощные удары оружием ближнего боя. Тренируясь при регулярных физических нагрузках и использовании оружия ближнего боя.,Umiejętność Siły pozwala ci dźwigać większe ciężary i zadawać potężniejsze ciosy bronią do walki wręcz. Dzięki regularnemu treningowi fizycznemu i korzystaniu z broni białej.,"Az erő képesség lehetővé teszi, hogy több súlyt hordozzon, és erősebb ütéseket nyújtson közelharci fegyverekkel. Rendszeres fizikai aktivitással és közelharci fegyverek használatával.",L'abilità di forza ti consente di trasportare più peso e sferrare colpi più potenti con armi da mischia. Allenarsi con attività fisica regolare e usare armi da mischia.,La habilidad de fuerza te permite llevar más peso y lanzar golpes más poderosos con armas cuerpo a cuerpo. Entrenando con actividad física regular y usando armas cuerpo a cuerpo.,La catégorie de compétence Force augmente votre capacité de portage et renforce la puissance des attaques au corps à corps. Entraînez cette compétence par une activité physique régulière et en utilisant des armes de mêlée.,力量技能類別增加你的負重能力並提升近戰攻擊的威力。通過定期的體能活動和使用近戰武器來訓練這項技能。,強さのスキルを使用すると、より多くの重量を運び、近接武器でより強力な打撃を与えることができます。 定期的な身体活動と近接武器を使用して訓練することによって。,A habilidade de força permite que você carregue mais peso e aplique golpes corpo a corpo mais poderosos. Treinando com esforço físico regular e usando armas brancas.,力量技能可以讓你攜帶更多的重量和提供更強大的打擊與近戰武器。 通過定期的身體活動和使用近戰武器進行訓練。,
STR_TERJESKILL_STRENGTH_MOD0,Increases the maximum carried weight by,Increases the maximum carried weight by,Zvyšuje maximální nesenou hmotnost o,Erhöht das maximal zu transportierende Gewicht um,Увеличивает максимально переносимый вес на,Zwiększa maksymalną przenoszoną wagę o,Növeli a maximális hordozott súlyt,Aumenta il peso massimo trasportato da,Aumenta el peso máximo transportado en,Augmente le poids maximum transporté de,增加最大可攜帶重量至,によって最大搬送重量を増加させます,Aumenta o peso máximo transportado em,增加最大承載重量,
STR_TERJESKILL_ATHLETIC_MOD0,Increases the maximum amount of stamina by,Increases the maximum amount of stamina by,Zvyšuje maximální výdrž o,Erhöht die maximale Ausdauer um,Увеличивает максимальную выносливость на,Zwiększa maksymalną wytrzymałość o,Növeli az állóképesség maximális mennyiségét,Aumenta la quantità massima di resistenza di,Aumenta la cantidad máxima de resistencia en,Augmente la quantité maximale d'endurance de,增加最大體力值至,スタミナの最大量を次のように増加させます,Aumenta a quantidade máxima de resistência em,增加耐力的最大數量,
STR_TERJESKILL_ATHLETIC_DESC,"The Athletics skill category improves your endurance, affecting stamina consumption and recovery while moving. Train this skill by running long distances.","The Athletics skill category improves your endurance, affecting stamina consumption and recovery while moving. Train this skill by running long distances.","Atletická dovednost ovlivňuje vaši vytrvalost, její spotřebu a regeneraci při pohybu. Tato dovednost se trénuje při běhu na dlouhé vzdálenosti.","Leichtathletik beeinflusst Ihre Ausdauer, ihren Verbrauch und Ihre Regeneration während der Bewegung. Diese Fertigkeit wird trainiert, wenn Sie lange Strecken laufen.","Навык атлетики влияет на вашу выносливость, ее расход и восстановление при движении. Этот навык тренируется при беге на длинные дистанции.","Umiejętność ta wpływa na wytrzymałość, jej wydatek i regenerację podczas ruchu. Umiejętność ta jest trenowana podczas biegania na długich dystansach.","Az atlétika képessége befolyásolja a kitartást,a fogyasztást és a mozgást. Ezt a képességet nagy távolságok futtatásakor képzik.","L'abilità atletica influisce sulla resistenza, sul consumo e sul recupero durante il movimento. Questa abilità viene allenata durante la corsa a lunga distanza.","La habilidad atlética afecta su resistencia, su gasto y su recuperación al moverse. Esta habilidad se entrena al correr largas distancias.","La catégorie de compétence Athlétisme améliore votre endurance, affectant la consommation et la récupération d'endurance en mouvement. Entraînez cette compétence en parcourant de longues distances en courant.",運動技能類別可以提升你的耐力，影響移動時的體力消耗和恢復。透過長時間跑步來訓練這項技能。,陸上競技のスキルは、あなたの持久力、その消費と回復に移動するときに影響を与えます。 このスキルは、長距離を走るときに訓練されます。,"A habilidade atlética afeta sua resistência, seu consumo e sua recuperação ao se mover. Esta habilidade é treinada ao correr longas distâncias.",運動技能會影響你的耐力，運動時的消耗和恢複。 這種技能是在長距離跑步時訓練的。,
STR_TERJESKILL_HEADER,SKILLS,SKILLS,ZNALOST,FERTIGKEITEN,НАВЫКИ,UMIEJĘTNOŚCI,Készségek,ABILITÀ,HABILIDADES,COMPÉTENCES,技能,スキル,Competências,技能,
STR_TERJESKILL_MISC16,Bonuses for different stages of the perk:,Bonuses for different stages of the perk:,Bonusy za různé fáze perku:,Boni für verschiedene Stufen des Perks:,Бонусы за разные стадии перка:,Premie za różne poziomy atutów:,Bónuszok a perk különböző szakaszaiban:,Bonus per diverse fasi del vantaggio:,Bonos para diferentes etapas de beneficio:,Bonus pour les différents niveaux de compétence :,技能不同階段的獎勳：,特典のさまざまな段階のためのボーナス:,Bônus para diferentes estágios de vantagem:,技能不同階段的獎勳：,
STR_TERJEPERK_STRNG_HEAVYONSLAUGHT,Heavy Onslaught,Heavy Onslaught,Těžký nápor,Schwerer Ansturm,Тяжёлый натиск,Ciężkie natarcie,Nehéz támadás,Assalto pesante,Fuerte embestida,Assaut Lourd,重擊猛攻,重い猛攻撃,Pressão pesada,猛攻,
STR_TERJEPERK_STRNG_HEAVYONSLAUGHT_DES,"You have learned how to distribute your forces correctly. Strong punches now require less stamina, which allows you to conserve energy even in the most intense fights.","You have learned how to distribute your forces correctly. Strong punches now require less stamina, which allows you to conserve energy even in the most intense fights.","Naučili jste se správně rozložit své síly. Silné údery nyní vyžadují méně vytrvalosti, což vám umožní udržet energii i v těch nejtvrdších kontrakcích.","Sie haben gelernt, Ihre Kräfte kompetent zu verteilen. Starke Schläge erfordern jetzt weniger Ausdauer, sodass Sie selbst in den anstrengendsten Kämpfen Energie sparen können.","Вы научились грамотно распределять свои силы. Сильные удары теперь требуют меньше выносливости, что позволяет вам сохранять энергию даже в самых напряжённых схватках.","Nauczyłeś się mądrze rozdzielać swoją siłę. Silne uderzenia wymagają teraz mniej wytrzymałości, co pozwala oszczędzać energię nawet w najbardziej intensywnych walkach.","Megtanultad, hogyan kell helyesen elosztani az erőidet. Az erős ütések most kevesebb kitartást igényelnek, ami lehetővé teszi az energia megőrzését még a legintenzívebb harcokban is.","Hai imparato a distribuire correttamente le tue forze. I colpi forti ora richiedono meno resistenza, permettendoti di risparmiare energia anche negli incontri più intensi.","Has aprendido a distribuir correctamente tus fuerzas. Los golpes fuertes ahora requieren menos resistencia, lo que te permite conservar energía incluso en las peleas más intensas.","Vous avez appris à répartir correctement vos forces. Les coups puissants nécessitent désormais moins d'endurance, ce qui vous permet d'économiser de l'énergie même dans les combats les plus intenses.",你已學會如何正確分配力量。強力拳擊現在需要更少的體力，這使你即使在最激烈的戰鬥中也能保持能量。,あなたはあなたの力を正しく分配する方法を学びました。 強いパンチは今より少ないスタミナを必要とします、それはあなたが最も激しい戦いでさえエネルギーを節約することを可能にします。,"Você aprendeu a distribuir suas forças. Golpes fortes agora exigem menos resistência, permitindo que você economize energia mesmo nas lutas mais intensas.",你已经学会了如何正确地分配你的力量。 强拳现在需要更少的耐力，这可以让你节省能量，即使在最激烈的战斗。,
STR_TERJEPERK_STRNG_DESTRUCTONSLAUGHT,Destructive Onslaught,Destructive Onslaught,Ničivý nápor,Zerstörender Ansturm,Разрушающий натиск,Niszczycielskie natarcie,A pusztító támadás,Assalto distruttivo,Embestida destructiva,Assaut Destructeur,毀滅猛攻,破壊的な猛攻撃,Um ataque devastador,破坏性的冲击,
STR_TERJEPERK_STRNG_DESTRUCTONSLAUGHT_DES,"Your strong punches have become more destructive. The damage from powerful attacks has been increased, allowing you to easily break through opponents' defenses and inflict more serious damage.","Your strong punches have become more destructive. The damage from powerful attacks has been increased, allowing you to easily break through opponents' defenses and inflict more serious damage.","Vaše silné údery jsou ničivější. Poškození silnými útoky je zvýšené, což vám umožní snadno prorazit obranu protivníků a způsobit vážnější poškození.","Ihre starken Schläge sind zerstörerischer geworden. Der Schaden durch mächtige Angriffe wurde erhöht, sodass du die Verteidigung deiner Gegner leicht durchbrechen und schwerere Schäden verursachen kannst.","Ваши сильные удары стали разрушительнее. Урон от мощных атак увеличен, позволяя вам с лёгкостью пробивать защиту противников и наносить более серьёзные повреждения.","Twoje silne ciosy stały się bardziej niszczycielskie. Obrażenia zadawane przez silne ataki zostały zwiększone, dzięki czemu możesz z łatwością przełamywać obronę wroga i zadawać większe obrażenia.","Az erős ütéseid pusztítóbbak lettek. Az erőteljes támadásokból származó károk megnövekedtek, lehetővé téve, hogy könnyedén áttörje az ellenfelek védelmét és komolyabb károkat okozzon.","I tuoi colpi forti sono diventati più distruttivi. I danni da attacchi potenti sono aumentati, permettendoti di perforare facilmente le difese degli avversari e infliggere danni più gravi.","Sus fuertes golpes se han vuelto más destructivos. El daño de los ataques poderosos aumenta, lo que te permite perforar las defensas de tus oponentes con facilidad y causar daños más graves.","Vos coups puissants sont devenus plus destructeurs. Les dégâts des attaques puissantes ont été augmentés, vous permettant de percer facilement les défenses des adversaires et d'infliger des dommages plus sérieux.",你的強力拳擊變得更加具毀滅性。強力攻擊的傷害已增加，使你能輕易突破對手的防禦，並造成更嚴重的傷害。,あなたの強いパンチはより破壊的になっています。 強力な攻撃によるダメージが増加し、相手の防御を簡単に突破し、より深刻なダメージを与えることができます。,"Os seus fortes golpes tornaram-se mais devastadores. O dano de ataques poderosos é aumentado, permitindo que você rompa as defesas inimigas com facilidade e cause danos mais graves.",你的强拳已经变得更具破坏性。 强大攻击的伤害增加了，让你轻松突破对手的防御，造成更严重的伤害。,
STR_TERJEPERK_STRNG_STRONGHANDS,Sturdy Hands,Sturdy Hands,Mocná ruka,starke Hände,Сильные руки,Silne ręce,Erős kezek,Braccia forti,Manos fuertes,Mains Solides,強壯的手,強い手,Mãos fortes,强壮的双手,
STR_TERJEPERK_STRNG_STRONGHANDS_DES,"Your body is designed to carry heavy and bulky objects. You can easily manage what seems to others to be unaffordable, without losing mobility.","Your body is designed to carry heavy and bulky objects. You can easily manage what seems to others to be unaffordable, without losing mobility.","Vaše tělo je přizpůsobeno pro nošení těžkých a objemných předmětů. Snadno ovládáte to, co se ostatním zdá neodstranitelné, aniž byste ztratili pohyblivost.","Ihr Körper ist für das Tragen schwerer und sperriger Gegenstände geeignet. Sie können leicht steuern, was für andere unerträglich erscheint, ohne Ihre Beweglichkeit zu verlieren.","Ваше тело приспособлено для переноски тяжёлых и громоздких предметов. Вы с лёгкостью управляете тем, что для других кажется неподъёмным, не теряя при этом подвижности.","Twoje ciało jest przystosowane do przenoszenia ciężkich i nieporęcznych przedmiotów. Z łatwością zarządzasz tym, co dla innych wydaje się nie do zniesienia, nie tracąc przy tym mobilności.","A testet úgy tervezték, hogy nehéz és terjedelmes tárgyakat szállítson. Könnyedén kezelheti azt, ami mások számára megfizethetetlennek tűnik, anélkül, hogy elveszítené a mobilitást.",Il tuo corpo è attrezzato per trasportare oggetti pesanti e ingombranti. Gestisci facilmente ciò che sembra insopportabile per gli altri senza perdere la mobilità.,"Su cuerpo está Adaptado para transportar objetos pesados y voluminosos. Usted controla fácilmente lo que para otros parece imposible, sin perder la movilidad.","Votre corps est conçu pour porter des objets lourds et volumineux. Vous pouvez gérer facilement ce qui semble inabordable pour les autres, sans perdre en mobilité.",你的身體適合搬運沉重且笨重的物品。你可以輕鬆處理那些對他人來說似乎無法負擔的物品，並且不會失去靈活性。,あなたの体は重くてかさばる物を運ぶように設計されています。 モビリティを失うことなく、他の人には手が届かないと思われるものを簡単に管理できます。,"Seu corpo está adaptado para transportar objetos pesados e volumosos. Você controla com facilidade o que parece impossível para os outros, sem perder a mobilidade.",你的身體適合搬運沉重且笨重的物品。你可以輕鬆處理那些對他人來說似乎無法負擔的物品，並且不會失去靈活性。,
STR_TERJEPERK_STRNG_MASTERSTROKE,Masterstroke,Masterstroke,Masterstroke,Meisterleistung,Удар мастера,Ojcowski,Masterstroke,Masterstroke,Golpe Maestro,Coup Magistral,絕妙一擊,マスターストローク,Golpe de mestre,絕妙一擊,
STR_TERJEPERK_STRNG_MASTERSTROKE_DES,Your single punches are so powerful that they can instantly knock out zombies or other players. One precise blow and the enemy is already on the ground.,Your single punches are so powerful that they can instantly knock out zombies or other players. One precise blow and the enemy is already on the ground.,"Vaše singleplayerové údery jsou tak silné, že jsou schopny okamžitě poslat zombie nebo jiné hráče do knockoutu. Jeden přesný úder a nepřítel je na zemi.","Ihre einzelnen Schläge sind so mächtig, dass sie Zombies oder andere Spieler sofort zum Knockout schicken können. Ein genauer Schlag — und der Feind ist bereits am Boden.","Ваши одиночные удары настолько мощны, что способны мгновенно отправить в нокаут зомби или других игроков. Один точный удар — и враг уже на земле.","Potrafisz zajebać Ojcowskiego. Twoje pojedyncze ciosy są tak potężne, że mogą natychmiast powalić zombie lub innych graczy. Jeden precyzyjny cios i wróg leży na ziemi.","Az egyes ütések olyan erősek, hogy azonnal kiüthetik a zombikat vagy más játékosokat. Egy pontos ütés és az ellenség már a földön van.",I tuoi colpi singoli sono così potenti che sono in grado di inviare immediatamente zombi o altri giocatori a eliminazione diretta. Un colpo preciso — e il nemico è già a terra.,"Tus golpes individuales son tan poderosos que son capaces de eliminar instantáneamente a zombies u otros jugadores. Un golpe preciso, y el enemigo ya está en el Suelo.",Vos coups simples sont si puissants qu'ils peuvent instantanément assommer des zombies ou d'autres joueurs. Un coup précis et l'ennemi est déjà au sol.,你的單次拳擊威力極大，能夠瞬間擊倒僵屍或其他玩家。一次精準的重擊，敵人就會倒地不起。,あなたのシングルパンチは非常に強力なので、ゾンビや他のプレイヤーを即座にノックアウトすることができます。 一つの正確な打撃と敵はすでに地面にあります。,Seus golpes individuais são tão poderosos que podem instantaneamente nocautear zumbis ou outros jogadores. Um golpe preciso e o inimigo já está no chão.,你的單次拳擊威力極大，能夠瞬間擊倒僵屍或其他玩家。一次精準的重擊，敵人就會倒地不起。,
STR_TERJEPERK_STRNG_LIGHTARMOR,Lightweight Armor,Lightweight Armor,Lehké brnění,Leichte Rüstung,Облегченная броня,Lekki pancerz,Könnyű páncél,Armatura leggera,Armadura ligera,Armure Légère,輕型盔甲,軽量防具,Armadura leve,輕型盔甲,
STR_TERJEPERK_STRNG_LIGHTARMOR_DES,"You have learned how to wear armor effectively, reducing its weight on your body. Even the heaviest protection feels lighter to you, which allows you to move faster and more freely.","You have learned how to wear armor effectively, reducing its weight on your body. Even the heaviest protection feels lighter to you, which allows you to move faster and more freely.","Naučili jste se nosit brnění efektivně a zároveň jste snížili jeho váhu na těle. I ta nejtěžší ochrana se vám zdá lehčí, což vám umožní pohybovat se rychleji a volněji.","Sie haben gelernt, Rüstung effektiv zu tragen, indem Sie ihr Gewicht auf Ihrem Körper reduzieren. Selbst der schwerste Schutz scheint Ihnen leichter zu sein, wodurch Sie sich schneller und freier bewegen können.","Вы научились эффективно носить броню, уменьшая её вес на своём теле. Даже самая тяжёлая защита кажется вам легче, что позволяет вам двигаться быстрее и свободнее.","Nauczyłeś się skutecznie nosić opancerzenie, zmniejszając jego ciężar na ciele. Nawet najcięższa kamizelka jest lżejsza, dzięki czemu możesz poruszać się szybciej i swobodniej.","Megtanulta, hogyan kell hatékonyan viselni a páncélt, csökkentve annak súlyát a testén. Még a legnehezebb védelem is könnyebbnek érzi magát, ami lehetővé teszi a gyorsabb és szabadabb mozgást.","Hai imparato a indossare l'armatura in modo efficace riducendo il suo peso sul tuo corpo. Anche la difesa più pesante ti sembra più leggera, permettendoti di muoverti più velocemente e più liberamente.","Has aprendido a usar la armadura de manera efectiva, reduciendo su peso en tu cuerpo. Incluso la defensa más pesada te parece más ligera, lo que te permite moverte más rápido y más libremente.","Vous avez appris à porter efficacement l'armure, réduisant son poids sur votre corps. Même la protection la plus lourde vous semble plus légère, ce qui vous permet de vous déplacer plus rapidement et plus librement.",你已學會如何有效穿戴盔甲，減輕其對身體的負擔。即使是最重的防護裝備對你來說也感覺更輕，使你能夠更快速、更自由地移動。,あなたはあなたの体にその重量を減らす、効果的に鎧を着用する方法を学びました。 最も重い保護でさえあなたにとって軽く感じます、それはあなたがより速くそしてより自由に動くことを可能にします。,"Você aprendeu a usar a armadura de forma eficaz, reduzindo seu peso em seu corpo. Mesmo a defesa mais pesada parece mais fácil para você, permitindo que você se mova mais rápido e com mais liberdade.",你已经学会了如何有效地穿盔甲，减少它对你身体的重量。 即使是最重的保护对你来说也感觉更轻，这可以让你更快，更自由地移动。,
STR_TERJEPERK_STRNG_ARMORDISSECTOR,Armor Dissector,Armor Dissector,Disektor brnění,Panzerzerleger,Рассекатель брони,Rozgałęziacz pancerza,Armor dissector,Dissettore armatura,Disector de armadura,Désosseur d'Armure,盔甲剖析者,アーマーディセクター,Dissecador de armaduras,护甲解剖器,
STR_TERJEPERK_STRNG_ARMORDISSECTOR_DES,"Your skill with melee weapons allows you to deliver more powerful blows. The chance to break through the enemy's defenses and inflict deep, dangerous wounds has been increased.","Your skill with melee weapons allows you to deliver more powerful blows. The chance to break through the enemy's defenses and inflict deep, dangerous wounds has been increased.","Vaše dovednosti v zacházení se zbraněmi na blízko vám umožní udeřit silnějšími údery. Zvýšila se šance prorazit obranu soupeře a způsobit hluboké, nebezpečné rány.","Ihre Fähigkeiten im Umgang mit Nahkampfwaffen ermöglichen es Ihnen, stärkere Schläge einzusetzen. Erhöht die Chance, die gegnerische Verteidigung zu durchbrechen und tiefe, gefährliche Wunden zuzufügen.","Ваше мастерство в обращении с оружием ближнего боя позволяет наносить более мощные удары. Увеличен шанс пробить защиту противника и нанести глубокие, опасные раны.","Umiejętność posługiwania się bronią białą pozwala zadawać potężniejsze ciosy. Zwiększona szansa na przebicie się przez obronę wroga i zadanie głębokich, niebezpiecznych ran.","A közelharci fegyverekkel való képessége lehetővé teszi, hogy erősebb ütéseket hajtson végre. Megnőtt az esély arra, hogy áttörje az ellenség védelmét és mély, veszélyes sebeket okozzon.",La tua abilità con le armi da mischia ti consente di sferrare colpi più potenti. Maggiore possibilità di sfondare le difese nemiche e infliggere ferite profonde e pericolose.,Su habilidad en el manejo de armas cuerpo a cuerpo le permite lanzar golpes más poderosos. Se ha aumentado la posibilidad de penetrar las defensas enemigas y causar heridas profundas y peligrosas.,Votre compétence avec les armes de mêlée vous permet de porter des coups plus puissants. La chance de percer les défenses ennemies et d'infliger des blessures profondes et dangereuses a été augmentée.,你在近戰武器上的技能使你能夠施展更強力的打擊。突破敵人防禦並造成深刻、危險傷害的機率已增加。,近接武器であなたのスキルを使用すると、より強力な打撃を提供することができます。 敵の防御を突破し、深く危険な傷を負わせる機会が増えました。,Sua habilidade com armas corpo a corpo permite ataques mais poderosos. Aumenta a chance de romper as defesas inimigas e causar feridas profundas e perigosas.,你的近战武器技能可以让你提供更强大的打击。 突破敌人防御并造成深刻，危险伤口的机会已经增加。,
STR_TERJEPERK_STRNG_BONECRUSHER,Bonecrusher,Bonecrusher,Kostol,Knochen,Костолом,Kostucha,Bonecrusher,Spaccalegna,Kostol,Briseur d'Os,骨頭粉碎者,ボーンクラッシャー,Bonecrusher,骨頭粉碎者,
STR_TERJEPERK_STRNG_BONECRUSHER_DES,"Your powerful blows with cold steel are so destructive that they are highly likely to break the bones of enemies, disabling them and leaving them helpless.","Your powerful blows with cold steel are so destructive that they are highly likely to break the bones of enemies, disabling them and leaving them helpless.","Vaše silné údery chladnými zbraněmi jsou tak zničující, že je vysoce pravděpodobné, že zlomí kosti nepřátel, vyřadí je z provozu a zůstanou v bezmocném stavu.","Ihre mächtigen Schläge mit kalten Waffen sind so verheerend, dass sie mit hoher Wahrscheinlichkeit feindliche Knochen brechen, sie außer Gefecht setzen und in einem hilflosen Zustand zurücklassen.","Ваши мощные удары холодным оружием настолько разрушительны, что с высокой вероятностью ломают кости врагов, выводя их из строя и оставляя в беспомощном состоянии.","Twoje potężne ciosy bronią są tak niszczycielskie, że z dużym prawdopodobieństwem połamią kości wrogów, obezwładniając ich i pozostawiając w bezradnym stanie.","A hideg acél erőteljes ütései annyira rombolóak, hogy nagy valószínűséggel megtörik az ellenségek csontjait, letiltják őket, és tehetetlenek maradnak.","I tuoi potenti colpi di armi da mischia sono così devastanti che è molto probabile che rompano le ossa dei nemici, disabilitandoli e lasciandoli in uno stato impotente.","Tus poderosos ataques con armas blancas son tan devastadores que es muy probable que rompan los huesos de los enemigos, incapacitándolos y dejándolos en un estado indefenso.","Vos coups puissants avec des armes blanches sont si destructeurs qu'ils ont de fortes chances de briser les os des ennemis, les rendant invalides et impuissants.",你用冷兵器施展的強力打擊極具毀滅性，極有可能擊斷敵人的骨頭，使其癱瘓並變得無力反擊。,冷たい鋼でのあなたの強力な打撃は非常に破壊的であるため、敵の骨を壊し、それらを無効にして無力なままにする可能性が非常に高くなります。,"Seus poderosos ataques com armas afiadas são tão devastadores que há uma alta probabilidade de quebrar os ossos dos inimigos, incapacitando-os e deixando-os indefesos.",你强大的打击与冷钢是如此的破坏性，他们是极有可能打破敌人的骨头，禁用他们，让他们无助。,
STR_TERJEPERK_STRNG_MASTERSWORD_DES,"Your blows with cold steel are so accurate and strong that one powerful swing to the upper body can decapitate an opponent, instantly depriving him of any chance of escape.","Your blows with cold steel are so accurate and strong that one powerful swing to the upper body can decapitate an opponent, instantly depriving him of any chance of escape.","Vaše údery chladnými zbraněmi jsou tak přesné a silné, že jeden silný švih do horní části těla může protivníka sťat a okamžitě ho připravit o šanci na záchranu.","Deine Schläge mit kalten Waffen sind so genau und stark, dass ein starker Schlag in den Oberkörper einen Gegner enthauptet und ihm sofort die Chance auf Rettung nimmt.","Ваши удары холодным оружием настолько точны и сильны, что один мощный взмах в верхнюю часть тела может обезглавить противника, мгновенно лишая его шансов на спасение.","Twoje ciosy zimną bronią są tak precyzyjne i potężne, że jeden potężny zamach w górną część ciała może zdekapitować przeciwnika, natychmiast eliminując wszelkie szanse na ucieczkę.","A hideg acél ütései annyira pontosak és erősek, hogy egy erőteljes lengés a felsőtestre lefejezheti az ellenfelet, azonnal megfosztva a menekülés esélyétől.","I tuoi colpi con armi da mischia sono così precisi e potenti che un potente colpo nella parte superiore del corpo può decapitare un avversario, privandolo istantaneamente delle sue possibilità di salvataggio.","Tus golpes con armas blancas son tan precisos y poderosos que un solo golpe poderoso en la parte superior del cuerpo puede decapitar a un oponente, privándolo instantáneamente de las posibilidades de salvación.","Vos coups avec des armes blanches sont si précis et forts qu'un puissant swing sur le haut du corps peut décapiter un adversaire, le privant instantanément de toute chance de fuite.",你使用冷兵器的打擊既準確又強大，一擊重擊對手上半身足以斬首，瞬間剝奪對方任何逃脫的機會。,冷たい鋼でのあなたの打撃は非常に正確で強いので、上半身への強力なスイングが相手を斬首することができ、即座に脱出の機会を奪うことがで,"Seus ataques com armas afiadas são tão precisos e poderosos que um único golpe poderoso na parte superior do corpo pode decapitar o inimigo, privando-o instantaneamente de uma chance de salvação.",你使用冷兵器的打擊既準確又強大，一擊重擊對手上半身足以斬首，瞬間剝奪對方任何逃脫的機會。,
STR_TERJEPERK_STRONGHANDS_MSG,You can't carry large objects without the 'Sturdy Hands' perk.,You can't carry large objects without the 'Sturdy Hands' perk.,Nemůžete nosit velké předměty bez perku 'silné ruce'.,Sie können große Gegenstände nicht ohne den Vorteil 'Starke Hände' tragen.,Вы не можете переносить большие предметы без перка 'Сильные Руки'.,Nie możesz przenosić dużych przedmiotów bez atutu „Silne ręce”.,Nem hordozhat nagy tárgyakat az 'erős kezek' perk nélkül.,Non puoi trasportare oggetti di grandi dimensioni senza il vantaggio 'mani forti'.,No puedes llevar objetos grandes sin el beneficio de 'manos Fuertes'.,Vous ne pouvez pas porter de gros objets sans la compétence « Mains Solides ».,沒有「強壯的手」技能，你無法攜帶大件物品。,「強い手」の特典がなければ、大きな物を運ぶことはできません。,Você não pode carregar objetos grandes sem a vantagem de 'mãos fortes'.,如果没有'强壮的手'，你就不能携带大件物品。,
STR_TERJEPERK_METABLSM_INCREASEDCALORIE,Increased calorie content,Increased calorie content,Zvýšená kalorická hodnota,Erhöhte Kalorienzufuhr,Повышенная калорийность,Zwiększone spożycie kalorii,Megnövekedett kalóriatartalom,Aumento delle calorie,Aumento de calorías,Augmentation du Taux Calorique,增加的熱量含量,カロリー量の増加,Aumento de calorias,增加卡路里含量,
STR_TERJEPERK_METABLSM_INCREASEDCALORIE_DES,"Your body has learned to digest food better, extracting more energy from it. Thanks to this, each serving you eat brings you more calories, which helps you recover faster and conserve energy for longer.","Your body has learned to digest food better, extracting more energy from it. Thanks to this, each serving you eat brings you more calories, which helps you recover faster and conserve energy for longer.","Vaše tělo se naučilo lépe absorbovat jídlo a extrahovat z něj více energie. Díky tomu Vám každá porce, kterou sníte, přináší více kalorií, což vám pomůže rychleji obnovit sílu a udržet energii déle.","Ihr Körper hat gelernt, Nahrung besser zu verdauen, indem er mehr Energie daraus extrahiert. Aus diesem Grund bringt Ihnen jede Portion, die Sie essen, mehr Kalorien, was Ihnen hilft, Ihre Kraft schneller wiederherzustellen und Energie länger zu sparen.","Ваш организм научился лучше усваивать пищу, извлекая из нее больше энергии. Благодаря этому, каждая съеденная порция приносит вам больше калорий, что помогает быстрее восстанавливать силы и дольше сохранять энергию.","Twoje ciało nauczyło się lepiej trawić pokarm, pozyskując z niego więcej energii. Daje to więcej kalorii za każdym razem, gdy jesz, co pomaga szybciej się zregenerować i zachować energię na dłużej.","A tested megtanulta jobban megemészteni az ételt, több energiát nyerve belőle. Ennek köszönhetően minden egyes adag, amit eszel, több kalóriát hoz, ami segít gyorsabban felépülni és hosszabb ideig megőrizni az energiát.","Il tuo corpo ha imparato ad assorbire meglio il cibo estraendo più energia da esso. Per questo motivo, ogni porzione che mangi ti porta più calorie, il che ti aiuta a recuperare più velocemente e a conservare l'energia più a lungo.","Su cuerpo ha aprendido a absorber mejor los alimentos, extrayendo más energía de ellos. Gracias a esto, cada porción que comas te aporta más calorías, lo que te ayuda a recuperarte más rápido y conservar la energía por más tiempo.","Votre corps a appris à mieux digérer la nourriture, en extrayant plus d'énergie. Ainsi, chaque portion que vous mangez vous apporte plus de calories, ce qui vous aide à récupérer plus rapidement et à conserver votre énergie plus longtemps.",你的身體已經學會更有效地消化食物，從中提取更多的能量。因為這樣，每一餐你吃的食物都能提供更多的熱量，幫助你更快恢復並長時間保持能量。,あなたの体は食べ物をよりよく消化し、そこからより多くのエネルギーを抽出することを学びました。 これのおかげで、あなたが食べる各部分はあなたにより多くのカロリーをもたらします、それはあなたがより速く回復しそしてより長くエネルギーを節約するのを助けます。,"Seu corpo aprendeu a absorver melhor os alimentos, extraindo mais energia deles. Graças a isso, cada porção consumida traz mais calorias, o que ajuda a recuperar mais rapidamente e economizar energia por mais tempo.",你的身体已经学会了更好地消化食物，从中提取更多的能量。 多亏了这一点，你吃的每份食物都会给你带来更多的卡路里，这可以帮助你更快地恢复并节省更长时间的能量。,
STR_TERJEPERK_METABLSM_INCREASEDHYDRAT,Increased Hydration,Increased Hydration,Zvýšená hydrace,Erhöhte Hydration,Повышенная гидрация,Zwiększone nawodnienie,Fokozott hidratáció,Maggiore idratazione,Mayor hidratación,Hydratation Augmentée,增加的水分攝取,水分補給の増加,Aumento da hidratação,增加的水分攝取,
STR_TERJEPERK_METABLSM_INCREASEDHYDRAT_DES,"Your body has optimized the process of water absorption, allowing you to extract more benefits from each serving of liquid. Due to this, each drop you drink significantly improves your condition, maintaining your hydration level at a higher level.","Your body has optimized the process of water absorption, allowing you to extract more benefits from each serving of liquid. Due to this, each drop you drink significantly improves your condition, maintaining your hydration level at a higher level.","Vaše tělo optimalizovalo proces absorpce vody, což umožňuje získat z každé porce tekutiny více výhod. Díky tomu každá vypitá kapka výrazně zlepšuje váš stav a udržuje úroveň hydratace na vyšší úrovni.","Ihr Körper hat den Prozess der Wasseraufnahme optimiert, sodass Sie aus jeder Portion Flüssigkeit mehr Nutzen ziehen können. Aus diesem Grund verbessert jeder getrunkene Tropfen Ihren Zustand erheblich und hält die Flüssigkeitszufuhr auf einem höheren Niveau.","Ваш организм оптимизировал процесс усвоения воды, позволяя извлекать из каждой порции жидкости больше пользы. Благодаря этому, каждая выпитая капля значительно улучшает ваше состояние, поддерживая уровень гидратации на более высоком уровне.","Twoje ciało zoptymalizowało proces wchłaniania wody, umożliwiając czerpanie większych korzyści z każdej porcji płynu. Dzięki temu każda wypita kropla znacznie poprawia kondycję, utrzymując poziom nawodnienia na wyższym poziomie.","A szervezet optimalizálta a víz abszorpciós folyamatát, lehetővé téve, hogy minden egyes folyadék adagból több előnyt nyerjen ki. Ennek köszönhetően minden csepp, amit iszik, jelentősen javítja az állapotát, magasabb szinten tartva a hidratációs szintet.","Il tuo corpo ha ottimizzato il processo di assorbimento dell'acqua, permettendoti di trarre maggiori benefici da ogni porzione di liquido. A causa di ciò, ogni goccia che bevi migliora notevolmente le tue condizioni mantenendo il tuo livello di idratazione a un livello più alto.","Su cuerpo ha optimizado el proceso de absorción de agua, lo que le permite extraer más beneficios de cada porción de líquido. Gracias a esto, cada gota que bebe mejora significativamente su condición, manteniendo su nivel de hidratación en un nivel más alto.","Votre corps a optimisé le processus d'absorption de l'eau, vous permettant de tirer plus de bénéfices de chaque portion de liquide. Ainsi, chaque goutte que vous buvez améliore considérablement votre condition, maintenant votre niveau d'hydratation à un niveau supérieur.",你的身體已經優化了吸水過程，讓你從每份液體中提取更多的好處。 因此，你喝的每一滴都能顯著改善你的狀況，保持你的水合水平在一個更高的水平。,あなたの体は吸水プロセスを最適化しており、液体の各サービングからより多くの利点を抽出することができます。 このため、あなたが飲む各ドロップは、より高いレベルであなたの水分補給レベルを維持し、あなたの状態を大幅に改善します。,"Seu corpo otimizou o processo de absorção de água, permitindo que você extraia mais benefícios de cada porção de líquido. Graças a isso, cada gota ingerida melhora significativamente sua condição, mantendo seu nível de hidratação em um nível mais alto.",你的身体已经优化了吸水过程，让你从每份液体中提取更多的好处。 因此，你喝的每一滴都能显着改善你的状况，保持你的水合水平在一个更高的水平。,
STR_TERJEPERK_METABLSM_ENREGYSAVE,Energy Saving,Energy Saving,Úspora energie,Energieeinsparung,Экономия энергии,Oszczędność energii,Energiatakarékosság,Risparmio dell'energia,Ahorro de energía,Économie d'Énergie,節約能量,省エネ,Economia de energia,节约能源,
STR_TERJEPERK_METABLSM_ENREGYSAVE_DES,"Your body has learned to expend energy efficiently at rest, which significantly reduces overall energy costs when you are not actively moving. Thanks to this, you spend fewer calories during rest, which helps you stay strong longer and need less food.","Your body has learned to expend energy efficiently at rest, which significantly reduces overall energy costs when you are not actively moving. Thanks to this, you spend fewer calories during rest, which helps you stay strong longer and need less food.","Vaše tělo se naučilo efektivně spotřebovávat energii v klidu, což výrazně snižuje celkové energetické náklady, když se aktivně nepohybujete. Díky tomu strávíte méně kalorií během odpočinku, což vám pomůže udržet si sílu déle a méně často potřebujete jídlo.","Ihr Körper hat gelernt, in Ruhe effizient Energie zu verbrauchen, was den gesamten Energiekosten erheblich reduziert, wenn Sie sich nicht aktiv bewegen. Aus diesem Grund verschwenden Sie weniger Kalorien während der Ruhe, was dazu beiträgt, länger Kraft zu bewahren und weniger häufig zu essen.","Ваш организм научился эффективно расходовать энергию в состоянии покоя, что значительно снижает общие энергетические затраты, когда вы не двигаетесь активно. Благодаря этому, вы тратите меньше калорий во время отдыха, что помогает дольше сохранять силы и реже нуждаться в еде.","Twoje ciało nauczyło się efektywnie wykorzystywać energię w spoczynku, co znacznie zmniejsza ogólny wydatek energetyczny, gdy nie jesteś aktywnie w ruchu. Oznacza to, że zużywasz mniej kalorii w spoczynku, co pomaga zachować energię na dłużej i rzadziej jeść.","A tested megtanulta hatékonyan felhasználni az energiát nyugalomban, ami jelentősen csökkenti az Általános energiaköltségeket, ha nem mozog aktívan. Ennek köszönhetően kevesebb kalóriát töltesz pihenés közben, ami segít abban, hogy hosszabb ideig maradj erős és kevesebb ételre van szükséged.","Il tuo corpo ha imparato a spendere energia in modo efficiente a riposo, il che riduce notevolmente il dispendio energetico complessivo quando non ti muovi attivamente. Grazie a questo, spendi meno calorie durante il riposo, il che ti aiuta a rimanere forte più a lungo e ad avere meno bisogno di cibo.","Su cuerpo ha aprendido a gastar energía de manera eficiente en reposo, lo que reduce significativamente el gasto total de energía cuando no se está moviendo activamente. Gracias a esto, gastas menos calorías mientras descansas, lo que te ayuda a mantenerte fuerte por más tiempo y a tener menos necesidad de comer.","Votre corps a appris à dépenser de l'énergie efficacement au repos, ce qui réduit considérablement les dépenses énergétiques globales lorsque vous n'êtes pas en mouvement actif. Ainsi, vous dépensez moins de calories pendant le repos, ce qui vous aide à rester fort plus longtemps et à avoir besoin de moins de nourriture.",你的身體已經學會了在休息時有效地消耗能量，當你不積極運動時，這會顯著降低整體能源成本。 多虧了這一點，你在休息時花費更少的卡路裏，這有助于你保持強壯更長時間，需要更少的食物。,あなたの体は安静時にエネルギーを効率的に消費することを学びました、それはあなたが積極的に動いていないときに全体的なエネルギーコストを大幅に削減します。 これのおかげで、あなたは休息中により少ないカロリーを使うので、あなたはより長く強くとどまり、より少ない食物を必要とするのを助けます。,"Seu corpo aprendeu a gastar energia de forma eficiente em repouso, o que reduz significativamente os custos totais de energia quando você não está se movendo ativamente. Graças a isso, você gasta menos calorias durante o descanso, o que ajuda a economizar mais energia e a precisar de menos comida.",你的身体已经学会了在休息时有效地消耗能量，当你不积极运动时，这会显着降低整体能源成本。 多亏了这一点，你在休息时花费更少的卡路里，这有助于你保持强壮更长时间，需要更少的食物。,
STR_TERJEPERK_METABLSM_WATERSAVE,Saving Water,Saving Water,Úspora vody,Wasser sparen,Экономия воды,Oszczędzanie wody,Víztakarékosság,Risparmio idrico,Ahorro de agua,Économie d'Eau,節約水分,水を節約する,Economia de água,节约用水,
STR_TERJEPERK_METABLSM_WATERSAVE_DES,"Your body has adapted to the minimum consumption of water at rest, which allows you to go longer without drinking when you are inactive. Due to this, the hydration level decreases more slowly, which helps you conserve water resources and feel less thirsty.","Your body has adapted to the minimum consumption of water at rest, which allows you to go longer without drinking when you are inactive. Due to this, the hydration level decreases more slowly, which helps you conserve water resources and feel less thirsty.","Vaše tělo se přizpůsobilo minimálnímu průtoku klidové vody, což vám umožní déle se obejít bez pití, když jste neaktivní. Díky tomu hladina hydratace klesá pomaleji, což vám pomůže udržet vodní zdroje a méně často pociťovat žízeň.","Ihr Körper hat sich in Ruhe an die minimale Wassermenge angepasst, so dass Sie länger ohne zu trinken auskommen können, wenn Sie inaktiv sind. Dadurch sinkt die Flüssigkeitszufuhr langsamer ab, was Ihnen hilft, Wasserressourcen zu sparen und weniger durstig zu sein.","Ваш организм адаптировался к минимальному расходу воды в состоянии покоя, что позволяет вам дольше обходиться без питья, когда вы неактивны. Благодаря этому, уровень гидратации снижается медленнее, что помогает вам сохранять водные ресурсы и реже испытывать жажду.","Organizm przystosował się do minimalizowania zużycia wody w spoczynku, co pozwala na dłuższe okresy bez picia, gdy jesteś nieaktywny. Dzięki temu poziom nawodnienia spada wolniej, co pomaga oszczędzać wodę i rzadziej odczuwać pragnienie.","A tested alkalmazkodott a nyugalmi víz minimális fogyasztásához, amely lehetővé teszi, hogy inaktív állapotban hosszabb ideig menjen ivás nélkül. Ennek köszönhetően a hidratációs szint lassabban csökken, ami segít megőrizni a vízkészleteket és kevésbé szomjasnak érezni magát.","Il tuo corpo si è adattato al minimo apporto di acqua a riposo, permettendoti di andare più a lungo senza bere quando sei inattivo. A causa di ciò, i livelli di idratazione diminuiscono più lentamente, il che ti aiuta a conservare le risorse idriche e ad avere sete meno spesso.","Su cuerpo se ha Adaptado al consumo mínimo de agua en reposo, lo que le permite pasar más tiempo sin beber cuando está inactivo. Debido a esto, los niveles de hidratación disminuyen más lentamente, lo que le ayuda a conservar los recursos hídricos y a tener menos sed.","Votre corps s'est adapté à une consommation minimale d'eau au repos, ce qui vous permet de rester plus longtemps sans boire lorsque vous êtes inactif. Ainsi, le niveau d'hydratation diminue plus lentement, ce qui vous aide à conserver les ressources en eau et à avoir moins soif.",你的身體已經適應了休息時水的最低消耗，這可以讓你在不活動的時候不喝更長的時間。 因此，水化水平下降得更慢，這有助于你節約水資源，減少口渴。,あなたの体は安静時の水の最小消費量に適応しているので、あなたが活動していないときに飲むことなく長く行くことができます。 これにより、水分補給レベルがゆっくりと低下するため、水資源を節約し、喉の渇きを感じることが少なくなります。,"Seu corpo se adaptou ao consumo mínimo de água em repouso, permitindo que você fique mais tempo sem beber quando estiver inativo. Graças a isso, o nível de hidratação diminui mais lentamente, o que ajuda a preservar os recursos hídricos e a ter menos sede.",你的身体已经适应了休息时水的最低消耗，这可以让你在不活动的时候不喝更长的时间。 因此，水化水平下降得更慢，这有助于你节约水资源，减少口渴。,
STR_TERJEPERK_METABLSM_ENERGYCONTROL,Energy Control,Energy Control,Kontrola energie,Kontrolle der Energie,Контроль энергии,Kontrola energii,Energiaszabályozás,Controllo dell'energia,Control de energía,Contrôle de l'Énergie,能量控制,エネルギー制御,Controle de energia,能量控制,
STR_TERJEPERK_METABLSM_ENERGYCONTROL_DES,"Your body has become more efficient at managing energy while running, which allows you to spend less energy on each movement. Thanks to this, you lose fewer calories when sprinting, which helps you maintain endurance for longer and avoid rapid fatigue.","Your body has become more efficient at managing energy while running, which allows you to spend less energy on each movement. Thanks to this, you lose fewer calories when sprinting, which helps you maintain endurance for longer and avoid rapid fatigue.","Vaše tělo se stalo efektivnějším při řízení energie při běhu, což vám umožňuje věnovat méně energie každému pohybu. Díky tomu při sprintu ztrácíte méně kalorií, což vám pomůže udržet si vytrvalost déle a vyhnout se rychlé únavě.","Ihr Körper ist beim Laufen effizienter bei der Energiemanagement geworden, wodurch Sie bei jeder Bewegung weniger Kraft aufwenden können. Dadurch verlieren Sie beim Sprinten weniger Kalorien, was Ihnen hilft, Ihre Ausdauer länger zu halten und schnelle Ermüdung zu vermeiden.","Ваш организм стал более эффективным в управлении энергией во время бега, что позволяет вам тратить меньше сил на каждое движение. Благодаря этому, вы теряете меньше калорий при беге спринтом, что помогает вам дольше сохранять выносливость и избегать быстрой усталости.","Twoje ciało stało się bardziej wydajne w zarządzaniu energią podczas biegu, co pozwala poświęcić mniej energii na każdy ruch. Dzięki temu tracisz mniej kalorii podczas sprintu, co pomaga dłużej utrzymać wytrzymałość i uniknąć szybkiego zmęczenia.","A tested hatékonyabban kezeli az energiát futás közben, ami lehetővé teszi, hogy kevesebb energiát költsön minden mozgásra. Ennek köszönhetően kevesebb kalóriát veszít a sprintelés során, ami segít hosszabb ideig fenntartani az állóképességet és elkerülni a gyors fáradtságot.","Il tuo corpo è diventato più efficiente nella gestione dell'energia durante la corsa, permettendoti di spendere meno energia per ogni movimento. Grazie a questo, perdi meno calorie durante lo sprint, il che ti aiuta a mantenere la resistenza più a lungo ed evitare l'affaticamento rapido.","Su cuerpo se ha vuelto más eficiente en el manejo de la energía mientras corre, lo que le permite gastar menos energía en cada movimiento. Debido a esto, pierdes menos calorías al correr al Sprint, lo que te ayuda a mantener tu resistencia por más tiempo y evitar la fatiga rápida.","Votre corps est devenu plus efficace dans la gestion de l'énergie en courant, ce qui vous permet de dépenser moins d'énergie à chaque mouvement.",你的身體在跑步時變得更有效地管理能量，這可以讓你在每次運動上花費更少的能量。 多虧了這一點，你在短跑時失去更少的卡路裏，這有助于你保持更長時間的耐力並避免快速疲勞。,あなたの体は、あなたが各動きに少ないエネルギーを費やすことができ、実行中にエネルギーを管理する際に、より効率的になっています。 これにより、短距離走時のカロリーが少なくなり、持久力をより長く維持し、急速な疲労を避けることができます。,"Seu corpo se tornou mais eficiente no gerenciamento de energia durante a corrida, permitindo que você gaste menos energia em cada movimento. Graças a isso, você perde menos calorias ao correr sprint, o que ajuda você a manter a resistência por mais tempo e evitar a fadiga rápida.",你的身体在跑步时变得更有效地管理能量，这可以让你在每次运动上花费更少的能量。 多亏了这一点，你在短跑时失去更少的卡路里，这有助于你保持更长时间的耐力并避免快速疲劳。,
STR_TERJEPERK_METABLSM_HYDRATIONCONTROL,Hydration Control,Hydration Control,Kontrola hydrace,Kontrolle der Hydration,Контроль гидрации,Kontrola nawodnienia,Hidratáció ellenőrzése,Controllo dell'idratazione,Control de hidratación,Contrôle de l'Hydratation,水分控制,水和制御,Controle de hidratação,水分控制,
STR_TERJEPERK_METABLSM_HYDRATIONCONTROL_DES,"Your body has learned to effectively manage the water balance even with intense physical exertion. Due to this, you lose less moisture while sprinting, which allows you to stay hydrated longer and reduces the risk of dehydration.","Your body has learned to effectively manage the water balance even with intense physical exertion. Due to this, you lose less moisture while sprinting, which allows you to stay hydrated longer and reduces the risk of dehydration.","Vaše tělo se naučilo efektivně zvládat vodní rovnováhu i při intenzivní fyzické námaze. Díky tomu při běhu sprintem ztrácíte méně vlhkosti, což umožňuje delší hydrataci a snižuje riziko dehydratace.","Ihr Körper hat gelernt, den Wasserhaushalt auch bei intensiver körperlicher Anstrengung effektiv zu verwalten. Dadurch verlieren Sie beim Sprinten weniger Feuchtigkeit, wodurch Sie länger hydratisiert bleiben und das Risiko einer Dehydrierung reduziert wird.","Ваш организм научился эффективно управлять водным балансом даже при интенсивных физических нагрузках. Благодаря этому, вы теряете меньше влаги во время бега спринтом, что позволяет дольше сохранять гидратацию и снижает риск обезвоживания.","Twoje ciało nauczyło się efektywnie zarządzać bilansem wodnym, nawet podczas intensywnych ćwiczeń. W rezultacie tracisz mniej wody podczas sprintu, co pozwala na dłuższe utrzymanie nawodnienia i zmniejsza ryzyko odwodnienia.","A tested megtanulta hatékonyan kezelni a víz egyensúlyát még intenzív fizikai erőfeszítéssel is. Ennek köszönhetően kevesebb nedvességet veszít sprintelés közben, ami lehetővé teszi, hogy hosszabb ideig hidratált maradjon, és csökkenti a kiszáradás kockázatát.","Il tuo corpo ha imparato a gestire efficacemente il bilancio idrico, anche con un'intensa attività fisica. Grazie a questo, perdi meno umidità durante lo sprint, il che ti consente di rimanere idratato più a lungo e riduce il rischio di disidratazione.","Su cuerpo ha aprendido a administrar eficazmente el equilibrio hídrico incluso con un esfuerzo físico intenso. Debido a esto, pierde menos humedad durante el Sprint, lo que le permite mantenerse hidratado por más tiempo y reduce el riesgo de deshidratación.",Votre corps a appris à gérer efficacement l'équilibre hydrique même avec un effort physique intense. Ce qui vous permet de rester hydraté plus longtemps et réduit le risque de déshydratation.,你的身體已經學會了有效地管理它的水分平衡，即使是劇烈的體力消耗。 由于這個原因，你在沖刺時失去較少的水分，這可以讓你保持更長時間的水分並降低脫水的風險。,あなたの体は、激しい運動でも効果的に水のバランスを管理することを学びました。 これにより、スプリント中の水分の損失が少なくなり、水分補給を長く保つことができ、脱水のリスクが軽減されます。,"Seu corpo aprendeu a gerenciar efetivamente o equilíbrio de água, mesmo com esforço físico intenso. Graças a isso, você perde menos umidade durante a corrida de sprint, o que lhe permite manter-se hidratado por mais tempo e reduz o risco de desidratação.",你的身体已经学会了有效地管理它的水分平衡，即使是剧烈的体力消耗。 由于这个原因，你在冲刺时失去较少的水分，这可以让你保持更长时间的水分并降低脱水的风险。,
STR_TERJEPERK_METABLSM_ENERGYCONTAIN,Energy Containment,Energy Containment,Zadržování energie,Energie eindämmen,Сдерживание энергии,Zatrzymywanie energii,Energia elszigetelés,Contenimento dell'energia,Contención de energía,Conservation d'Énergie,能量儲存,エネルギー封じ込め,Contenção de energia,能量儲存,
STR_TERJEPERK_METABLSM_ENERGYCONTAIN_DES,"Your body has optimized energy consumption both when walking and jogging. Thanks to this, you spend fewer calories on each movement, regardless of the intensity.","Your body has optimized energy consumption both when walking and jogging. Thanks to this, you spend fewer calories on each movement, regardless of the intensity.","Vaše tělo optimalizovalo energetický výdej jak při chůzi, tak při joggingu. Díky tomu utratíte méně kalorií za každý pohyb bez ohledu na intenzitu.","Ihr Körper hat den Energieverbrauch sowohl beim Gehen als auch beim Joggen optimiert. Aus diesem Grund geben Sie für jede Bewegung weniger Kalorien aus, unabhängig von der Intensität.","Ваш организм оптимизировал расход энергии как при ходьбе, так и при беге трусцой. Благодаря этому, вы тратите меньше калорий на каждое передвижение, независимо от интенсивности.","Twoje ciało ma zoptymalizowany wydatek energetyczny zarówno podczas chodzenia, jak i joggingu. Dzięki temu zużywasz mniej kalorii na ruch, niezależnie od jego intensywności.","A tested optimalizálta az energiafogyasztást mind gyaloglás, mind kocogás közben. Ennek köszönhetően kevesebb kalóriát költ minden mozgásra, függetlenül az intenzitástól.","Il tuo corpo ha ottimizzato il dispendio energetico sia camminando che facendo jogging. Grazie a questo, spendi meno calorie per ogni movimento, indipendentemente dall'intensità.","Su cuerpo ha optimizado el gasto de energía tanto al caminar como al trotar. Gracias a esto, gastas menos calorías en cada movimiento, independientemente de la intensidad.","Votre corps a optimisé la consommation d'énergie à la fois en marchant et en trottinant. Ainsi, vous dépensez moins de calories à chaque mouvement, quelle que soit l'intensité.",你的身體已經優化了走路和慢跑時的能量消耗。因為這樣，無論強度如何，你每次移動時消耗的卡路里都會更少。,あなたの体は、歩くときとジョギングするときの両方でエネルギー消費を最適化しています。 このおかげで、強度に関係なく、各動きに費やすカロリーが少なくなります。,"Seu corpo otimizou o gasto de energia ao caminhar e correr. Com isso, você gasta menos calorias em cada movimento, independentemente da intensidade.",你的身體已經優化了走路和慢跑時的能量消耗。因為這樣，無論強度如何，你每次移動時消耗的卡路里都會更少。,
STR_TERJEPERK_METABLSM_WATERCONTAIN,Water Containment,Water Containment,Zadržování vody,Wasserrückhaltung,Сдержавание воды,Zatrzymywanie wody,Vízvisszatartás,Ritenzione idrica,Contención del agua,Conservation d'Eau,水分儲存,水の封じ込め,Retenção da água,水分儲存,
STR_TERJEPERK_METABLSM_WATERCONTAIN_DES,"Your body has learned to effectively maintain its water balance both when walking calmly and when jogging intensively. This reduces moisture loss in both modes of movement, allowing you to stay hydrated longer and avoid dehydration even in high activity conditions.","Your body has learned to effectively maintain its water balance both when walking calmly and when jogging intensively. This reduces moisture loss in both modes of movement, allowing you to stay hydrated longer and avoid dehydration even in high activity conditions.","Vaše tělo se naučilo efektivně udržovat vodní rovnováhu jak při klidné chůzi, tak při intenzivním joggingu. Díky tomu se snižuje ztráta vlhkosti v obou režimech pohybu, což vám umožní zůstat hydratovaní déle a vyhnout se dehydrataci i za podmínek vysoké aktivity.","Ihr Körper hat gelernt, den Wasserhaushalt sowohl beim ruhigen Gehen als auch beim intensiven Joggen effektiv zu erhalten. Dadurch wird der Feuchtigkeitsverlust in beiden Bewegungsmodi reduziert, sodass Sie länger hydratisiert bleiben und Austrocknung auch unter hochaktiven Bedingungen vermeiden können.","Ваш организм научился эффективно сохранять водный баланс как при спокойной ходьбе, так и при интенсивном беге трусцой. Благодоря этому снижается потеря влаги в обоих режимах передвижения, позволяя вам дольше оставаться гидратированным и избегать обезвоживания даже в условиях высокой активности.","Twoje ciało nauczyło się skutecznie utrzymywać równowagę wodną zarówno podczas spokojnego marszu, jak i energicznego joggingu. Zmniejsza to utratę wody w obu trybach ruchu, pozwalając zachować nawodnienie na dłużej i uniknąć odwodnienia nawet przy wysokim poziomie aktywności.","A tested megtanulta hatékonyan fenntartani a víz egyensúlyát mind a nyugodt járás, mind az intenzív kocogás során. Ez csökkenti a nedvességveszteséget mindkét mozgási módban, lehetővé téve, hogy hosszabb ideig hidratált maradjon, és elkerülje a kiszáradást még nagy aktivitású körülmények között is.","Il tuo corpo ha imparato a rimanere idratato in modo efficace sia camminando con calma che facendo jogging intenso. Grazie a questo, la perdita di umidità in entrambe le modalità di movimento è ridotta, permettendoti di rimanere idratato più a lungo ed evitare la disidratazione anche in condizioni di alta attività.","Su cuerpo ha aprendido a mantener el equilibrio hídrico de manera efectiva tanto con una caminata tranquila como con un trote intenso. Gracias a esto, se reduce la pérdida de humedad en ambos modos de movimiento, lo que le permite mantenerse hidratado por más tiempo y evitar la deshidratación, incluso en condiciones de alta actividad.","Votre corps a appris à maintenir efficacement son équilibre hydrique à la fois en marchant calmement et en trottinant intensivement. Cela réduit la perte d'humidité dans les deux modes de mouvement, vous permettant de rester hydraté plus longtemps et d'éviter la déshydratation même en conditions d'activité élevée.",你的身體已經學會了在平靜地行走和集中慢跑時有效地保持水分平衡。 這減少了兩種運動模式下的水分損失，使您即使在高活動條件下也能保持更長時間的水分並避免脫水。,あなたの体は、静かに歩くときと集中的にジョギングするときの両方で、水のバランスを効果的に維持することを学びました。 これは動きの両方のモードの湿気損失を減らし、より長く水和させてとどまり、高い活動状態の脱水を避けることを許可する。,"Seu corpo aprendeu a manter o equilíbrio de água de forma eficaz, tanto durante a caminhada calma quanto durante a corrida intensa. Graças a isso, a perda de umidade é reduzida em ambos os modos de movimento, permitindo que você permaneça hidratado por mais tempo e evite a desidratação, mesmo em condições de alta atividade.",你的身体已经学会了在平静地行走和集中慢跑时有效地保持水分平衡。 这减少了两种运动模式下的水分损失，使您即使在高活动条件下也能保持更长时间的水分并避免脱水。,
STR_TERJEPERK_METABLSM_FOODTEMP,Energy in the Cold,Energy in the Cold,Energie v chladu,Energie in der Kälte,Энергия в холоде,Energia w niskich temperaturach,Energia a hidegben,Energia al freddo,Energía en el frío,Énergie dans le Froid,寒冷中的能量,寒さの中のエネルギー,Energia no frio,寒冷中的能量,
STR_TERJEPERK_METABLSM_FOODTEMP_DES,"Your body has learned to effectively resist the cold, which reduces the effect of low temperatures on calorie consumption. Due to this, you need less energy to maintain heat, which helps to maintain calorie reserves even in harsh climatic conditions.","Your body has learned to effectively resist the cold, which reduces the effect of low temperatures on calorie consumption. Due to this, you need less energy to maintain heat, which helps to maintain calorie reserves even in harsh climatic conditions.","Vaše tělo se naučilo účinně odolávat chladu, což snižuje vliv nízkých teplot na kalorický výdej. Díky tomu potřebujete k udržení tepla méně energie, což pomáhá udržovat kalorické zásoby i v drsných klimatických podmínkách.","Ihr Körper hat gelernt, der Kälte effektiv zu widerstehen, was die Auswirkungen niedriger Temperaturen auf den Kalorienverbrauch reduziert. Aus diesem Grund benötigen Sie weniger Energie, um die Wärme zu erhalten, was dazu beiträgt, Ihre Kalorienreserven auch in rauen Klimabedingungen zu erhalten.","Ваш организм научился эффективно сопротивляться холоду, что снижает влияние низких температур на расход калорий. Благодаря этому, вам требуется меньше энергии для поддержания тепла, что помогает сохранить запасы калорий даже в суровых климатических условиях.","Twoje ciało nauczyło się skutecznie opierać zimnu, co zmniejsza wpływ niskich temperatur na wydatek kalorii. Oznacza to, że potrzebujesz mniej energii, aby się ogrzać, co pomaga utrzymać zapasy kalorii nawet w trudnych warunkach klimatycznych.","A tested megtanulta hatékonyan ellenállni a hidegnek, ami csökkenti az alacsony hőmérsékletnek a kalóriafogyasztásra gyakorolt hatását. Emiatt kevesebb energiára van szüksége a hő fenntartásához, ami segít fenntartani a kalóriatartalékokat még zord éghajlati viszonyok között is.","Il tuo corpo ha imparato a resistere efficacemente al freddo, il che riduce l'effetto delle basse temperature sul dispendio calorico. Per questo motivo, hai bisogno di meno energia per mantenere il calore, il che aiuta a mantenere le riserve caloriche anche in climi rigidi.","Su cuerpo ha aprendido a resistir el frío de manera efectiva, lo que reduce los efectos de las bajas temperaturas en el gasto de calorías. Debido a esto, necesita menos energía para mantener el calor, lo que ayuda a mantener sus reservas de calorías incluso en climas severos.","Votre corps a appris à résister efficacement au froid, ce qui réduit l'effet des basses températures sur la consommation de calories. Ainsi, vous avez besoin de moins d'énergie pour maintenir la chaleur, ce qui aide à conserver les réserves caloriques même dans des conditions climatiques difficiles.",你的身體已經學會了有效地抵抗寒冷，這減少了低溫對卡路裏消耗的影響。 因此，您需要更少的能量來保持熱量，即使在惡劣的氣候條件下也有助于保持卡路裏儲備。,あなたの体は効果的に寒さに抵抗することを学びました、そしてそれはカロリー消費に対する低温の影響を減らします。 これにより、熱を維持するために必要なエネルギーが少なくなり、過酷な気候条件でもカロリー埋蔵量を維持するのに役立ちます。,"Seu corpo aprendeu a resistir efetivamente ao frio, o que reduz o impacto das baixas temperaturas no consumo de calorias. Graças a isso, você precisa de menos energia para manter o calor, o que ajuda a manter suas reservas de calorias, mesmo em condições climáticas adversas.",你的身体已经学会了有效地抵抗寒冷，这减少了低温对卡路里消耗的影响。 因此，您需要更少的能量来保持热量，即使在恶劣的气候条件下也有助于保持卡路里储备。,
STR_TERJEPERK_METABLSM_RESISTWATER,Thirst Resistance,Thirst Resistance,Odolnost vůči vodě,Wasserbeständigkeit,Стойкость к воде,Odporność na działanie wody,Vízállóság,Resistenza all'acqua,Resistencia al agua,Résistance à la Soif,抵抗口渴,水への抵抗,Resistência à água,耐水性,
STR_TERJEPERK_METABLSM_RESISTWATER_DES,You have learned how to fight thirst and suffer less from dehydration. Now your health is spent more slowly when the water level in the body is low.,You have learned how to fight thirst and suffer less from dehydration. Now your health is spent more slowly when the water level in the body is low.,"Naučili jste se bojovat s žízní a méně trpíte dehydratací. Vaše zdraví se nyní tráví pomaleji, když je hladina vody v těle nízká.","Sie haben gelernt, mit Durst umzugehen und leiden weniger unter Austrocknung. Jetzt wird Ihre Gesundheit langsamer verbraucht, wenn der Wasserspiegel im Körper niedrig ist.","Вы научились бороться с жаждой и меньше страдаете от обезвоживания. Теперь ваше здоровье тратится медленнее, когда уровень воды в организме низок.","Nauczyłeś się walczyć z pragnieniem i rzadziej cierpisz z powodu odwodnienia. Gdy poziom wody w organizmie jest niski, organizm wolniej traci zdrowie.","Megtanultad, hogyan küzdj a szomjúság ellen, és hogyan szenvedj kevesebbet a kiszáradástól. Most az egészségét lassabban töltik, amikor a test vízszintje alacsony.",Hai imparato a combattere la sete e soffri meno di disidratazione. Ora la tua salute viene spesa più lentamente quando i livelli di acqua corporea sono bassi.,Has aprendido a combatir la sed y sufres menos de deshidratación. Ahora su salud se gasta más lentamente cuando los niveles de agua en su cuerpo son bajos.,"Vous avez appris à combattre la soif et à moins souffrir de déshydratation. Désormais, votre santé diminue plus lentement lorsque le niveau d'eau dans le corps est bas.",你已經學會了如何抵抗口渴，並減少因脫水而帶來的不適。現在當體內水分不足時，你的健康消耗速度會變得更慢。,あなたは喉の渇きと戦い、脱水症に苦しむことを少なくする方法を学びました。 体内の水位が低いとき、あなたの健康はよりゆっくりと費やされます。,"Você aprendeu a combater a sede e sofre menos desidratação. Agora, sua saúde é gasta mais lentamente quando o nível de água no corpo é baixo.",你已经学会了对抗口渴，减少脱水。 现在，当体内水位较低时，您的健康花费更慢。,
STR_TERJEPERK_METABLSM_RESISTHUNGER,Hunger Resistance,Hunger Resistance,Odolnost vůči hladu,Widerstand gegen Hunger,Стойкость к голоду,Odporność na głód,Az éhség ellenállása,Resistenza alla fame,Resistencia al hambre,Résistance à la Faim,抵抗饑餓,飢餓への抵抗,Resistência à fome,抵抗饥饿,
STR_TERJEPERK_METABLSM_RESISTHUNGER_DES,Your body is used to a lack of food and spends energy more economically. Now your health decreases more slowly when your satiety level is low.,Your body is used to a lack of food and spends energy more economically. Now your health decreases more slowly when your satiety level is low.,"Vaše tělo je zvyklé na nedostatek jídla a plýtvá energií šetrněji. Vaše zdraví nyní klesá pomaleji, když je hladina sytosti nízká.","Ihr Körper ist an den Mangel an Nahrung gewöhnt und verbraucht Energie sparsamer. Jetzt nimmt Ihre Gesundheit langsamer ab, wenn das Sättigungsniveau niedrig ist.","Ваш организм привык к нехватке пищи и тратит энергию более экономно. Теперь ваше здоровье уменьшается медленнее, когда уровень сытости низок.","Organizm przyzwyczaił się do braku pożywienia i oszczędniej wydatkuje energię. Teraz zdrowie spada wolniej, gdy poziom sytości jest niski.","A szervezet hozzászokott az élelmiszerhiányhoz, és takarékosabban tölti az energiát. Most az egészsége lassabban csökken, ha alacsony a jóllakottság szintje.",Il tuo corpo è abituato alla mancanza di cibo e spende energia in modo più economico. Ora la tua salute diminuisce più lentamente quando i livelli di sazietà sono bassi.,Su cuerpo está acostumbrado a la falta de alimentos y gasta energía de manera más económica. Ahora su salud disminuye más lentamente cuando su nivel de saciedad es bajo.,"Votre corps est habitué au manque de nourriture et dépense l'énergie plus économiquement. Désormais, votre santé diminue plus lentement lorsque votre niveau de satiété est bas.",你的身體已經習慣了食物不足，能更經濟地消耗能量。現在當飽腹感較低時，你的健康消耗速度會變得更慢。,あなたの体は食物の不足に慣れており、エネルギーをより控えめに費やしています。 あなたの満腹レベルが低いとき、あなたの健康はよりゆっくりと減少します。,"Seu corpo está acostumado com a falta de comida e gasta energia de forma mais econômica. Agora, sua saúde diminui mais lentamente quando seus níveis de saciedade são baixos.",你的身体习惯于缺乏食物，并且更加节约地消耗能量。 现在，当你的饱腹感水平较低时，你的健康状况下降得更慢。,
STR_TERJESKILL_METABLSM_NAME,METABOLISM,METABOLISM,METABOLISMUS,METABOLISMUS,МЕТАБОЛИЗМ,METABOLIZM,METABOLIZMUS,METABOLISMO,METABOLISMO,MÉTABOLISME,新陳代謝,代謝,METABOLISMO,新陈代谢,
STR_TERJESKILL_METABLSM_MOD0,Reduces the consumption of calories and water by,Reduces the consumption of calories and water by,Spotřeba kalorií a vody v těle za každou úroveň klesá na,Die Kalorien- und Wasseraufnahme des Körpers für jedes Niveau sinkt um,Потребления калорий и воды организмом за каждый уровень снижается на,Spożycie kalorii i wody przez organizm dla każdego poziomu jest zmniejszone o,A kalóriák és a víz fogyasztása a szervezetben minden szinten csökken,L'apporto calorico e idrico del corpo per ogni livello è ridotto da,La ingesta de calorías y agua del cuerpo para cada nivel se reduce a,Réduit la consommation de calories et d'eau de,減少消耗卡路里和水分的量,各レベルの体によるカロリーと水の消費量は、次のように減少します。,A ingestão de calorias e água pelo corpo para cada nível é reduzida para,身體每個級別的卡路裏和水的消耗都減少了,
STR_TERJEPERK_STLTH_QUIETSTEP,Quiet Steps,Quiet Steps,Tiché kroky,Ruhige Schritte,Тихие шаги,Ciche kroki,Csendes lépések,Passi silenziosi,Pasos silenciosos,Pas Silencieux,輕步,静かなステップ,Passos silenciosos,輕步,
STR_TERJEPERK_STLTH_QUIETSTEP_DES,"Your footsteps become quieter, which helps to avoid unnecessary attention and be more silent for other survivors.","Your footsteps become quieter, which helps to avoid unnecessary attention and be more silent for other survivors.","Vaše kroky jsou tišší, což pomáhá vyhnout se nadměrné pozornosti a být tichější pro ostatní přeživší.","Ihre Schritte werden leiser, was hilft, unnötige Aufmerksamkeit zu vermeiden und für andere Überlebende leiser zu sein.","Ваши шаги становятся тише, что помогает избегать лишнего внимания и быть более бесшумным для других выживших.","Twoje kroki stają się cichsze, co pomaga uniknąć niepotrzebnej uwagi i być bardziej cichym dla innych osób.","A lépések csendesebbé válnak, ami segít elkerülni a felesleges figyelmet, és csendesebb lesz a többi túlélő számára.","I tuoi passi diventano più silenziosi, il che aiuta a evitare l'attenzione in eccesso e ad essere più silenzioso per gli altri sopravvissuti.","Sus pasos se vuelven más silenciosos, lo que ayuda a evitar el exceso de atención y ser más silenciosos con otros sobrevivientes.","Vos pas deviennent plus silencieux, ce qui vous aide à éviter une attention inutile et à être plus discret pour les autres survivants.",你的腳步聲會變得更安靜，這有助於避免不必要的關注，並為其他倖存者提供更安靜的環境。,あなたの足音は静かになり、不必要な注意を避け、他の生存者にとってより静かになるのに役立ちます。,"Seus passos ficam mais silenciosos, o que ajuda a evitar o excesso de atenção e a ser mais silencioso para outros sobreviventes.",你的脚步变得更安静，这有助于避免不必要的关注，并对其他幸存者更加沉默。,
STR_TERJEPERK_STLTH_COLDBLOODED,Coldblooded,Coldblooded,Chladnokrevně,Kaltblütig,Хладнокровный,Zimnokrwisty,Hidegvérű,Sangue freddo,Sangre fría,Sang-Froid,冷血,冷血な,Resistência à fome,冷血,
STR_TERJEPERK_STLTH_COLDBLOODED_DES,"You remain absolutely calm in any situation. The sounds made by your character's mouth become quieter, allowing you to remain less visible to others.","You remain absolutely calm in any situation. The sounds made by your character's mouth become quieter, allowing you to remain less visible to others.","V každé situaci zachováte absolutní klid. Zvuky vydávané ústy vaší postavy jsou tišší,což vám umožní zůstat méně viditelní pro ostatní.","Sie bleiben in jeder Situation absolut ruhig. Die Geräusche, die durch den Mund deines Charakters erzeugt werden, werden leiser, sodass du für andere weniger sichtbar bleiben kannst.","Вы сохраняете спокойствие абсолютное в любой ситуации. Звуки, издаваемые ртом вашего персонажа, становятся тише, позволяя вам оставаться менее заметным для окружающих.","Zachowujesz absolutny spokój w każdej sytuacji. Dźwięki wydawane przez usta twojej postaci stają się cichsze, dzięki czemu jesteś mniej zauważalny dla innych.","Minden helyzetben teljesen nyugodt marad. A karaktered szája által készített hangok csendesebbé válnak, lehetővé téve, hogy mások számára kevésbé látható maradjon.","Mantieni la calma assoluta in ogni situazione. I suoni prodotti dalla bocca del tuo personaggio diventano più silenziosi, permettendoti di rimanere meno visibile a chi ti circonda.","Usted mantiene la calma absoluta en cualquier situación. Los sonidos producidos por la boca de tu personaje se vuelven más silenciosos, lo que te permite permanecer menos visible para quienes te rodean.","Vous restez absolument calme en toute situation. Les sons émis par la bouche de votre personnage deviennent plus silencieux, vous permettant de rester moins repérable pour les autres.",無論在什麼情況下，您都能保持絕對冷靜。你的角色嘴裡發出的聲音會變得更小，讓你更不容易被別人看見。,あなたはどんな状況でも絶対に落ち着いています。 キャラクターの口から発せられる音が静かになり、他の人には見えにくくなります。,"Você mantém a calma absoluta em qualquer situação. Os sons produzidos pela boca do seu personagem ficam mais silenciosos, permitindo que você permaneça menos visível para os outros.",你在任何情况下都保持绝对的冷静。 你的角色的嘴发出的声音变得更安静，让你保持不太明显的其他人。,
STR_TERJEPERK_STLTH_QUIETSHOOTER,Commandos,Commandos,Komandos,Kommando,Командос,Komandos,A Kommandósok,Commandos,Comandos,Commandos,突擊隊,コマンドス,Comando,突擊隊,
STR_TERJEPERK_STLTH_QUIETSHOOTER_DES,"Reloading and other manipulations with weapons create less noise, allowing you to remain stealthy even in stressful situations.","Reloading and other manipulations with weapons create less noise, allowing you to remain stealthy even in stressful situations.","Dobíjení a další manipulace se zbraněmi vytvářejí méně hluku, což vám umožní zůstat skrytý i ve vypjatých situacích.","Das Aufladen und andere Manipulationen an Waffen erzeugen weniger Lärm und ermöglichen es Ihnen, selbst in stressigen Situationen heimlich zu bleiben.","Перезарядка и другие манипуляции с оружием создают меньше шума, позволяя вам оставаться скрытным даже в напряжённых ситуациях.","Przeładowywanie i inne manipulacje bronią generują mniej hałasu, pozwalając zachować dyskrecję nawet w napiętych sytuacjach.","A fegyverekkel történő újratöltés és egyéb manipulációk kevesebb zajt hoznak létre, ami lehetővé teszi, hogy stresszes helyzetekben is lopakodó maradjon.","La ricarica e altre manipolazioni delle armi creano meno rumore, permettendoti di rimanere furtivo anche in situazioni di tensione.","La recarga y otras manipulaciones de armas crean menos ruido, lo que le permite permanecer sigiloso incluso en situaciones estresantes.","Le rechargement et autres manipulations avec les armes créent moins de bruit, vous permettant de rester furtif même dans des situations stressantes.",裝填和其他武器操作產生的噪音更小，讓您即使在緊張的情況下也能保持隱密。,武器を使ったリロードやその他の操作により、ノイズが少なくなり、ストレスの多い状況でもステルス性を保つことができます。,"Recarregar e outras manipulações de armas criam menos ruído, permitindo que você permaneça secreto, mesmo em situações estressantes.",裝填和其他武器操作產生的噪音更小，讓您即使在緊張的情況下也能保持隱密。,
STR_TERJEPERK_STLTH_FITTINGEQUIP,Fitted Equipment,Fitted Equipment,Přizpůsobené vybavení,Angepasste Ausrüstung,Подгонка снаряжения,Dopasowanie sprzętu,Felszerelt berendezések,Attrezzatura adatta,Equipo ajustado,Équipement Ajusté,配套設備,取り付けられた機器,Equipamento adaptado,配套設備,
STR_TERJEPERK_STLTH_FITTINGEQUIP_DES,"Your character's gear makes less noise when moving, which helps you avoid unnecessary attention and be more silent for other survivors.","Your character's gear makes less noise when moving, which helps you avoid unnecessary attention and be more silent for other survivors.","Vaše vybavení na postavě vydává při pohybu mnohem méně hluku, což vám pomůže vyhnout se nadměrné pozornosti a být tichější pro ostatní přeživší.","Deine Ausrüstung auf dem Charakter macht viel weniger Lärm, wenn du dich bewegst, was dir hilft, unnötige Aufmerksamkeit zu vermeiden und für andere Überlebende leiser zu sein.","Ваше снаряжение на персонаже издает гораздо меньше шума при движении, что помогает вам избегать лишнего внимания и быть более бесшумным для других выживших.","Ekwipunek postaci generuje znacznie mniej hałasu podczas poruszania się, co pomaga uniknąć niepotrzebnej uwagi i być bardziej cichym dla innych.","A karaktered felszerelése sokkal kevesebb zajt okoz mozgás közben, ami segít elkerülni a felesleges figyelmet és csendesebb a többi túlélő számára.","La tua attrezzatura sul personaggio fa molto meno rumore quando ti muovi, il che ti aiuta a evitare l'attenzione in eccesso e ad essere più silenzioso per gli altri sopravvissuti.","Tu equipo en el personaje hace mucho menos ruido cuando te mueves, lo que te ayuda a evitar el exceso de atención y ser más silencioso para otros sobrevivientes.","L'équipement de votre personnage fait moins de bruit en se déplaçant, ce qui vous aide à éviter une attention indésirable et à être plus silencieux pour les autres survivants.",你的角色的裝備在移動時發出的噪音更小，這有助於你避免不必要的關注，並為其他倖存者提供更安靜的環境。,キャラクターのギアは移動時の騒音がはるかに少なく、不必要な注意を避け、他の生存者にとってより静かになるのに役立ちます。,"Seu equipamento de personagem faz muito menos barulho quando você se move, o que ajuda você a evitar o excesso de atenção e ser mais silencioso para os outros sobreviventes.",你的角色的装备在移动时产生的噪音要小得多，这有助于你避免不必要的关注，并对其他幸存者更加沉默。,
STR_TERJEPERK_STLTH_INVISIBLEMAN,Invisible Man,Invisible Man,Neviditelný,unsichtbares Wesen,Невидимка,Niewidzialny,A Láthatatlan Ember,Invisibile,Invisible,Homme Invisible,隱形人,透明人間,Invisível,隐形人,
STR_TERJEPERK_STLTH_INVISIBLEMAN_DES,"The skill of staying in the shadows and avoiding loud actions makes you virtually invisible to the infected, allowing you to easily pass through dangerous territories. The risk of being found by infected is reduced. ","The skill of staying in the shadows and avoiding loud actions makes you virtually invisible to the infected, allowing you to easily pass through dangerous territories. The risk of being found by infected is reduced. ","Schopnost zůstat ve stínu a vyhnout se hlasitým akcím vás činí prakticky neviditelnými pro infikované, což vám umožní snadno minout nebezpečná území. Riziko, že se nakazí, se snižuje. ","Die Fähigkeit, im Schatten zu bleiben und laute Aktivitäten zu vermeiden, macht Sie für Infizierte praktisch unsichtbar, so dass Sie gefährliche Gebiete leicht passieren können. Das Risiko, von Infizierten entdeckt zu werden, nimmt ab. ","Мастерство оставаться в тени и избегать громких действий делает вас практически невидимым для зараженных, позволяя вам легко миновать опасные территории. Риск быть обнаруженным зараженными снижается. ","Opanowanie pozostawania w cieniu i unikanie głośnych działań sprawia, że jesteś praktycznie niewidzialny dla zainfekowanych, co pozwala ci łatwo ominąć niebezpieczne obszary. Ryzyko wykrycia przez zainfekowanych jest zmniejszone.","Az árnyékban való tartózkodás és a hangos cselekedetek elkerülése gyakorlatilag láthatatlanná teszi a fertőzötteket, lehetővé téve, hogy könnyen áthaladjon a veszélyes területeken. Csökken a fertőzés kockázata. ","La padronanza di rimanere nell'ombra ed evitare azioni rumorose ti rende praticamente invisibile agli infetti, permettendoti di passare facilmente Territori pericolosi. Il rischio di essere scoperti infetti è ridotto. ","La habilidad de permanecer en las sombras y evitar actividades ruidosas te hace prácticamente invisible para los infectados, lo que te permite pasar fácilmente por territorios peligrosos. El riesgo de ser detectado infectado se reduce. ","L'art de rester dans l'ombre et d'éviter les actions bruyantes vous rend pratiquement invisible aux infectés, vous permettant de traverser facilement des territoires dangereux. Le risque d'être repéré par les infectés est réduit.",躲在陰影中並避免大聲喧嘩的技能使你幾乎對感染者隱形，從而讓你輕鬆穿越危險區域。被發現感染的風險降低了。,影にとどまり、大きな行動を避けるスキルにより、感染者には事実上見えなくなり、危険な地域を簡単に通過できるようになります。 感染していることが判明するリスクが軽減されます。 ,"A habilidade de permanecer nas sombras e evitar atividades barulhentas torna você praticamente invisível para os infectados, permitindo que você passe facilmente por áreas perigosas. O risco de ser detectado é reduzido. ",留在阴影和避免大声行动的技巧使你几乎看不见被感染的人，让你轻松通过危险的领土。 被发现感染的风险降低。 ,
STR_TERJEPERK_STLTH_CATVISION,Cat's Vision,Cat's Vision,Kočičí zrak,Katzensicht,Кошачье зрение,Kocie oczy,Macska látása,Visione del gatto,Visión de gato,Vision de Chat,貓眼,猫のビジョン,Visão de gato,貓眼,
STR_TERJEPERK_STLTH_CATVISION_DES,"Your eyes adjust to the dark like a cat's. You can see better in low-light conditions, which allows you to navigate confidently in the dark.","Your eyes adjust to the dark like a cat's. You can see better in low-light conditions, which allows you to navigate confidently in the dark.","Vaše oči se přizpůsobí tmě jako kočka. Lépe vidíte ve slabých světelných podmínkách, což vám umožňuje sebevědomou navigaci ve tmě.","Deine Augen passen sich an die Dunkelheit an, genau wie eine Katze. Sie sehen bei schlechten Lichtverhältnissen besser, sodass Sie sich im Dunkeln sicher navigieren können.","Ваши глаза приспосабливаются к темноте, как у кошки. Вы лучше видите в условиях слабого освещения, что позволяет вам уверенно ориентироваться в темноте.","Twoje oczy przystosowują się do ciemności jak oczy kota. Widzisz lepiej w warunkach słabego oświetlenia, co pozwala ci pewnie poruszać się w ciemności.","A szemed úgy alkalmazkodik a sötéthez, mint egy macska. gyenge fényviszonyok között jobban láthat, ami lehetővé teszi, hogy magabiztosan navigáljon sötétben.","I tuoi occhi si adattano all'oscurità come un gatto. Vedi meglio in condizioni di scarsa illuminazione, permettendoti di navigare con sicurezza al buio.","Tus ojos se adaptan a la oscuridad como los de un gato. Se ve mejor en condiciones de poca luz, lo que le permite navegar con confianza en la oscuridad.","Vos yeux s'adaptent à l'obscurité comme ceux d'un chat. Vous voyez mieux dans des conditions de faible luminosité, ce qui vous permet de vous déplacer avec confiance dans le noir.",你的眼睛像貓一樣適應黑暗。您可以在低光源條件下看得更清楚，從而可以在黑暗中自信地導航。,あなたは暗闇の中で自信を持ってナビゲートすることができます低照度の条件でよりよく見ることができます。,"Seus olhos se adaptam à escuridão, como os de um gato. Você vê melhor em condições de pouca luz, o que lhe permite navegar com confiança no escuro.",你的眼睛像貓一樣適應黑暗。您可以在低光源條件下看得更清楚，從而可以在黑暗中自信地導航。,
STR_TERJEPERK_STLTH_SILENTEXECUTIONER,The Silent Executioner,The Silent Executioner,Tichý kat,Der stille Henker,Бесшумный палач,Cichy oprawca,A Csendes Hóhér,Boia silenziosa,El verdugo silencioso,Le Bourreau Silencieux,無聲行刑者,沈黙の死刑執行人,Carrasco silencioso,無聲行刑者,
STR_TERJEPERK_STLTH_SILENTEXECUTIONER_DES,"You get the opportunity to make quick and silent kills with a two-handed bladed weapon. Accurate and lightning-fast strikes allow you to eliminate enemies without making too much noise, without attracting the attention of others and ensuring safe movement in dangerous areas.","You get the opportunity to make quick and silent kills with a two-handed bladed weapon. Accurate and lightning-fast strikes allow you to eliminate enemies without making too much noise, without attracting the attention of others and ensuring safe movement in dangerous areas.","Získáte možnost provádět rychlé a tiché zabíjení pomocí obouručních chladných zbraní. Přesné a bleskové údery umožňují eliminovat nepřátele bez zbytečného hluku, aniž by upoutaly pozornost okolí a zajistily bezpečný pohyb v nebezpečných zónách.","Sie erhalten die Möglichkeit, schnelle und stille Tötungen mit zweihändigen kalten Waffen durchzuführen. Präzise und blitzschnelle Schläge ermöglichen es Ihnen, Feinde ohne unnötigen Lärm zu eliminieren, ohne die Aufmerksamkeit anderer zu erregen und eine sichere Bewegung in Gefahrenbereichen zu gewährleisten.","Вы получаете возможность совершать быстрые и бесшумные убийства с помощью двуручного холодного оружия. Точные и молниеносные удары позволяют устранять врагов без лишнего шума, не привлекая внимания окружающих и обеспечивая безопасное перемещение в опасных зонах.","Otrzymujesz możliwość wykonywania szybkich i cichych zabójstw przy użyciu dwuręcznej broni białej. Precyzyjne i błyskawiczne ciosy pozwalają eliminować wrogów bez nadmiernego hałasu, nie przyciągając uwagi innych i zapewniając bezpieczne poruszanie się w niebezpiecznych obszarach.","Kapsz a lehetőséget, hogy a gyors és csendes öl egy kétkezes pengéjű fegyver. A pontos és villámgyors sztrájkok lehetővé teszik az ellenségek kiküszöbölését anélkül, hogy túl sok zajt okoznának, anélkül, hogy mások figyelmét felkeltenék, és biztonságos mozgást biztosítanának a veszélyes területeken.","Hai la possibilità di eseguire uccisioni rapide e silenziose con un'arma da mischia a due mani. I colpi precisi e fulminei ti consentono di eliminare i nemici senza troppi rumori, senza attirare l'attenzione degli altri e garantire un movimento sicuro in aree pericolose.","Tienes la oportunidad de realizar asesinatos rápidos y silenciosos con armas blancas a dos manos. Los ataques precisos y rápidos del rayo le permiten eliminar a los enemigos sin ruido innecesario, sin llamar la atención de los demás y garantizar un movimiento seguro en áreas peligrosas.","Vous avez l'opportunité d'effectuer des éliminations rapides et silencieuses avec une arme blanche à deux mains. Des frappes précises et fulgurantes vous permettent d'éliminer les ennemis sans faire trop de bruit, sans attirer l'attention des autres et en assurant des déplacements sûrs dans les zones dangereuses.",你有機會用雙手刃武器快速無聲地殺死。 准確和閃電般快速的打擊使您可以消除敵人而不會産生太多噪音，而不會引起他人的注意並確保在危險區域安全移動。,あなたは両手の刃の武器で迅速かつ静かなキルを作る機会を得る。 正確で超高速のストライキを使用すると、他の人の注意を引くことなく、危険な場所で安全な動きを確保することなく、あまりにも多くの音を立てることなく敵を排除することができます。,"Você tem a oportunidade de cometer assassinatos rápidos e silenciosos com a ajuda de armas brancas de Duas Mãos. Ataques precisos e rápidos permitem eliminar inimigos sem ruído, sem atrair a atenção dos outros e garantindo movimento seguro em áreas perigosas.",你有机会用双手刃武器快速无声地杀死。 准确和闪电般快速的打击使您可以消除敌人而不会产生太多噪音，而不会引起他人的注意并确保在危险区域安全移动。,
STR_TERJEPERK_STLTH_SILENTKILLER,Silent Killer,Silent Killer,Tichý zabiják,Stiller Mörder,Бесшумный убийца,Cichy zabójca,A Csendes Gyilkos,Assassino silenzioso,Asesino silencioso,Tueur Silencieux,無聲殺手,サイレントキラー,Assassino silencioso,無聲殺手,
STR_TERJEPERK_STLTH_SILENTKILLER_DES,"Your knife handling skills are impeccable. You can make a quick and silent kill, neutralizing opponents with extreme precision and minimal noise.","Your knife handling skills are impeccable. You can make a quick and silent kill, neutralizing opponents with extreme precision and minimal noise.",Vaše dovednosti v zacházení s nožem jsou bezchybné. Rychlé a tiché zabíjení můžete provést neutralizací protivníků se zvláštní přesností a minimálním hlukem.,"Ihr Umgang mit dem Messer ist einwandfrei. Sie können einen schnellen und leisen Mord durchführen, indem Sie Gegner mit äußerster Präzision und minimalem Rauschen neutralisieren.","Ваши навыки обращения с ножом безупречны. Вы можете совершить быстрое и бесшумное убийство, нейтрализуя противников с особой точностью и минимальным шумом.","Twoje umiejętności posługiwania się nożem są nienaganne. Potrafisz zabijać szybko i bezszelestnie, neutralizując przeciwników z niezwykłą precyzją i minimalnym hałasem.","A késkezelési képessége kifogástalan. Tudod, hogy egy gyors és csendes ölni, semlegesítő ellenfelek rendkívüli pontossággal és minimális zaj.","Le tue abilità con il coltello sono impeccabili. Puoi eseguire un'uccisione rapida e silenziosa, neutralizzando gli avversari con estrema precisione e rumore minimo.","Sus habilidades de manejo de cuchillos son impecables. Puede realizar una matanza rápida y silenciosa, neutralizando a los oponentes con una precisión extrema y un ruido mínimo.","Vos compétences en maniement du couteau sont impeccables. Vous pouvez effectuer une élimination rapide et silencieuse, neutralisant les adversaires avec une précision extrême et un minimum de bruit.",你的刀具使用技能無可挑剔。你能進行快速且無聲的擊殺，以極高的精準度和最小的噪音消除對手。,あなたのナイフの取り扱いスキルは非の打ちどころがありません。 あなたは極端な精度と最小限のノイズで相手を中和し、迅速かつ静かなキルを作ることができます。,"Suas habilidades com facas são impecáveis. Você pode realizar um assassinato rápido e silencioso, neutralizando os inimigos com extrema precisão e ruído mínimo.",你的用刀技巧無可挑剔。您可以快速而無聲地殺死對手，以極高的精度和最小的噪音消滅對手。,
STR_TERJEPERK_STLTH_SHADOWTRACKER,Silent step,Silent step,Tichý krok,Stiller Schritt,Бесшумный шаг,Niczym Duch,Csendes lépés,Passo silenzioso,Paso silencioso,Étape silencieuse,無聲步伐,サイレントステップ,Passo silencioso,無聲步伐,
STR_TERJEPERK_STLTH_SHADOWTRACKER_DES,"You have reached the highest level of stealth. When moving without shoes (except sprinting), you don't create any sound at all, becoming a real ghost.","You have reached the highest level of stealth. When moving without shoes (except sprinting), you don't create any sound at all, becoming a real ghost.","Dosáhli jste nejvyšší úrovně utajení. Když se pohybujete bez bot (kromě sprintu), nevytvoříte vůbec žádný zvuk a stanete se skutečným duchem.","Sie haben die höchste Stealth-Stufe erreicht. Wenn Sie sich ohne Schuhe bewegen (außer beim Sprint), erzeugen Sie überhaupt kein Geräusch und werden zu einem echten Geist.","Вы достигли высшего уровня скрытности. При передвижении без обуви (кроме спринта) вы вообще не создаёте никакого звука, становясь настоящим призраком.","Osiągnąłeś najwyższy poziom skradania się. Poruszając się bez butów (z wyjątkiem sprintu), nie generujesz żadnego dźwięku, stając się prawdziwym duchem.","Elérte a lopakodás legmagasabb szintjét. Ha cipő nélkül mozog (kivéve a sprintet), akkor egyáltalán nem hoz létre hangot, valódi szellemré válik.","Hai raggiunto il massimo livello di furtività. Quando ti muovi senza scarpe (a parte lo sprint), non crei alcun suono, diventando un vero fantasma.","Has alcanzado el nivel más alto de sigilo. Cuando te mueves sin zapatos (aparte del Sprint), no creas ningún sonido, convirtiéndose en un verdadero fantasma.","Vous avez atteint le plus haut niveau de furtivité. Lorsque vous vous déplacez sans chaussures (sauf pour le Sprint), vous ne créez aucun son, devenant un véritable fantôme.",你已達到隱匿技能的最高級別。當你不穿鞋移動時（跑步除外），不會發出任何聲音，成為真正的幽靈。,あなたはステルスの最高レベルに達しています。 靴なしで動き回るとき（スプリントを除く）、あなたはまったく音を出さず、本当の幽霊になります。,"Você atingiu o nível mais alto de discrição. Quando você se move sem sapatos (exceto sprint), você não cria nenhum som, tornando-se um verdadeiro fantasma.",你已達到隱匿技能的最高級別。當你不穿鞋移動時（跑步除外），不會發出任何聲音，成為真正的幽靈。,
STR_TERJEPERK_STLTH_NINJA,Ninja,Ninja,Ninja,Ninja,Нинзя,Ninja,Ninja,Ninja,Ninja,Ninja,忍者,忍者,Ninja,忍者,
STR_TERJEPERK_STLTH_NINJA_DES,All the noise and sounds you make become 50% quieter at night.,All the noise and sounds you make become 50% quieter at night.,"Veškerý hluk a zvuky, které vydáváte, jsou v temné denní době o 50% tišší.","Alle Geräusche, die Sie machen, werden im Dunkeln um 50% leiser.",Весь издаваемый вами шум и звуки становятся тише на 50% в темное время суток.,"Wszystkie hałasy i dźwięki, które wydajesz, stają się o 50% cichsze w nocy.",Az összes zaj és hang 50% - kal csendesebb lesz éjszaka.,Tutto il rumore e i suoni che fai diventano più silenziosi del 50% al buio.,Todo el ruido y los sonidos que haces se vuelven un 50% más silenciosos en la oscuridad.,Tous les bruits et sons que vous sont 50% plus silencieux la nuit.,您發出的所有噪音和聲響在夜間都會變得安靜 50%。,あなたが作るすべての騒音と音は夜に50％静かになります。,Todo o ruído e os sons que você faz São 50% mais silenciosos à noite.,您發出的所有噪音和聲響在夜間都會變得安靜 50%。,
STR_TERJESKILL_STEALCH_NAME,STEALTH,STEALTH,UZAVŘENOST,HEIMLICHKEIT,СКРЫТНОСТЬ,SKRADANIE,Lopakodó,DISSIMULAZIONE,SIGILO,FURTIVITÉ,隱蔽行動,ステルス,DISSIMULAÇÃO,隱蔽行動,
STR_TERJESKILL_SURVIVAL_NAME,SURVIVAL,SURVIVAL,PŘEŽITÍ,ÜBERLEBEN,ВЫЖИВАНИЕ,PRZETRWANIE,TÚLÉLÉS,SOPRAVVIVENZA,SUPERVIVENCIA,SURVIE,生存,サバイバル,Sobrevivência,生存,
STR_TERJESKILL_SURV_STARTFIRE,Pyromaniac,Pyromaniac,Zakládání ohně,Ein Feuer machen,Разведение огня,Rozpalanie ognia,Tűz gyújtása,Accendere un incendio,Iniciando un incendio,Pyromane,縱火狂,火を起こす,Sobrevivência,縱火狂,
STR_TERJESKILL_SURV_STARTFIRE_DES,You have learned how to quickly and effectively light a fire that will save you in all weather conditions.,You have learned how to quickly and effectively light a fire that will save you in all weather conditions.,"Naučili jste se rychle a efektivně rozdělávat oheň, který vás zachrání za všech povětrnostních podmínek.","Sie haben gelernt, schnell und effektiv ein Feuer zu entzünden, das Sie bei allen Wetterbedingungen retten wird.","Вы научились быстро и эффективно разжигать огонь, который спасет вас в любых погодных условиях.","Nauczyłeś się, jak szybko i skutecznie rozpalić ogień, który uratuje cię w każdych warunkach pogodowych.","Megtanultad, hogyan lehet gyorsan és hatékonyan tüzet gyújtani, amely minden időjárási körülmények között megment.",Hai imparato ad accendere un fuoco in modo rapido ed efficace che ti salverà in tutte le condizioni atmosferiche.,Has aprendido a encender un fuego rápido y eficiente que te salvará en todas las condiciones climáticas.,Vous avez appris à allumer rapidement et efficacement un feu qui vous sauvera dans toutes les conditions météorologiques.,您已經學會如何快速有效地點火，以便在各種天氣條件下拯救您。,あなたは迅速かつ効果的にすべての気象条件であなたを救う火を点灯する方法を学びました。,"Você aprendeu a acender o fogo de forma rápida e eficaz, o que o salvará em todas as condições climáticas.",您已經學會如何快速有效地點火，以便在各種天氣條件下拯救您。,
STR_TERJESKILL_SURV_COLDRESISTANCE,Cold Resistance,Cold Resistance,Odolnost proti chladu,Widerstand gegen Kälte,Сопротивление холоду,Odporność na zimno,Hideg ellenállás,Resistenza al freddo,Resistencia al frío,Résistance au Froid,耐寒性,冷たい抵抗,Resistência ao frio,耐寒性,
STR_TERJESKILL_SURV_COLDRESISTANCE_DES,"It's like you were made for the cold. Your body tolerates low temperatures better, giving you an advantage in harsh conditions and increasing resistance to cold.","It's like you were made for the cold. Your body tolerates low temperatures better, giving you an advantage in harsh conditions and increasing resistance to cold.","Jste jako stvořený pro chlad. Vaše tělo lépe snáší nízké teploty, což vám dává výhodu v drsných podmínkách a zvyšuje odolnost proti chladu.","Sie scheinen für die Kälte geschaffen zu sein. Ihr Körper toleriert niedrige Temperaturen besser, gibt Ihnen einen Vorteil in rauen Umgebungen und erhöht den Widerstand gegen Kälte.","Вы словно созданы для холодов. Ваше тело лучше переносит низкие температуры, давая вам преимущество в суровых условиях и повышая сопротивление к холоду.","To tak, jakbyś był stworzony do zimna. Twoje ciało lepiej toleruje niskie temperatury, dając Ci przewagę w trudnych warunkach i zwiększając Twoją odporność na zimno.","Mintha a hidegre lettél volna teremtve. A szervezet jobban tolerálja az alacsony hőmérsékletet, így előnyös a zord körülmények között és növeli a hideg ellenállását.","Sei come se fossi fatto per il freddo. Il tuo corpo tollera meglio le basse temperature, dandoti un vantaggio in condizioni difficili e aumentando la resistenza al freddo.","Estás hecho para el frío. Su cuerpo tolera mejor las bajas temperaturas, lo que le brinda una ventaja en entornos hostiles y aumenta la resistencia al frío.","C'est comme si vous étiez fait pour le froid. Votre corps tolère mieux les basses températures, vous donnant un avantage dans des conditions difficiles et augmentant votre résistance au froid.",就好像你是為寒冷而生的。您的身體能夠更好地耐受低溫，讓您在惡劣的條件下更具優勢，並增強對寒冷的抵抗力。,あなたは寒さのために作られたようなものです。 あなたの体は低温をよりよく許容し、過酷な条件で優位性を与え、寒さに対する抵抗力を高めます。,"É como se você fosse feito para o frio. Seu corpo tolera melhor as baixas temperaturas, dando-lhe uma vantagem em ambientes agressivos e aumentando a resistência ao frio.",就好像你是為寒冷而生的。您的身體能夠更好地耐受低溫，讓您在惡劣的條件下更具優勢，並增強對寒冷的抵抗力。,
STR_TERJESKILL_SURV_ROUGHFEET,Rough Feet,Rough Feet,Drsné nohy,Raue Füße,Грубые ноги,Szorstkie stopy,Durva méter,Piedi ruvidi,Áspero pies,Pieds Durs,粗糙的腳,ラフ足,Pés ásperos,粗糙的脚,
STR_TERJESKILL_SURV_ROUGHFEET_DES,Your feet are so used to harsh conditions that the risk of getting cuts or injuries without shoes is noticeably reduced. ,Your feet are so used to harsh conditions that the risk of getting cuts or injuries without shoes is noticeably reduced. ,"Vaše nohy jsou tak zvyklé na drsné podmínky, že riziko pořezání nebo zranění bez bot je znatelně sníženo. ","Ihre Füße sind so an harte Bedingungen gewöhnt, dass das Risiko von Schnitten oder Verletzungen ohne Schuhe deutlich reduziert ist. ","Ваши ноги настолько привыкли к суровым условиям, что риск получить порезы или травмы без обуви заметно снижен. ","Twoje stopy są tak przyzwyczajone do trudnych warunków, że ryzyko skaleczenia lub zranienia bez butów jest znacznie zmniejszone.","A lábad annyira hozzászokott a zord körülményekhez, hogy észrevehetően csökken a cipő nélküli vágások vagy sérülések kockázata. ",I tuoi piedi sono così abituati a condizioni difficili che il rischio di tagli o lesioni senza scarpe è notevolmente ridotto. ,Sus pies están tan acostumbrados a las duras condiciones que el riesgo de sufrir cortes o lesiones sin zapatos se reduce notablemente. ,Vos pieds sont tellement habitués aux conditions difficiles que le risque de coupures ou de blessures sans chaussures est sensiblement réduit.,你的雙腳已經適應了惡劣的環境，因此不穿鞋而被割傷或受傷的風險會明顯降低。,あなたの足は過酷な条件に非常に慣れているので、靴なしで切り傷や怪我をするリスクは著しく減少します。 ,Seus pés estão tão acostumados a condições adversas que o risco de cortes ou lesões sem sapatos é visivelmente reduzido. ,你的雙腳已經適應了惡劣的環境，因此不穿鞋而被割傷或受傷的風險會明顯降低。,
STR_TERJESKILL_SURV_ROUGHHANDS,Rough Hands,Rough Hands,Hrubé ruce,Raue Hände,Грубые руки,Szorstkie ręce,Durva kezek,Mani ruvide,Manos ásperas,Mains Rugueuses,粗糙的手,荒い手,Mãos ásperas,粗糙的手,
STR_TERJESKILL_SURV_ROUGHHANDS_DES,"Your hands feel like they're made of steel. Without gloves, you are less prone to cuts and damage, easily coping with any rough work.","Your hands feel like they're made of steel. Without gloves, you are less prone to cuts and damage, easily coping with any rough work.","Vaše ruce jsou jako z oceli. Bez rukavic jste méně náchylní k řezům a poškození, snadno zvládnete jakoukoli hrubou práci.",Ihre Hände sind wie aus Stahl. Ohne Handschuhe sind Sie weniger anfällig für Schnitte und Beschädigungen und können mit jeder harten Arbeit leicht umgehen.,"Ваши руки словно сделаны из стали. Без перчаток вы меньше подвержены порезам и повреждениям, легко справляясь с любой грубой работой.",Twoje dłonie są jak ze stali. Bez rękawic jesteś mniej podatny na skaleczenia i urazy i z łatwością poradzisz sobie z każdą ciężką pracą.,"A kezed mintha acélból lenne. Kesztyű nélkül kevésbé hajlamos a vágásokra és a sérülésekre, könnyen megbirkózik minden durva munkával.","Le tue mani sembrano fatte di acciaio. Senza guanti, sei meno incline a tagli e danni, gestendo facilmente qualsiasi lavoro duro.","Sus manos parecen hechas de acero. Sin guantes, es menos propenso a cortes y daños, manejando fácilmente cualquier trabajo duro.","Vos mains sont comme faites d'acier. Sans gants, vous êtes moins sujet aux coupures et aux dommages, gérant facilement tout travail ardu.",你的手感覺就像是鋼鐵做的。就算不戴手套，您也不容易被割傷，輕鬆應付任何粗糙的工作。,あなたの手は鋼でできているように感じます。 手袋がなければ、切り傷や損傷を受けにくく、荒い作業に簡単に対処できます。,"As suas mãos parecem feitas de aço. Sem luvas, você é menos propenso a cortes e danos, lidando facilmente com qualquer trabalho duro.",你的手感覺就像是鋼鐵做的。就算不戴手套，您也不容易被割傷，輕鬆應付任何粗糙的工作。,
STR_TERJESKILL_SURV_ANCESTRALTECHNOLOGIE,Ancestral Technologies,Ancestral Technologies,Technologie předků,Technologie der Vorfahren,Технологии предков,Technologie przodków,Ősi technológiák,Tecnologie ancestrali,Tecnología ancestral,Technologies Ancestrales,祖傳技術,先祖伝来の技術,Tecnologias ancestrais,祖传技术,
STR_TERJESKILL_SURV_ANCESTRALTECHNOLOGIE_DES,"You have mastered ancient techniques that allow you to craft a homemade ignition kit. The higher the level of this perk, the more uses the set will have.","You have mastered ancient techniques that allow you to craft a homemade ignition kit. The higher the level of this perk, the more uses the set will have.","Zvládli jste starověké techniky, které vám umožňují vyrobit domácí pálicí sadu. Čím vyšší je úroveň tohoto perku, tím větší počet použití bude sada stačit.","Sie haben alte Techniken beherrscht, mit denen Sie ein hausgemachtes Zündset basteln können. Je höher der Wert dieses Perks ist, desto mehr Verwendungsmöglichkeiten werden für das Set ausreichen.","Вы овладели древними техниками, которые позволяют вам крафтить самодельный набор для розжига. Чем выше уровень данного перка, тем на большее количество использований хватит набора.","Opanowałeś starożytne techniki, które pozwalają Ci stworzyć domowy zestaw do zapłonu. Im wyższy poziom tego profitu, tym więcej zastosowań wystarczy na zestaw.","Elsajátította az ősi technikákat, amelyek lehetővé teszik házi gyújtókészlet készítését. Minél magasabb a perk szintje, annál több felhasználása lesz a készletnek.","Hai imparato le antiche tecniche che ti consentono di creare un kit di accensione fatto in casa. Più alto è il livello di questo vantaggio, più usi saranno sufficienti per il set.","Has dominado las técnicas antiguas que te permiten elaborar un kit de encendido casero. Cuanto mayor sea el nivel de este beneficio, más uso tendrá el conjunto.","Vous avez maîtrisé les techniques anciennes qui vous permettent de fabriquer un kit d'allumage fait maison. Plus le niveau de cet avantage est élevé, plus le kit est utilisé.",您已經掌握了古老的技術，可以製作自製的點火套件。此技能的等級越高，該套裝的用途就越廣。,あなたは自家製の点火キットを作ることを可能にする古代の技術を習得しました。 この特典のレベルが高いほど、セットの用途が多くなります。,"Você dominou técnicas antigas que permitem que você crie um kit de ignição caseiro. Quanto maior o nível dessa vantagem, mais usos o conjunto será suficiente.",您已經掌握了古老的技術，可以製作自製的點火套件。此技能的等級越高，該套裝的用途就越廣。,
STR_TERJESKILL_SURV_MAINTAININGFIRE,Fire Efficiency,Fire Efficiency,Udržování ohně,Aufrechterhaltung des Feuers,Поддержание огня,Utrzymanie ognia,A tűz fenntartása,Mantenere il fuoco,Mantenimiento del fuego,Efficacité du Feu,火源效率,火を維持する,Manutenção de fogo,火源效率,
STR_TERJESKILL_SURV_MAINTAININGFIRE_DES,"Your fire handling skills allow you to maintain it for longer with less resources. Bonfires burn longer, using less fuel.","Your fire handling skills allow you to maintain it for longer with less resources. Bonfires burn longer, using less fuel.",Vaše dovednosti při manipulaci s ohněm vám umožňují udržovat jej déle s menšími náklady na zdroje. Oheň hoří déle a využívá méně paliva.,"Ihre Fähigkeiten im Umgang mit Feuer ermöglichen es Ihnen, es länger bei weniger Ressourcen zu halten. Die Lagerfeuer brennen länger und verwenden weniger Brennstoff.","Ваши навыки обращения с огнем позволяют поддерживать его дольше при меньших затратах ресурсов. Костры горят продолжительнее, используя меньше топлива.","Twoje umiejętności rozpalania ognia pozwalają dłużej podtrzymywać ogień przy mniejszym zużyciu zasobów. Ogniska palą się dłużej, zużywając mniej paliwa.","Tűzkezelési képességei lehetővé teszik, hogy hosszabb ideig fenntartsa kevesebb erőforrással. A máglyák hosszabb ideig égnek, kevesebb üzemanyagot használva.","Le tue capacità di gestione del fuoco ti consentono di mantenerlo più a lungo con meno risorse. I fuochi bruciano più a lungo, usando meno carburante.","Sus habilidades para manejar el fuego le permiten mantenerlo por más tiempo con menos recursos. Las hogueras se queman más tiempo, usando menos combustible.","Vos compétences en gestion du feu vous permettent de le maintenir plus longtemps avec moins de ressources. Les feux de camp brûlent plus longtemps, en consommant moins de combustible.",你的篝火處理技能使你能夠以更少的資源維持火焰更長時間。篝火燃燒時間更長，使用的燃料更少。,あなたの火の処理の技術はより少ない資源とのより長くのためのそれを維持することを可能にする。 焚き火は、より少ない燃料を使用して、より長く燃えます。,"Suas habilidades de lidar com o fogo permitem que você o mantenha por mais tempo com menos recursos. As fogueiras queimam por mais tempo, usando menos combustível.",你的篝火處理技能使你能夠以更少的資源維持火焰更長時間。篝火燃燒時間更長，使用的燃料更少。,
STR_TERJESKILL_SURV_OWNERSHIPTOOLS,Tools Ownership,Tools Ownership,Vlastnictví nástrojů,Besitz von Werkzeugen,Владение инструментами,Opanowanie narzędzi,Eszközök tulajdonjoga,Proprietà degli strumenti,Posesión de herramientas,Maîtrise des Outils,工具掌控者,ツールの所有権,Posse de ferramentas,工具掌控者,
STR_TERJESKILL_SURV_OWNERSHIPTOOLS_DES,"Your tool handling skills have improved significantly, allowing you to use them more effectively. You reduce the cost of resources for using a lighter and an ignition kit. ","Your tool handling skills have improved significantly, allowing you to use them more effectively. You reduce the cost of resources for using a lighter and an ignition kit. ","Vaše dovednosti v zacházení s nástroji se výrazně zlepšily, což vám umožňuje efektivněji je používat. Snižujete náklady na zdroje na použití zapalovače a zapalovací sady. ","Ihre Fähigkeiten im Umgang mit Werkzeugen haben sich erheblich verbessert, sodass Sie sie effizienter nutzen können. Sie reduzieren die Ressourcenkosten für die Verwendung eines Feuerzeugs und eines Zündsatzes. ","Ваши навыки обращения с инструментами значительно улучшились, что позволяет вам более эффективно использовать их. Вы снижаете затраты ресурсов на использование зажигалки и набора для розжига. ","Twoje umiejętności posługiwania się narzędziami znacznie się poprawiły, co pozwala na bardziej efektywne ich wykorzystanie. Zmniejszasz koszty zasobów związane z używaniem zapalniczki i zestawu zapłonowego. ","Szerszámkezelési képességei jelentősen javultak, lehetővé téve azok hatékonyabb használatát. Csökkenti az öngyújtó és a gyújtáskészlet használatának költségeit. ","Le tue abilità con gli strumenti sono notevolmente migliorate, consentendoti di utilizzarle in modo più efficace. Riduci i costi delle risorse per l'utilizzo di un accendino e di un kit di accensione. ","Sus habilidades de manejo de herramientas han mejorado enormemente, lo que le permite usarlas de manera más efectiva. Reduce el gasto de recursos en el uso de un encendedor y un kit de encendido. ","Vos compétences en maniement des outils se sont grandement améliorées, vous permettant de les utiliser plus efficacement. Vous réduisez le coût en ressources pour utiliser un briquet et un kit d'allumage.",您的工具操作技能顯著提高，使您能夠更有效地使用它們。您減少了使用輕便工具和點火套件的資源成本。,あなたの用具の処理の技術はかなり改善し、それらをより効果的に使用することを可能にする。 ライターとイグニッションキットを使用するためのリソースのコストを削減します。 ,"Suas habilidades com ferramentas melhoraram significativamente, permitindo que você as use com mais eficiência. Você reduz os custos de recursos do isqueiro e do kit de ignição. ",您的工具操作技能顯著提高，使您能夠更有效地使用它們。您減少了使用輕便工具和點火套件的資源成本。,
STR_TERJESKILL_SURV_STASHES,Invisible Stashes,Invisible Stashes,Neviditelné skrýše,Unsichtbare Verstecke,Невидимые схроны,Niewidzialne schowki,Láthatatlan rejtvények,Nascondigli invisibili,Alijos invisibles,Caches Invisibles,隱形藏匿處,目に見えない隠し場所,Esconderijos invisíveis,隱形藏匿處,
STR_TERJESKILL_SURV_STASHES_DES,Your survival skills allow you to mask caches and caches making them completely invisible.,Your survival skills allow you to mask caches and caches making them completely invisible.,"Vaše dovednosti přežití vám umožňují maskovat skrýše a schrony, takže jsou naprosto neviditelné.","Ihre Überlebensfähigkeiten ermöglichen es Ihnen, Verstecke und Schränke zu maskieren, sodass sie absolut unsichtbar sind.",Ваши навыки выживания позволяют вам маскировать тайники и схроны делая их абсолютно невидимыми.,"Twoje umiejętności przetrwania pozwalają ci kamuflować kryjówki i skrytki, czyniąc je całkowicie niewidocznymi.",A túlélési képességeid lehetővé teszik a gyorsítótárak elfedését és a gyorsítótárak teljesen láthatatlanná tételét.,Le tue abilità di sopravvivenza ti permettono di mascherare nascondigli e nascondigli rendendoli assolutamente invisibili.,Tus habilidades de supervivencia te permiten enmascarar escondites y escondites haciéndolos completamente invisibles.,"Vos compétences de survie vous permettent de dissimuler les caches, les rendant complètement invisibles.",你的生存技能使你能夠隱藏儲藏物，讓它們完全不可見。,あなたのサバイバルスキルを使用すると、キャッシュとキャッシュをマスクして完全に見えなくすることができます。,"Suas habilidades de sobrevivência permitem que você mascare esconderijos e esconderijos, tornando-os completamente invisíveis.",你的生存技能使你能夠隱藏儲藏物，讓它們完全不可見。,
STR_TERJESKILL_SURV_DURABLEMAT,Durable Material,Durable Material,Odolný materiál,Haltbares Material,Прочный материал,Wytrzymały materiał,Tartós anyag,Materiale durevole,Material duradero,Matière Durable,耐用材料,耐久性のある素材,Material durável,耐用材料,
STR_TERJESKILL_SURV_DURABLEMAT_DES,"Your skills with tools and weapons allow you to reduce the wear of gloves, which reduces the chance of damage during active use. Your gloves last longer, better protecting your hands from injury and adverse factors.","Your skills with tools and weapons allow you to reduce the wear of gloves, which reduces the chance of damage during active use. Your gloves last longer, better protecting your hands from injury and adverse factors.","Vaše dovednosti manipulace s nástroji a zbraněmi vám umožní snížit opotřebení rukavic, což snižuje šanci na jejich poškození při aktivním používání. Vaše rukavice vydrží déle a lépe chrání ruce před zraněním a nepříznivými faktory.","Ihre Fähigkeiten im Umgang mit Werkzeugen und Waffen reduzieren den Verschleiß der Handschuhe und verringern die Wahrscheinlichkeit, dass sie bei aktiver Verwendung beschädigt werden. Ihre Handschuhe halten länger und schützen Ihre Hände besser vor Verletzungen und nachteiligen Faktoren.","Ваши навыки обращения с инструментами и оружием позволяют снизить износ перчаток, что уменьшает шанс их повреждения при активном использовании. Ваши перчатки служат дольше, лучше защищая руки от травм и неблагоприятных факторов.","Twoje umiejętności posługiwania się narzędziami i bronią zmniejszają zużycie rękawic, co zmniejsza ryzyko ich uszkodzenia podczas aktywnego użytkowania. Twoje rękawice działają dłużej, lepiej chroniąc dłonie przed obrażeniami i niekorzystnymi warunkami.","A szerszámokkal és fegyverekkel kapcsolatos készségei lehetővé teszik a kesztyűk kopásának csökkentését, ami csökkenti az aktív használat során bekövetkező károsodás esélyét. A kesztyű hosszabb ideig tart, jobban védi a kezét a sérülésektől és a káros tényezőktől.","Le tue abilità con strumenti e armi ti consentono di ridurre l'usura dei guanti, il che riduce la possibilità che vengano danneggiati durante l'uso attivo. I guanti durano più a lungo, proteggendo meglio le mani da lesioni e fattori avversi.","Sus habilidades en el manejo de herramientas y armas le permiten reducir el desgaste de los guantes, lo que reduce la posibilidad de que se dañen cuando se usan activamente. Sus guantes duran más tiempo, protegiendo mejor sus manos de lesiones y factores adversos.","Vos compétences avec les outils et les armes vous permettent de réduire l'usure des gants, ce qui diminue le risque de dommages lors d'une utilisation active. Vos gants durent plus longtemps, protégeant mieux vos mains des blessures et des facteurs néfastes.",你對工具和武器的熟練使用使你能夠減少手套的磨損，從而降低在使用過程中受損的機會。你的手套使用壽命更長，更好地保護你的手免受傷害和不利因素的影響。,ツールや武器を使用したスキルを使用すると、手袋の摩耗を減らすことができ、アクティブな使用中の損傷の可能性が低くなります。 あなたの手袋は長持ちし、怪我や不利な要因から手をよりよく保護します。,"Suas habilidades com ferramentas e armas reduzem o desgaste das luvas, o que reduz as chances de danificá-las quando usadas ativamente. Suas luvas duram mais, protegendo melhor suas mãos de lesões e fatores adversos.",你對工具和武器的熟練使用使你能夠減少手套的磨損，從而降低在使用過程中受損的機會。你的手套使用壽命更長，更好地保護你的手免受傷害和不利因素的影響。,
STR_TERJESKILL_SURV_EXPERT,The Expert,The Expert,Znalec,Kenner,Знаток,Znawca,A szakértő,Intenditore,Conocedor,L'Expert,專家,専門家,Conhecedor,专家,
STR_TERJESKILL_SURV_EXPERT_DES,"Your extensive knowledge of food allows you to see detailed information about calories, nutrients and other characteristics of foods. Thanks to this, you will be able to better manage your diet by choosing the most useful and energetically saturated foods for optimal maintenance of strength.","Your extensive knowledge of food allows you to see detailed information about calories, nutrients and other characteristics of foods. Thanks to this, you will be able to better manage your diet by choosing the most useful and energetically saturated foods for optimal maintenance of strength.","Vaše rozsáhlé znalosti o potravinách vám umožní vidět podrobné informace o kaloriích, živin a dalších charakteristikách potravin. Díky tomu budete moci lépe ovládat svou stravu výběrem nejužitečnějších a energeticky nasycených potravin pro optimální udržení sil.","Ihr umfangreiches Wissen über Lebensmittel ermöglicht es Ihnen, detaillierte Informationen über Kalorien, Nährstoffe und andere Eigenschaften von Lebensmitteln zu sehen. Dadurch können Sie Ihre Ernährung besser verwalten, indem Sie die nützlichsten und energetisch gesättigten Lebensmittel auswählen, um die Kraft optimal zu erhalten.","Ваши обширные знания о пище позволяют вам видеть подробную информацию о калорийности, питательных веществах и других характеристиках продуктов. Благодаря этому, вы сможете лучше управлять своим рационом, выбирая наиболее полезные и энергетически насыщенные продукты для оптимального поддержания сил.","Twoja rozległa wiedza na temat żywności pozwala zobaczyć szczegółowe informacje na temat kalorii, składników odżywczych i innych cech żywności. Dzięki temu możesz lepiej zarządzać swoją dietą, wybierając najbardziej zdrowe i energetycznie nasycone produkty dla optymalnego utrzymania siły.","Az élelmiszerek széles körű ismerete lehetővé teszi, hogy részletes információkat láthasson az élelmiszerek kalóriáiról, tápanyagairól és egyéb jellemzőiről. Ennek köszönhetően jobban kezelheti étrendjét azáltal, hogy kiválasztja a leghasznosabb és energetikailag telített ételeket az erő optimális fenntartása érdekében.","La tua vasta conoscenza del cibo ti consente di vedere informazioni dettagliate su calorie, nutrienti e altre caratteristiche degli alimenti. Grazie a questo, sarai in grado di gestire meglio la tua dieta scegliendo gli alimenti più sani ed energicamente saturi per un mantenimento ottimale della forza.","Su amplio conocimiento de los alimentos le permite ver información detallada sobre calorías, nutrientes y otras características de los alimentos. Gracias a esto, podrá administrar mejor su dieta, eligiendo los alimentos más útiles y energéticamente ricos para un mantenimiento óptimo de la fuerza.","Votre vaste connaissance des aliments vous permet de voir des informations détaillées sur les calories, les nutriments et autres caractéristiques des aliments. Grâce à cela, vous pourrez mieux gérer votre alimentation en choisissant les aliments les plus utiles et énergétiquement riches pour un maintien optimal de la force.",您對食物的廣泛了解可以讓您看到有關卡路裏，營養素和食物其他特征的詳細信息。 多虧了這一點，你將能夠更好地管理你的飲食，選擇最健康和充滿活力的食物，以最佳的力量維持。,食品のあなたの広範な知識は、あなたがカロリー、栄養素や食品の他の特性に関する詳細な情報を見ることができます。 これにより、強度を最適に維持するために最も有用で精力的に飽和した食品を選択することで、食事をより適切に管理することができます。,"Seu amplo conhecimento de alimentos permite que você Veja informações detalhadas sobre calorias, nutrientes e outras características dos alimentos. Graças a isso, você será capaz de gerenciar melhor sua dieta, escolhendo os alimentos mais saudáveis e ricos em energia para manter a força de forma ideal.",您对食物的广泛了解可以让您看到有关卡路里，营养素和食物其他特征的详细信息。 多亏了这一点，你将能够更好地管理你的饮食，选择最健康和充满活力的食物，以最佳的力量维持。,
STR_TERJESKILL_SURV_DURABLEEQUIPMENT,Durable Equipment,Durable Equipment,Robustní výbava,Robuste Ausrüstung,Прочная экипировка,Solidny sprzęt,Tartós berendezések,Attrezzatura durevole,Equipo duradero,Équipement Durable,耐用裝備,耐久性のある機器,Equipamento robusto,耐用设备,
STR_TERJESKILL_SURV_DURABLEEQUIPMENT_DES,"Your skills and experience allow you to reduce the damage to clothing when taking damage. Thanks to this, your equipment remains in better condition, protecting you from the environment and hostile influences for longer.","Your skills and experience allow you to reduce the damage to clothing when taking damage. Thanks to this, your equipment remains in better condition, protecting you from the environment and hostile influences for longer.",Vaše dovednosti a zkušenosti vám umožní snížit poškození oblečení při poškození. Díky tomu zůstává vaše výbava v lepším stavu a déle vás chrání před okolím a nepřátelskými vlivy.,"Mit Ihren Fähigkeiten und Erfahrungen können Sie Kleidungsschäden reduzieren, wenn Sie Schaden erleiden. Dadurch bleibt Ihre Ausrüstung in einem besseren Zustand und schützt Sie länger vor Umwelteinflüssen und feindlichen Einflüssen.","Ваши навыки и опыт позволяют уменьшить повреждение одежды при получении урона. Благодаря этому, ваша экипировка остается в лучшем состоянии, дольше защищая вас от окружающей среды и враждебных воздействий.","Twoje umiejętności i doświadczenie pozwalają zmniejszyć uszkodzenia odzieży podczas otrzymywania obrażeń. Dzięki temu Twój sprzęt pozostaje w najlepszym stanie, chroniąc cię dłużej przed środowiskiem i wrogimi wpływami.","Készségei és tapasztalata lehetővé teszi, hogy csökkentse a ruházat károsodását, amikor sérülést okoz. Ennek köszönhetően a berendezés jobb állapotban marad, és hosszabb ideig védi Önt a környezettől és az ellenséges hatásoktól.","Le tue abilità ed esperienza ti consentono di ridurre i danni ai vestiti quando subisci danni. Per questo motivo, la tua attrezzatura rimane in condizioni migliori, proteggendoti più a lungo dall'ambiente e dalle influenze ostili.","Sus habilidades y experiencia le permiten reducir el daño a la ropa cuando recibe daño. Gracias a esto, su equipo permanece en las mejores condiciones, protegiéndolo por más tiempo del medio ambiente y las influencias hostiles.","Vos compétences et votre expérience vous permettent de réduire les dégâts subis par les vêtements lorsque vous prenez des dommages. Ainsi, votre équipement reste en meilleur état, vous protégeant plus longtemps de l'environnement et des influences hostiles.",您的技能和經驗使您在受到傷害時能減少對衣物的損害。多虧了這一點，您的裝備保持在更好的狀態，能更長時間地保護您免受環境和敵對影響的侵害。,あなたのスキルと経験は、損傷を受けるときに衣服への損傷を減らすことを可能にします。 これのおかげで、あなたの装置はよりよい状態に残り、より長くのための環境そして敵の影響から保護する。,"Suas habilidades e experiência podem ajudar a reduzir os danos às roupas ao receber danos. Graças a isso, seu equipamento permanece nas melhores condições, protegendo-o por mais tempo do meio ambiente e das influências hostis.",您的技能和經驗使您在受到傷害時能減少對衣物的損害。多虧了這一點，您的裝備保持在更好的狀態，能更長時間地保護您免受環境和敵對影響的侵害。,
STR_TERJESKILL_SURVIVAL_MOD0,Reduces the impact of environmental temperature by,Reduces the impact of environmental temperature by,Snižuje náchylnost k okolní teplotě na,Reduziert die Anfälligkeit für Umgebungstemperatur bei,Снижает восприимчивость к температуре окружающей среды на,Zmniejsza wrażliwość na temperaturę otoczenia o,Csökkenti a környezeti hőmérsékletre való érzékenységet,Riduce la suscettibilità alla temperatura ambiente di,Reduce la susceptibilidad a la temperatura ambiente en,Réduit l'impact de la température ambiante de,通過以下方式降低對環境溫度的敏感性,周囲温度への感受性を減らします,Reduz a suscetibilidade à temperatura ambiente em,通過以下方式降低對環境溫度的敏感性,
STR_TERJESKILL_SURVIVAL_MOD1,Reduces health damage received from zombies by,Reduces health damage received from zombies by,Snižuje poškození zdraví způsobené zombie na,Reduziert den von Zombies erlittenen Gesundheitsschaden,Уменьшает урон здоровью получаемый от зомби на,Zmniejsza obrażenia otrzymywane od zombie o,Csökkenti az egészségkárosodást kapott zombik által,Riduce i danni alla salute subiti dagli zombi su,Reduce el daño a la salud de los zombis en,Réduit les dégâts de santé reçus des zombies de,減少僵屍對健康的傷害,ゾンビから受けた健康被害を軽減します,Reduz o dano de vida recebido de zumbis em,減少僵屍對健康的傷害,
STR_TERJEPERK_STLTH_WOLFINSTINCT,Wolves Friend,Wolves Friend,Vlčí instinkt,Wolfsinstinkt,Волчий инстинкт,Wilczy instynkt,A farkas ösztön,Istinto di lupo,Instinto lobo,Ami des Loups,狼之友,オオカミの本能,Instinto lobo,狼之友,
STR_TERJEPERK_STLTH_WOLFINSTINCT_DES,Your understanding of predator behavior allows you to stay out of their field of view and not attract them with your scent. The probability of being attacked by wolves is reduced.,Your understanding of predator behavior allows you to stay out of their field of view and not attract them with your scent. The probability of being attacked by wolves is reduced.,Vaše chápání chování predátorů vám umožňuje zůstat mimo jejich zorné pole a nepřitahovat je svým zápachem. Pravděpodobnost napadení vlky klesá.,"Ihr Verständnis des Verhaltens von Raubtieren ermöglicht es Ihnen, außerhalb ihres Sichtfeldes zu bleiben und sie nicht durch ihren Geruch anzulocken. Die Wahrscheinlichkeit, von Wölfen angegriffen zu werden, nimmt ab.",Ваше понимание поведения хищников позволяет оставаться вне их поля зрения и не привлекать их своим запахом. Вероятность быть атакованным волками снижается.,"Zrozumienie zachowania drapieżników pozwala ci pozostać poza ich zasięgiem wzroku i nie przyciągać ich swoim zapachem. Jest mniej prawdopodobne, że zostaniesz zaatakowany przez wilki.","A ragadozó viselkedésének megértése lehetővé teszi, hogy távol maradjon a látómezőjüktől, és ne vonzza őket az illatával. Csökken a farkasok támadásának valószínűsége.",La tua comprensione del comportamento dei predatori ti consente di rimanere fuori dalla loro vista e di non attirarli con il tuo profumo. La probabilità di essere attaccati dai lupi diminuisce.,Su comprensión del comportamiento de los depredadores le permite permanecer fuera de su vista y no atraerlos con su olor. La probabilidad de ser atacado por lobos disminuye.,Votre compréhension du comportement des prédateurs vous permet de rester hors de leur champ de vision et de ne pas les attirer avec votre odeur. La probabilité d'être attaqué par des loups est réduite.,你對掠食者行為的理解使你能夠避開它們的視野，並且不會因為氣味而吸引它們。被狼攻擊的概率降低了。,捕食者の行動のあなたの理解は視野からとどまり、あなたのにおいとのそれらを引き付けないことを可能にする。 オオカミに襲われる可能性が低くなります。,Sua compreensão do comportamento dos predadores permite que você permaneça fora de seu campo de visão e não os atraia com seu cheiro. A probabilidade de ser atacado por lobos diminui.,你對掠食者行為的理解使你能夠避開它們的視野，並且不會因為氣味而吸引它們。被狼攻擊的概率降低了。,
STR_TERJEPERK_STLTH_FRIENDBEAR,Bears Friend,Bears Friend,Přítel medvědů,Freund der Bären,Друг косолапых,Przyjaciel niedźwiedzi,A medvék barátja,Amico degli orsi,Amigo de los osos,Ami des Ours,熊之友,クマの友,Amigo dos ursos,熊之友,
STR_TERJEPERK_STLTH_FRIENDBEAR_DES,"Thanks to your experience and understanding of the habits of wild animals, bears notice you less often and do not show aggression, giving you a better chance to avoid a dangerous encounter.","Thanks to your experience and understanding of the habits of wild animals, bears notice you less often and do not show aggression, giving you a better chance to avoid a dangerous encounter.","Díky vašim zkušenostem a pochopení chování divokých zvířat si vás medvědi méně často všimnou a neprojeví agresi, což vám dává větší šanci vyhnout se nebezpečnému setkání.","Aufgrund Ihrer Erfahrung und Ihres Verständnisses der Gewohnheiten wilder Tiere bemerken Sie Bären seltener und zeigen keine Aggression, so dass Sie eine größere Chance haben, eine gefährliche Begegnung zu vermeiden.","Благодаря вашему опыту и пониманию повадок диких животных, медведи реже замечают вас и не проявляют агрессию, давая вам больше шансов избежать опасной встречи.","Dzięki doświadczeniu i zrozumieniu zwyczajów dzikich zwierząt, niedźwiedzie są mniej skłonne do zauważenia cię i nie są agresywne, co daje większą szansę na uniknięcie niebezpiecznego spotkania.","A vadon élő állatok szokásainak tapasztalatainak és megértésének köszönhetően a medvék ritkábban vesznek észre, és nem mutatnak agressziót, így nagyobb esélyt kapnak a veszélyes találkozás elkerülésére.","Grazie alla tua esperienza e comprensione delle abitudini degli animali selvatici, gli orsi hanno meno probabilità di notarti e non mostrare aggressività, dandoti maggiori possibilità di evitare un incontro pericoloso.","Gracias a su experiencia y comprensión de los hábitos de los animales salvajes, los osos son menos propensos a notarlo y no muestran agresión, lo que le da una mejor oportunidad de evitar un encuentro peligroso.","Grâce à votre expérience et à votre compréhension des habitudes des animaux sauvages, les ours vous remarquent moins souvent et ne montrent pas d'agressivité, vous donnant une meilleure chance d'éviter une rencontre dangereuse.",多虧了你對野生動物習性的經驗和理解，熊類對你的注意力減少，並且不會表現出攻擊性，這讓你有更好的機會避免危險的遭遇。,あなたの経験と野生動物の習慣の理解のおかげで、クマはあなたに気づく頻度が少なく、攻撃性を示さず、危険な出会いを避けるより良い機会を与,"Graças à sua experiência e compreensão dos hábitos dos animais selvagens, os ursos são menos propensos a notá-lo e não mostram agressão, dando-lhe mais chances de evitar um encontro perigoso.",多虧了你對野生動物習性的經驗和理解，熊類對你的注意力減少，並且不會表現出攻擊性，這讓你有更好的機會避免危險的遭遇。,
STR_TERJEPERK_METABLSM_WMLOVER,Predatory Digestion,Predatory Digestion,Dravé trávení,Räuberische Verdauung,Хищное пищеварение,Trawienie drapieżników,Ragadozó emésztés,Digestione predatoria,Digestión depredadora,Digestion des Prédateurs,掠奪性消化,捕食性消化,Digestão predatória,掠夺性消化,
STR_TERJEPERK_METABLSM_WMLOVER_DES,Your stomach produces special enzymes and bacteria that help digest the meat of predators without consequences for the body.,Your stomach produces special enzymes and bacteria that help digest the meat of predators without consequences for the body.,"Váš žaludek produkuje speciální enzymy a bakterie, které podporují trávení masa predátorů bez následků pro tělo.","Ihr Magen produziert spezielle Enzyme und Bakterien, die die Verdauung von Fleisch von Raubtieren fördern, ohne Auswirkungen auf den Körper zu haben.","Ваш желудок вырабатывает специальные энзимы и бактерии, которые способствуют перевариванию мяса хищников без последствий для организма.","Twój żołądek wytwarza specjalne enzymy i bakterie, które pomagają trawić mięso mięsożerców bez negatywnego wpływu na organizm.","A gyomrod speciális enzimeket és baktériumokat termel, amelyek segítenek megemészteni a ragadozók húsát anélkül, hogy következményei lennének a testre.",Lo stomaco produce enzimi e batteri speciali che aiutano a digerire la carne dei predatori senza conseguenze per il corpo.,Su estómago produce enzimas y bacterias especiales que ayudan a digerir la carne de los depredadores sin consecuencias para el cuerpo.,Votre estomac produit des enzymes et des bactéries spéciales qui aident à digérer la viande des prédateurs sans conséquences pour le corps.,你的胃會產生特殊的酶和細菌，幫助消化捕食者的肉，而不會對身體造成影響。,あなたの胃は、体に影響を与えることなく捕食者の肉を消化するのに役立つ特別な酵素と細菌を生成します。,Seu estômago produz enzimas e bactérias especiais que ajudam a digerir a carne dos predadores sem consequências para o corpo.,你的胃會產生特殊的酶和細菌，幫助消化捕食者的肉，而不會對身體造成影響。,
STR_TERJESKILL_SURV_SURVIVALINSTINCT,Survival Instinct,Survival Instinct,Instinkt přežití,Überlebensinstinkt,Инстинкт выживания,Instynkt przetrwania,A túlélési ösztön,Istinto di sopravvivenza,Instinto de supervivencia,Instinct de Survie,生存本能,生存本能,Instinto de sobrevivência,生存本能,
STR_TERJESKILL_SURV_SURVIVALINSTINCT_DES,"Zombies stop killing you when you are unconscious. Your body instinctively freezes, causing zombies to lose interest in you, giving you a chance to survive even in the most dangerous situations.","Zombies stop killing you when you are unconscious. Your body instinctively freezes, causing zombies to lose interest in you, giving you a chance to survive even in the most dangerous situations.","Zombie vás přestanou dobývat, když jste v bezvědomí. Vaše tělo instinktivně zamrzne, takže zombie o vás ztratí zájem, což dává šanci na přežití i v těch nejnebezpečnějších situacích.","Zombies hören auf, dich anzugreifen, wenn du bewusstlos bist. Dein Körper friert instinktiv ein, wodurch Zombies Ihr Interesse an dir verlieren und selbst in den gefährlichsten Situationen eine Überlebenschance besteht.","Зомби перестают добивать вас, когда вы находитесь в бессознательном состоянии. Ваше тело инстинктивно замирает, заставляя зомби терять к вам интерес, давая шанс на выживание даже в самых опасных ситуациях.","Zombie przestają cię zabijać, gdy jesteś nieprzytomny. Twoje ciało instynktownie zastyga, sprawiając, że zombie tracą zainteresowanie tobą, dając ci szansę na przetrwanie nawet najbardziej niebezpiecznych sytuacji.","A zombik nem ölnek meg, ha eszméletlen vagy. A tested ösztönösen lefagy, aminek következtében a zombik elveszítik érdeklődésüket irántad, esélyt adva a túlélésre még a legveszélyesebb helyzetekben is.","Gli zombi smettono di finirti quando sei incosciente. Il tuo corpo si blocca istintivamente, facendo perdere interesse agli zombi per te, dando la possibilità di sopravvivere anche nelle situazioni più pericolose.","Los zombis dejan de matarte cuando estás inconsciente. Tu cuerpo instintivamente se congela, haciendo que los zombies pierdan interés en TI, dando la oportunidad de sobrevivir incluso en las situaciones más peligrosas.","Les zombies cessent de vous tuer lorsque vous êtes inconscient. Votre corps se fige instinctivement, faisant perdre aux zombies tout intérêt pour vous, vous donnant une chance de survivre même dans les situations les plus dangereuses.","當你失去意識時,殭屍會停止攻擊你。你的身體本能地會僵住,這使得殭屍對你失去興趣,即使在最危險的情況下也有生存的機會。",ゾンビはあなたが意識を失ったときにあなたを殺すのをやめます。 あなたの体は本能的に凍結し、ゾンビがあなたに興味を失う原因となり、最も危険な状況でも生き残るチャンスを与えます。,"Os zumbis param de acabar com você quando você está inconsciente. Seu corpo congela instintivamente, fazendo com que os zumbis percam o interesse em você, dando uma chance de sobrevivência mesmo nas situações mais perigosas.","當你失去意識時,殭屍會停止攻擊你。你的身體本能地會僵住,這使得殭屍對你失去興趣,即使在最危險的情況下也有生存的機會。",
STR_TERJESKILL_SURV_MUSHROOMPREMONITION,Mushroom Premonition,Mushroom Premonition,Houbová předtucha,Pilz-Vorahnung,Чуйка грибника,Instynkt łowcy grzybów,Gomba előérzet,Premonizione dei funghi,Premonición de hongos,Premonition des Champignons,蘑菇預兆,きのこの予感,Premonição do cogumelo,蘑菇預兆,
STR_TERJESKILL_SURV_MUSHROOMPREMONITION_DES,"Your mushroom hunting skills have been perfected. Now the mushrooms are much more noticeable when you approach them, which makes it easier to spot them in dense vegetation.","Your mushroom hunting skills have been perfected. Now the mushrooms are much more noticeable when you approach them, which makes it easier to spot them in dense vegetation.","Vaše houbařské dovednosti jsou dovedeny k dokonalosti. Nyní jsou houby mnohem viditelnější, když se k nim přiblížíte, což usnadňuje jejich nalezení v husté vegetaci.","Ihre Pilzsuchfähigkeiten wurden perfektioniert. Jetzt sind Pilze viel sichtbarer, wenn Sie sich ihnen nähern, was es einfacher macht, sie in dichter Vegetation zu erkennen.","Ваши навыки поиска грибов доведены до совершенства. Теперь грибы намного заметнее, когда вы приближаетесь к ним, что облегчает их обнаружение в густой растительности.","Twoje umiejętności polowania na grzyby zostały udoskonalone. Grzyby są teraz znacznie lepiej widoczne, gdy się do nich zbliżasz, dzięki czemu łatwiej je dostrzec w gęstej roślinności.","A gomba vadászat készségek tökéletesítették. Most a gombák sokkal jobban észrevehetők, amikor megközelítik őket, ami megkönnyíti a sűrű növényzetben való észlelést.","Le tue abilità di ricerca dei funghi sono perfezionate. Ora i funghi sono molto più visibili quando ti avvicini a loro, il che li rende più facili da individuare nella fitta vegetazione.","Sus habilidades de búsqueda de hongos se perfeccionan. Ahora, los hongos son mucho más visibles cuando te acercas a ellos, lo que facilita su detección en la vegetación densa.","Vos compétences en cueillette de champignons ont été perfectionnées. Désormais, les champignons sont beaucoup plus visibles lorsque vous vous en approchez, ce qui facilite leur repérage dans la végétation dense.",你的採蘑菇技巧已經十分完美了。現在，當你靠近蘑菇時，它們會更加顯眼，這使得在茂密的植被中更容易發現它們。,あなたのキノコ狩りのスキルが完成されました。 今ではキノコはあなたがそれらに近づくとはるかに目立つので、密集した植生でそれらを見つけやすくなります。,"Suas habilidades de busca de cogumelos são aperfeiçoadas. Agora, os cogumelos são muito mais visíveis à medida que você se aproxima deles, tornando mais fácil detectá-los na vegetação densa.",你的採蘑菇技巧已經十分完美了。現在，當你靠近蘑菇時，它們會更加顯眼，這使得在茂密的植被中更容易發現它們。,
STR_TERJESKILL_MASKSTASH_ACTION,Disguise,Disguise,Maskovat,Tarnen,Замаскировать,Zamaskuj,Álruhában,Mascherare,Enmascarar,Dissimulation,僞裝,変装,Mascarar,伪装,
STR_TERJESKILL_HUNT_MEATHUNTER,Meat Hunter,Meat Hunter,Lovec masa,Fleischjäger,Охотник за мясом,Łowca mięsa,A Húsvadász,Cacciatore di carne,Cazador de carne,Chasseur de Viande,肉獵人,肉ハンター,Caçador de carne,肉猎人,
STR_TERJESKILL_HUNT_MEATHUNTER_DES,"You get more meat from the loot. Your hunting and butchering skills allow you to carve each carcass as efficiently as possible, increasing the amount of meat produced.","You get more meat from the loot. Your hunting and butchering skills allow you to carve each carcass as efficiently as possible, increasing the amount of meat produced.",Z kořisti získáte více masa. Vaše lovecké a řezací dovednosti vám umožní co nejefektivněji rozdělit každou mrtvolu a zvýšit množství vytěženého masa.,"Sie erhalten mehr Fleisch von der Beute. Ihre Jagd- und Schneidfähigkeiten ermöglichen es Ihnen, jeden Kadaver so effizient wie möglich zu schneiden und gleichzeitig die Menge an produziertem Fleisch zu erhöhen.","Вы получаете больше мяса с добычи. Ваши навыки охоты и разделки позволяют максимально эффективно разделывать каждую тушу, увеличивая количество добываемого мяса.","Zdobywasz więcej mięsa ze swoich ofiar. Twoje umiejętności myśliwskie i rzeźnicze pozwalają ci na jak najskuteczniejszą rzeź każdej tuszy, zwiększając ilość pozyskiwanego mięsa.","Több húst kapsz a zsákmányból. A vadászati és mészárlási készségek lehetővé teszik, hogy minden hasított testet a lehető leghatékonyabban faragjon, növelve az előállított hús mennyiségét.","Ottieni più carne dal bottino. Le tue abilità di caccia e macellazione ti consentono di macellare ogni carcassa nel modo più efficiente possibile, aumentando la quantità di carne estratta.","Obtienes más carne de la presa. Sus habilidades de caza y corte le permiten cortar cada canal de la manera más eficiente posible, aumentando la cantidad de carne extraída.","Vous obtenez plus de viande du butin. Vos compétences en chasse et en boucherie vous permettent de découper chaque carcasse aussi efficacement que possible, augmentant la quantité de viande produite.",你的狩獵和屠宰技能使你能夠以最有效的方式切割每具屍體，增加產出的肉量。,あなたは戦利品からより多くの肉を手に入れます。 あなたの狩猟と屠殺のスキルを使用すると、生産される肉の量を増やし、できるだけ効率的に各枝肉を彫ることができます。,"Você obtém mais carne da presa. Suas habilidades de Caça e corte permitem que você corte cada carcaça da maneira mais eficiente possível, aumentando a quantidade de carne extraída.",你的狩獵和屠宰技能使你能夠以最有效的方式切割每具屍體，增加產出的肉量。,
STR_TERJESKILL_HUNT_QUICKCUTTING,Butcher,Butcher,Rychlé řezání,Schnelles Schneiden,Быстрая разделка,Szybkie cięcie,Gyors vágás,Taglio rapido,Corte rápido,Boucher,肉販,速い切断,Corte rápido,肉販,
STR_TERJESKILL_HUNT_QUICKCUTTING_DES,You reduce the time it takes to butcher the carcass. Skilled movements and confidence in the use of tools allow you to quickly extract resources from slaughtered animals.,You reduce the time it takes to butcher the carcass. Skilled movements and confidence in the use of tools allow you to quickly extract resources from slaughtered animals.,Zkrátíte čas potřebný k řezání řasenky. Zkušený pohyb a důvěra v používání nástrojů vám umožní rychleji získávat zdroje ze zabitých zvířat.,"Sie reduzieren die Zeit, die zum Aufschneiden der Mascara benötigt wird. Erfahrene Bewegungen und das Vertrauen in die Verwendung von Werkzeugen ermöglichen es Ihnen, Ressourcen von getöteten Tieren schneller abzubauen.","Вы сокращаете время, необходимое для разделки туши. Опытные движения и уверенность в использовании инструментов позволяют вам быстрее добывать ресурсы с убитых животных.",Skracasz czas potrzebny na poćwiartowanie tuszy. Wprawne ruchy i pewność w posługiwaniu się narzędziami pozwalają ci szybciej wydobywać zasoby z zabitych zwierząt.,"Csökkenti a hasított test mészárlásához szükséges időt. A képzett mozgások és az eszközök használatába vetett bizalom lehetővé teszi, hogy gyorsan kivonja az erőforrásokat a levágott állatokból.",Riduci il tempo necessario per tagliare il mascara. Movimenti esperti e fiducia nell'uso degli strumenti ti consentono di estrarre risorse dagli animali uccisi più velocemente.,Estás reduciendo el tiempo necesario para cortar la máscara. Los movimientos experimentados y la confianza en el uso de herramientas le permiten extraer recursos de los animales muertos más rápido.,Vous réduisez le temps nécessaire pour dépecer une carcasse. Des mouvements habiles et une confiance dans l'utilisation des outils vous permettent d'extraire rapidement des ressources des animaux abattus.,你縮短了處理屍體所需的時間。熟練的動作和對工具的自信使你能夠迅速從屠宰的動物中提取資源。,死骸を肉屋にするのにかかる時間を短縮します。 熟練した動きとツールの使用に対する自信により、屠殺された動物から資源をすばやく抽出することができます。,Você reduz o tempo necessário para cortar a carcaça. Movimentos experientes e confiança no uso de ferramentas permitem que você extraia recursos de animais mortos mais rapidamente.,你縮短了處理屍體所需的時間。熟練的動作和對工具的自信使你能夠迅速從屠宰的動物中提取資源。,
STR_TERJESKILL_HUNT_MASTERKNIFE,Master of Knifes,Master of Knifes,Mistr nože,Meister des Messers,Мастер ножа,Mistrz noża,A kés mestere,Maestro del coltello,Maestro del cuchillo,Maître des Couteaux,刀具大師,ナイフの達人,Mestre da faca,刀具大師,
STR_TERJESKILL_HUNT_MASTERKNIFE_DES,"You reduce the wear of the knife when cutting carcasses. Your precise and confident movements keep the blade sharp for longer, allowing you to use the knife more efficiently and significantly extending its service life.","You reduce the wear of the knife when cutting carcasses. Your precise and confident movements keep the blade sharp for longer, allowing you to use the knife more efficiently and significantly extending its service life.","Při řezání řasenek snižujete opotřebení nože. Vaše přesné a sebevědomé pohyby udržují ostrost čepele delší, což umožňuje efektivnější použití nože a výrazně prodlužuje jeho životnost.","Sie reduzieren den Verschleiß des Messers beim Schneiden der Kadaver. Ihre präzisen und sicheren Bewegungen halten die Schärfe der Klinge länger, ermöglichen eine effizientere Verwendung des Messers und verlängern die Lebensdauer erheblich.","Вы снижаете износ ножа при разделке туш. Ваши точные и уверенные движения сохраняют остроту лезвия дольше, позволяя использовать нож более эффективно и значительно продлевая его срок службы.","Zmniejszasz zużycie noża podczas cięcia tusz. Twoje precyzyjne i pewne ruchy utrzymują ostrość ostrza na dłużej, pozwalając na bardziej wydajne korzystanie z noża i znacznie wydłużając jego żywotność.","Csökkenti a kés kopását a hasított testek vágásakor. A precíz és magabiztos mozdulatok hosszabb ideig tartják a pengét élesnek, lehetővé téve a kés hatékonyabb használatát és jelentősen meghosszabbítva annak élettartamát.","Riduci l'usura del coltello quando tagli le carcasse. I tuoi movimenti precisi e sicuri mantengono la lama affilata più a lungo, permettendoti di usare il coltello in modo più efficiente e prolungandone notevolmente la durata.","Reduce el desgaste del cuchillo al cortar las carcasas. Sus movimientos precisos y seguros mantienen la nitidez de la cuchilla por más tiempo, lo que le permite usar la cuchilla de manera más eficiente y prolongar en gran medida su vida útil.","Vous réduisez l'usure du couteau lors de la découpe des carcasses. Vos mouvements précis et assurés gardent la lame affûtée plus longtemps, vous permettant d'utiliser le couteau plus efficacement et de prolonger considérablement sa durée de vie.",在切割屍體時，您減少了刀具的磨損。您精確而自信的動作使刀刃保持更長時間的鋒利，讓您能更有效地使用刀具，並顯著延長其使用壽命。,死骸を切るときのナイフの摩耗を減らします。 あなたの精密で、確信した動きは刃をより長くのために鋭く保ち、ナイフをもっと効率的に使用することを許可し、かなり耐用年数を拡張する。,"Você reduz o desgaste da faca ao cortar a carcaça. Seus movimentos precisos e confiantes mantêm a nitidez da lâmina por mais tempo, permitindo que a faca seja usada de forma mais eficiente e prolongue significativamente sua vida útil.",在切割屍體時，您減少了刀具的磨損。您精確而自信的動作使刀刃保持更長時間的鋒利，讓您能更有效地使用刀具，並顯著延長其使用壽命。,
STR_TERJESKILL_HUNT_TRAPEXPERT,Trap Expert,Trap Expert,Expert na pasti,Experte für Fallen,Эксперт по ловушкам,Ekspert od pułapek,Csapda Szakértő,Esperto di trappole,Experto en trampas,Expert en Pièges,陷阱專家,トラップの専門家,Especialista em armadilhas,陷阱专家,
STR_TERJESKILL_HUNT_TRAPEXPERT_DES,"You increase the effectiveness of animal traps. Your knowledge of setting and disguising traps increases the chance of successfully capturing game, providing a stable source of meat and resources for survival.","You increase the effectiveness of animal traps. Your knowledge of setting and disguising traps increases the chance of successfully capturing game, providing a stable source of meat and resources for survival.","Zvyšujete účinnost pastí na zvířata. Vaše znalosti o instalaci a maskování pastí zvyšují šanci na úspěšné odchyt zvěře tím, že poskytují stabilní zdroj masa a zdrojů pro přežití.","Sie erhöhen die Wirksamkeit von Tierfallen. Ihr Wissen über die Installation und Verkleidung von Fallen erhöht die Chance, Wild erfolgreich zu fangen, und bietet eine stabile Quelle für Fleisch und Ressourcen zum Überleben.","Вы увеличиваете эффективность ловушек для животных. Ваши знания в установке и маскировке ловушек повышают шанс успешной поимки дичи, обеспечивая стабильный источник мяса и ресурсов для выживания.","Zwiększasz skuteczność pułapek na zwierzęta. Twoje doświadczenie w zastawianiu i kamuflowaniu pułapek zwiększa szansę na skuteczne schwytanie zwierzyny, zapewniając stałe źródło mięsa i zasobów niezbędnych do przetrwania.","Növeli az állati csapdák hatékonyságát. A csapdák beállításával és álcázásával kapcsolatos tudásod növeli a játék sikeres elfogásának esélyét, stabil húsforrást és erőforrásokat biztosítva a túléléshez.","Aumenti l'efficacia delle trappole per animali. La tua conoscenza dell'installazione e del travestimento delle trappole aumenta la possibilità di catturare con successo la selvaggina, fornendo una fonte stabile di carne e risorse per la sopravvivenza.","Aumenta la efectividad de las trampas para animales. Su conocimiento de la instalación y el enmascaramiento de trampas aumenta las posibilidades de captura exitosa de caza, proporcionando una fuente estable de carne y recursos para la supervivencia.","Vous augmentez l'efficacité des pièges à animaux. Votre connaissance de la mise en place et du camouflage des pièges augmente la chance de capturer du gibier avec succès, fournissant une source stable de viande et de ressources pour la survie.",你提高了動物陷阱的有效性。你對設置和偽裝陷阱的知識增加了成功捕獲獵物的機會，為生存提供了穩定的肉類和資源來源。,あなたは動物の罠の有効性を高めます。 トラップの設定と偽装に関するあなたの知識は、ゲームの成功した捕獲の可能性を高め、生存のための肉と資源の安定した供給源を提供します。,"Você aumenta a eficácia das armadilhas para animais. O seu conhecimento em montar e camuflar armadilhas aumenta a sua chance de capturar a caça com sucesso, fornecendo uma fonte estável de carne e recursos de sobrevivência.",你提高了動物陷阱的有效性。你對設置和偽裝陷阱的知識增加了成功捕獲獵物的機會，為生存提供了穩定的肉類和資源來源。,
STR_TERJESKILL_HUNT_SKINMASTER,Tanner,Tanner,Zpracování kůže,Behandlung von Häuten,Выделка шкур,Garbarz,Nyersbőr feldolgozása,Trattamento delle pelli,Procesamiento de pieles,Tanneur,皮匠,皮の処理,Tratamento de peles,皮匠,
STR_TERJESKILL_HUNT_SKINMASTER_DES,"You get more skins from the harvested animals, damaging them significantly less. Thanks to your precise processing and cutting skills, you keep the skins in the best condition, increasing their quantity and quality for future use.","You get more skins from the harvested animals, damaging them significantly less. Thanks to your precise processing and cutting skills, you keep the skins in the best condition, increasing their quantity and quality for future use.",Z vytěžených zvířat získáte více kůže a poškodíte je výrazně méně. Díky Vašim přesným dovednostem zpracování a krájení udržujete kůže v nejlepším stavu a zvyšujete jejich množství a kvalitu pro další použití.,Sie erhalten mehr Häute von den abgebauten Tieren und beschädigen sie erheblich weniger. Dank Ihrer präzisen Bearbeitungs- und Schneidfähigkeiten halten Sie die Häute in bestem Zustand und erhöhen ihre Quantität und Qualität für die zukünftige Verwendung.,"Вы получаете больше шкур с добытых животных, повреждая их значительно меньше. Благодаря вашим точным навыкам обработки и разделки, вы сохраняете шкуры в лучшем состоянии, увеличивая их количество и качество для дальнейшего использования.","Zdobywasz więcej skór z ofiar, uszkadzając je w znacznie mniejszym stopniu. Dzięki precyzyjnej obsłudze i umiejętnościom cięcia, utrzymujesz skóry w lepszym stanie, zwiększając ich ilość i jakość do wykorzystania w przyszłości.","Több bőrt kap a betakarított állatoktól, jelentősen kevésbé károsítja őket. A precíz feldolgozási és vágási képességének köszönhetően a bőröket a legjobb állapotban tartja, növelve azok mennyiségét és minőségét a későbbi felhasználásra.","Ottieni più pelli dagli animali estratti, danneggiandole molto meno. Con le tue precise capacità di lavorazione e taglio, mantieni le pelli in condizioni migliori, aumentandone il numero e la qualità per un uso successivo.","Obtienes más pieles de los animales extraídos, dañándolos significativamente menos. Con sus habilidades precisas de manejo y corte, mantiene las pieles en las mejores condiciones, aumentando su cantidad y calidad para futuras referencias.","Vous obtenez plus de peaux des animaux récoltés, en les endommageant beaucoup moins. Grâce à vos compétences précises de traitement et de découpe, vous gardez les peaux en meilleur état, augmentant leur quantité et leur qualité pour une utilisation future.",你可以從收穫的動物身上獲得更多的皮，對它們的傷害會大大減少。由於您精確的加工和切割技巧，您可以使皮革保持在最佳狀態，從而提高其數量和品質以供將來使用。,収穫された動物からより多くの皮を得ることができ、それらの損傷は大幅に少なくなります。 あなたの精密な処理および切断の技術のおかげで最もよい状態で皮を保ち、未来の使用のための量そして質を高める。,"Você obtém mais peles de animais capturados, danificando-os significativamente menos. Graças às suas habilidades precisas de processamento e corte, você mantém as peles nas melhores condições, aumentando sua quantidade e qualidade para uso posterior.",你可以從收穫的動物身上獲得更多的皮，對它們的傷害會大大減少。由於您精確的加工和切割技巧，您可以使皮革保持在最佳狀態，從而提高其數量和品質以供將來使用。,
STR_TERJESKILL_HUNT_EXPERIENCEDHUNTER,Experienced Hunter,Experienced Hunter,Zkušený lovec,Erfahrener Jäger,Опытный охотник,Doświadczony myśliwy,Tapasztalt vadász,Cacciatore esperto,Cazador experimentado,Chasseur Expérimenté,經驗豐富的獵人,経験豊富なハンター,Caçador experiente,经验丰富的猎人,
STR_TERJESKILL_HUNT_EXPERIENCEDHUNTER_DES,"You have increased damage to animals from firearms. Thanks to your shooting skills and knowledge of the habits of the game, your shots become more accurate and deadly, which allows you to hunt more effectively.","You have increased damage to animals from firearms. Thanks to your shooting skills and knowledge of the habits of the game, your shots become more accurate and deadly, which allows you to hunt more effectively.","Škody na zvířatech ze střelných zbraní se zvyšují. Díky vaší schopnosti střílet a znalosti zvěře se vaše výstřely stávají přesnějšími a smrtelnějšími, což vám umožní efektivněji lovit.","Sie haben einen erhöhten Schaden für Tiere aus Schusswaffen. Dank Ihrer Fähigkeiten beim Schießen und Ihrer Kenntnis der Wildgewohnheiten werden Ihre Aufnahmen präziser und tödlicher, was eine effizientere Jagd ermöglicht.","У вас увеличивается урон по животным из огнестрельного оружия. Благодаря вашему мастерству стрельбы и знанию повадок дичи, ваши выстрелы становятся более точными и смертоносными, что позволяет эффективнее охотиться.","Twoja broń palna zwiększa obrażenia zadawane zwierzętom. Dzięki twoim umiejętnościom strzeleckim i znajomości zwierzyny, twoje strzały stają się bardziej celne i śmiercionośne, pozwalając ci na bardziej efektywne polowanie.","Megnövekedett az állatok károsodása a lőfegyverek miatt. A lövöldözős készségeknek és a játék szokásainak ismeretének köszönhetően a lövések pontosabbá és halálosabbá válnak, ami lehetővé teszi a hatékonyabb vadászatot.","Aumenta il danno agli animali da un'arma da fuoco. Grazie alla tua abilità di tiro e alla conoscenza delle abitudini di gioco, i tuoi colpi diventano più precisi e mortali, il che ti consente di cacciare in modo più efficace.","Usted aumenta el daño a los animales de las armas de fuego. Gracias a su habilidad de tiro y conocimiento de los hábitos de caza, sus disparos se vuelven más precisos y letales, lo que permite una caza más eficiente.","Vous infligez plus de dégâts aux animaux avec des armes à feu. Grâce à vos compétences de tir et à votre connaissance des habitudes du gibier, vos tirs deviennent plus précis et mortels, ce qui vous permet de chasser plus efficacement.",增加了槍對動物造成的傷害。憑藉您的射擊技巧和對獵物習性的了解，您的射擊將變得更加準確和致命，從而使您能夠更有效地狩獵。,あなたは銃器から動物へのダメージを増加させています。 あなたの射撃スキルとゲームの習慣の知識のおかげで、あなたのショットはより正確で致命的になり、より効果的に狩りをすることができます。,"Aumenta o dano em animais com armas de fogo. Graças à sua habilidade de tiro e conhecimento dos hábitos de Caça, seus tiros se tornam mais precisos e letais, o que lhe permite caçar com mais eficiência.",增加了槍對動物造成的傷害。憑藉您的射擊技巧和對獵物習性的了解，您的射擊將變得更加準確和致命，從而使您能夠更有效地狩獵。,
STR_TERJESKILL_HUNT_REMOVINGROT,Rot Expert,Rot Expert,Odstranění hniloby,Fäulnis entfernen,Удаление гнили,Ekspert ds. zgnilizny,A rothadás eltávolítása,Rimozione del marciume,Eliminación de la podredumbre,Expert en Pourriture,腐爛專家,腐敗を取り除く,Remoção de podridão,腐爛專家,
STR_TERJESKILL_HUNT_REMOVINGROT_DES,"You have learned how to cut rotten areas out of meat. Your processing skills allow you to save more edible parts, even if the meat is partially spoiled, providing more resources for survival.","You have learned how to cut rotten areas out of meat. Your processing skills allow you to save more edible parts, even if the meat is partially spoiled, providing more resources for survival.","Naučili jste se vyřezávat shnilá místa z masa. Vaše zpracovatelské dovednosti vám umožňují zachovat více jedlých částí, i když je maso částečně zkažené, což poskytuje více zdrojů pro přežití.","Sie haben gelernt verdorbene Teile aus dem Fleisch zu schneiden. Ihre Verarbeitungsfähigkeiten ermöglichen es Ihnen, mehr essbare Teile zu behalten, selbst wenn das Fleisch teilweise verdorben ist, was Ihnen mehr Ressourcen zum Überleben bietet.","Вы научились вырезать гнилые участки из мяса. Ваши навыки обработки позволяют сохранить больше съедобных частей, даже если мясо частично испорчено, обеспечивая больше ресурсов для выживания.","Nauczyłeś się wycinać zepsute części mięsa. Twoje umiejętności przetwarzania pozwalają zachować więcej jadalnych części, nawet jeśli mięso jest częściowo zepsute, zapewniając więcej zasobów do przetrwania.","Megtanulta, hogyan vágja ki a rothadt területeket a húsból. Feldolgozási készségei lehetővé teszik, hogy több ehető alkatrészt takarítson meg, még akkor is, ha a hús részben elrontott, több forrást biztosítva a túléléshez.","Hai imparato a tagliare le aree marce dalla carne. Le tue abilità di lavorazione ti consentono di conservare più parti commestibili anche se la carne è parzialmente rovinata, fornendo più risorse per la sopravvivenza.","Has aprendido a cortar las áreas podridas de la carne. Sus habilidades de procesamiento le permiten conservar más partes comestibles, incluso si la carne está parcialmente en mal estado, proporcionando más recursos para sobrevivir.","Vous avez appris à découper les zones pourries de la viande. Vos compétences de traitement vous permettent de sauver plus de parties comestibles, même si la viande est partiellement avariée, fournissant plus de ressources pour la survie.",您已經學會如何切除肉的腐爛部分。你的加工技巧可以讓你保存更多可食用的部分，即使肉類部分變質，也能提供更多的生存資源。,あなたは肉から腐った部分を切り取る方法を学びました。 あなたの加工スキルは、肉が部分的に損なわれていても、より多くの食用部分を節約し、生存のためのより多くの資源を提供することを可能にします。,"Aprendeu a cortar as partes podres da carne. Suas habilidades de processamento permitem que você salve mais partes comestíveis, mesmo que a carne esteja parcialmente estragada, fornecendo mais recursos para a sobrevivência.",您已經學會如何切除肉的腐爛部分。你的加工技巧可以讓你保存更多可食用的部分，即使肉類部分變質，也能提供更多的生存資源。,
STR_TERJESKILL_HUNT_KNOWLEDGEANATOMY,Anatomy Connoisseur,Anatomy Connoisseur,Znalost anatomie,Anatomie-Kenntnisse,Знание анатомии,Znajomość anatomii,Anatómiai ismeretek,Conoscenza dell'anatomia,Conocimiento de la anatomía,Connaisseur en Anatomie,解剖學鑑賞家,解剖学の知識,Conhecimento de anatomia,解剖學鑑賞家,
STR_TERJESKILL_HUNT_KNOWLEDGEANATOMY_DES,You can more easily inflict fatal wounds on animals with melee weapons. Your precise strikes and knowledge of vulnerable spots allow you to kill prey faster and more efficiently,You can more easily inflict fatal wounds on animals with melee weapons. Your precise strikes and knowledge of vulnerable spots allow you to kill prey faster and more efficiently,Smrtelná zranění zvířat můžete snadněji způsobit pomocí zbraní na blízko. Vaše přesné údery a znalost zranitelných míst umožňují rychlejší a efektivnější zabíjení kořisti,"Mit Nahkampfwaffen können Sie Tiere leichter tödliche Wunden zufügen. Ihre genauen Schläge und Ihr Wissen über Schwachstellen ermöglichen es Ihnen, Beute schneller und effizienter zu töten",Вы легче наносите смертельные раны животным с помощью оружия ближнего боя. Ваши точные удары и знание уязвимых мест позволяют быстрее и эффективнее убивать добычу,Możesz łatwiej zadawać śmiertelne rany zwierzętom za pomocą broni do walki wręcz. Twoje precyzyjne uderzenia i znajomość słabych punktów pozwalają ci zabijać ofiary szybciej i skuteczniej,"Közelharci fegyverekkel könnyebben halálos sebeket okozhat az állatokon. A pontos sztrájkok és a sérülékeny pontok ismerete lehetővé teszi, hogy gyorsabban és hatékonyabban ölje meg a zsákmányt",Infliggi ferite mortali agli animali più facilmente con armi da mischia. I tuoi colpi precisi e la conoscenza delle vulnerabilità ti consentono di uccidere la preda in modo più rapido ed efficiente,Infliges heridas mortales a los animales más fácilmente con armas cuerpo a cuerpo. Sus golpes precisos y su conocimiento de las vulnerabilidades le permiten matar presas de manera más rápida y eficiente,Vous pouvez infliger plus facilement des blessures mortelles aux animaux avec des armes de mêlée. Vos frappes précises et votre connaissance des points vulnérables vous permettent de tuer la proie plus rapidement et plus efficacement.,您可以更輕鬆地使用近戰武器對動物造成致命傷害。你的精準打擊和對弱點的了解使你能夠更快、更有效地殺死獵物,近接武器で動物に致命的な傷をより簡単に負わせることができます。 あなたの正確なストライキと脆弱なスポットの知識は、あなたがより速く、より効率的に獲物を殺すことができます,É mais fácil infligir ferimentos mortais em animais com armas brancas. Seus golpes precisos e conhecimento das vulnerabilidades permitem que você mate presas com mais rapidez e eficiência,您可以更輕鬆地使用近戰武器對動物造成致命傷害。你的精準打擊和對弱點的了解使你能夠更快、更有效地殺死獵物,
STR_TERJESKILL_HUNT_PATHFINDER,Pathfinder,Pathfinder,Stopař,Pfadfinder,Следопыт,Tropiciel,A Pathfinder,Esploratore,Rastreador,Éclaireur,探路者,パスファインダー,Explorador,探路者,
STR_TERJESKILL_HUNT_PATHFINDER_DES,Your sharp eye notices the smallest details. The tracks of wild animals will be additionally highlighted for easier tracking and hunting.,Your sharp eye notices the smallest details. The tracks of wild animals will be additionally highlighted for easier tracking and hunting.,Vaše ostré oko si všimne nejmenších detailů. Stopy divoké zvěře budou dále osvětleny pro snadnější lov a lov.,"Ihr scharfes Auge bemerkt die kleinsten Details. Die Spuren von wilden Tieren werden zusätzlich hervorgehoben, um die Verfolgung und Jagd zu erleichtern.",Ваш острый глаз замечает мельчайшие детали. Следы диких животных будут дополнительно подсвечиваться для более легкого выслеживания и охоты.,"Twoje bystre oko dostrzeże najdrobniejsze szczegóły. Ślady dzikiej zwierzyny będą dodatkowo oświetlone, co ułatwi Ci tropienie i polowanie.",Éles szeme észreveszi a legkisebb részleteket. A vadon élő állatok nyomai emellett kiemelésre kerülnek a könnyebb nyomon követés és a vadászat érdekében.,Il tuo occhio acuto Nota I più piccoli dettagli. Le tracce di animali selvatici saranno ulteriormente evidenziate per facilitare il tracciamento e la caccia.,Su ojo agudo nota los detalles más pequeños. Las huellas de animales salvajes se resaltarán aún más para facilitar el seguimiento y la caza.,Votre œil aiguisé remarque les moindres détails. Les traces des animaux sauvages seront mises en évidence pour faciliter le pistage et la chasse.,你敏銳的眼睛會注意到最微小的細節。野生動物的足跡將會被額外突出顯示，以便於追蹤和狩獵。,あなたの鋭い目は細部に気づきます。 野生動物のトラックは、追跡と狩猟を容易にするためにさらに強調表示されます。,Seu olho afiado percebe os mínimos detalhes. As pegadas de animais selvagens serão ainda mais destacadas para facilitar o rastreamento e a caça.,你敏銳的眼睛會注意到最微小的細節。野生動物的足跡將會被額外突出顯示，以便於追蹤和狩獵。,
STR_TERJESKILL_HUNTING_NAME,HUNTING,HUNTING,LOV,JAGD,ОХОТА,POLOWANIE,VADÁSZAT,A CACCIA,CAZA,CHASSE,打獵,狩猟,CAÇA,打猎,
STR_TERJESKILL_FISH_MASTERFILLET,Sushi Master,Sushi Master,Sushi mistr,Sushi-Meister,Суши мастер,Mistrz sushi,Sushi mester,Maestro sushi,Maestro de sushi,Maître Sushi,壽司大師,寿司マスター,Sushi master,寿司大师,
STR_TERJESKILL_FISH_MASTERFILLET_DES,Your fish cutting skills allow you to extract more fillets. Each fish brings you more valuable cooking resources.,Your fish cutting skills allow you to extract more fillets. Each fish brings you more valuable cooking resources.,Vaše dovednosti v řezání ryb vám umožní extrahovat více filetů. Každá ryba vám přináší více cenných zdrojů na vaření.,Mit Ihren Fischschneidefähigkeiten können Sie mehr Filets extrahieren. Jeder Fisch bringt Ihnen mehr wertvolle Ressourcen zum Kochen.,Ваши навыки разделки рыбы позволяют извлекать больше филе. Каждая рыба приносит вам больше ценных ресурсов для приготовления пищи.,Twoje umiejętności krojenia ryb pozwolą ci wydobyć więcej filetów. Każda ryba przyniesie ci więcej cennych zasobów do gotowania.,"A halvágási képességei lehetővé teszik, hogy több filét nyerjen ki. Minden hal értékesebb szakácsforrásokat hoz.",Le tue abilità di taglio del pesce ti consentono di estrarre più filetti. Ogni pesce ti porta più risorse preziose per cucinare.,Sus habilidades de corte de pescado le permiten extraer más filetes. Cada pescado te trae más recursos valiosos para cocinar.,Vos compétences en découpe de poisson vous permettent d'extraire plus de filets. Chaque poisson vous apporte plus de ressources culinaires précieuses.,您的切魚技巧可以讓您切出更多的魚片。每條魚都會為您帶來更寶貴的烹飪資源。,あなたの魚の切断の技術はより多くの切り身を得ることを可能にする。 それぞれの魚はあなたにもっと貴重な料理資源をもたらします。,Suas habilidades de corte de peixe permitem que você extraia mais filetes. Cada peixe traz mais recursos valiosos para cozinhar.,您的切魚技巧可以讓您切出更多的魚片。每條魚都會為您帶來更寶貴的烹飪資源。,
STR_TERJESKILL_FISH_QUICKCLEANING,Quick Cleaning,Quick Cleaning,Rychlé čištění,Schnelle Reinigung,Быстрая очистка,Szybkie filetowanie,Gyors tisztítás,Pulizia rapida,Limpieza rápida,Nettoyage Rapide,快速清潔,クイッククリーニング,Limpeza rápida,快速清洁,
STR_TERJESKILL_FISH_QUICKCLEANING_DES,Your fish cutting skills are at the highest level. You clean and butcher fish much faster.,Your fish cutting skills are at the highest level. You clean and butcher fish much faster.,Vaše dovednosti řezání ryb jsou na špičkové úrovni. Ryby výrazně rychleji očistíte a nakrájíte.,Ihre Fähigkeiten beim Schneiden von Fischen sind erstklassig. Sie reinigen und schneiden den Fisch wesentlich schneller ab.,Ваши навыки разделки рыбы на высшем уровне. Вы значительно быстрее очищаете и разделываете рыбу.,Twoje umiejętności cięcia ryb są na najwyższym poziomie. Czyścisz i kroisz ryby znacznie szybciej.,A halak vágása a legmagasabb szinten van. Ön tiszta és hentes hal sokkal gyorsabb.,Le tue abilità di macellazione del pesce sono di prim'ordine. Pulisci e macella il pesce molto più velocemente.,Sus habilidades de corte de pescado son de primera clase. Usted limpia y corta el pescado mucho más rápido.,Vos compétences en découpe de poisson sont au plus haut niveau. Vous nettoyez et préparez le poisson beaucoup plus rapidement.,你的切魚技術堪稱最高水準。您可以更快地清理和屠宰魚。,あなたの魚の切断スキルは最高レベルです。 あなたははるかに速く魚をきれいにして肉屋にします。,Suas habilidades de corte de peixe são de alto nível. Você limpa e descasca o peixe muito mais rápido.,你的鱼切割技能处于最高水平。 你清理和屠宰鱼要快得多.,
STR_TERJESKILL_FISH_STRAIGHTARMS,Skillful Hands,Skillful Hands,Šikovné ruce,handwerkliche Fähigkeiten,Умелые руки,Zręczne ręce,Ügyes kezek,Mani,Manos habilidosas,Mains Habiles,熟練的手,熟練した手,Mãos hábeis,熟练的手,
STR_TERJESKILL_FISH_STRAIGHTARMS_DES,"You handle fishing rods, knives, and fishing gear carefully, reducing their wear and tear. Your gear lasts longer, allowing you to spend more time fishing without breakage.","You handle fishing rods, knives, and fishing gear carefully, reducing their wear and tear. Your gear lasts longer, allowing you to spend more time fishing without breakage.","Jemně zacházíte s pruty, noži a rybářským náčiním a snižujete jejich opotřebení. Vaše vybavení vydrží déle, což vám umožní trávit více času rybařením bez poruch.","Sie gehen mit Angelruten, Messern und Angelgeräten vorsichtig um und reduzieren deren Verschleiß. Ihre Ausrüstung hält länger und ermöglicht Ihnen, mehr Zeit ohne Bruch beim Angeln zu verbringen.","Вы аккуратно обращаетесь с удочками, ножами и рыболовными снастями, уменьшая их износ. Ваше снаряжение служит дольше, позволяя вам больше времени проводить на рыбалке без поломок.","Ostrożnie obchodzisz się z wędkami, nożami i sprzętem wędkarskim, zmniejszając ich zużycie. Twój sprzęt wytrzymuje dłużej, pozwalając ci spędzać więcej czasu na łowieniu ryb bez awarii.","Óvatosan kezeli a horgászbotokat, késeket és halászfelszereléseket, csökkentve azok kopását. A felszerelés hosszabb ideig tart,így több időt tölthet a halászat nélkül.","Maneggi delicatamente canne da pesca, coltelli e attrezzi da pesca, riducendone l'usura. La tua attrezzatura dura più a lungo, permettendoti di trascorrere più tempo a pescare senza rompersi.","Maneja con cuidado las cañas de pescar, los cuchillos y los aparejos de Pesca, reduciendo su desgaste. Su equipo dura más tiempo, lo que le permite pasar más tiempo pescando sin romperse.","Vous manipulez soigneusement les Cannes à pêche, les couteaux et les engins de pêche, réduisant ainsi leur usure. Votre équipement dure plus longtemps, vous permettant de passer plus de temps à pêcher sans rupture.",您小心地處理釣竿、刀具和釣魚裝備，減少它們的磨損。您的裝備使用壽命更長，讓您能夠花更多時間釣魚而不會損壞。,釣り竿、ナイフ、漁具は慎重に扱い、摩耗や破損を減らします。 あなたのギアは長持ちし、ダメージを与えることなくより多くの時間を釣りに費やすことができます。,"Você manuseia cuidadosamente as varas de pesca, facas e equipamentos de pesca, reduzindo seu desgaste. Seu equipamento dura mais tempo, permitindo que você passe mais tempo pescando sem quebrar.",您小心地處理釣竿、刀具和釣魚裝備，減少它們的磨損。您的裝備使用壽命更長，讓您能夠花更多時間釣魚而不會損壞。,
STR_TERJESKILL_FISH_MASTERTRAPS,Nets Fishing,Nets Fishing,Síťový rybolov,Netze angeln,Ловля сетями,Połowy sieciowe,Halászhálók,Reti da pesca,Pesca con redes,Pêche aux Filets,漁網捕魚,ネット釣り,Redes de pesca,渔网捕鱼,
STR_TERJESKILL_FISH_MASTERTRAPS_DES,"Your fishing trap installation skills have improved. Traps become more effective, increasing your chances of a rich catch.","Your fishing trap installation skills have improved. Traps become more effective, increasing your chances of a rich catch.",Vaše dovednosti v instalaci rybářských pastí se zlepšily. Pasti se stávají účinnějšími a zvyšují vaše šance na bohatý úlovek.,Ihre Fangfangfangfähigkeiten haben sich verbessert. Fallen werden effektiver und erhöhen Ihre Chancen auf einen reichen Fang.,"Ваши навыки установки рыболовных ловушек улучшились. Ловушки становятся более эффективными, увеличивая ваши шансы на богатый улов.","Twoje umiejętności zastawiania pułapek wędkarskich uległy poprawie. Pułapki stają się bardziej skuteczne, zwiększając twoje szanse na dobry połów.","A halászati csapda telepítési készségei javultak. A csapdák hatékonyabbá válnak, növelve a gazdag fogás esélyét.","Le tue abilità di impostazione delle trappole da pesca sono migliorate. Le trappole diventano più efficaci, aumentando le possibilità di una cattura ricca.","Sus habilidades de instalación de trampas de Pesca han mejorado. Las trampas se vuelven más efectivas, aumentando sus posibilidades de una captura rica.","Vos compétences en installation de pièges de pêche se sont améliorées. Les pièges deviennent plus efficaces, augmentant vos chances d'une prise abondante.",您的釣魚陷阱安裝技能已經提升。陷阱變得更加有效，增加了您收穫豐厚的機會。,あなたの釣りトラップのインストールスキルが向上しました。 トラップはより効果的になり、豊かなキャッチの可能性が高まります。,"Suas habilidades de instalação de armadilhas de pesca melhoraram. As armadilhas se tornam mais eficazes, aumentando suas chances de uma captura rica.",您的釣魚陷阱安裝技能已經提升。陷阱變得更加有效，增加了您收穫豐厚的機會。,
STR_TERJESKILL_FISH_SKILLEDFISHERMAN,Clever Fisherman,Clever Fisherman,Šikovný rybář,Geschickter Fischer,Ловкий рыбак,Zręczny rybak,Egy okos halász,Pescatore agile,Pescador hábil,Pêcheur Astucieux,聰明的漁夫,賢い漁師,Pescador esperto,聪明的渔夫,
STR_TERJESKILL_FISH_SKILLEDFISHERMAN_DES,"The chance of biting is increased, which allows you to pull out the catch faster and more often.","The chance of biting is increased, which allows you to pull out the catch faster and more often.","Šance na poklepání je větší, což vám umožní rychleji a častěji vytahovat úlovek.","Die Beißchance ist erhöht, sodass Sie den Fang schneller und häufiger herausziehen können.","Шанс поклёвки увеличен, что позволяет вам быстрее и чаще вытаскивать улов.","Szansa na branie jest zwiększona, co pozwala na szybsze i częstsze wyciąganie połowu.","A harapás esélye megnő, ami lehetővé teszi, hogy gyorsabban és gyakrabban húzza ki a fogást.","La possibilità di mordere è aumentata, permettendoti di estrarre il pescato più velocemente e più spesso.","Las posibilidades de picoteo aumentan, lo que le permite sacar la captura más rápido y más a menudo.","La chance de mordre est augmentée, ce qui vous permet de remonter la prise plus rapidement et plus souvent.",咬鉤的機會增加了，這使您可以更快、更頻繁地釣到魚。,噛む可能性が高くなり、キャッチをより速く、より頻繁に引き出すことができます。,"A chance de morder é aumentada, o que permite que você retire a captura com mais rapidez e frequência.",咬鉤的機會增加了，這使您可以更快、更頻繁地釣到魚。,
STR_TERJESKILL_FISH_FISHERMANLUCK,Lucky Fisherman,Lucky Fisherman,Šťastný rybář,Glücklicher Fischer,Удачливый рыбак,Szczęśliwy rybak,Szerencsés Halász,Pescatore fortunato,Pescador afortunado,Pêcheur Chanceux,幸運漁夫,ラッキーフィッシャーマン,Pescador sortudo,幸运渔夫,
STR_TERJESKILL_FISH_FISHERMANLUCK_DES,"Your fishing skills allow you to hook real trophies more often. The chances of catching a big fish are significantly increased, making each of your catches worthy of praise.","Your fishing skills allow you to hook real trophies more often. The chances of catching a big fish are significantly increased, making each of your catches worthy of praise.","Vaše rybářské dovednosti vám umožňují častěji tahat skutečné trofeje na háček. Šance na ulovení velké ryby jsou výrazně zvýšeny, takže každý váš úlovek je chvályhodný.","Ihre Angelfähigkeiten ermöglichen es Ihnen, echte Trophäen häufiger an den Haken zu ziehen. Die Chancen, große Fische zu fangen, sind erheblich erhöht und machen jeden Ihrer Fische lobenswert.","Ваши навыки в рыбалке позволяют вам чаще вытягивать на крючок настоящие трофеи. Шансы поймать крупную рыбу значительно увеличены, делая каждый ваш улов достойным похвалы.","Twoje umiejętności wędkarskie pozwolą ci częściej łowić prawdziwe trofea. Szanse na złowienie dużej ryby są znacznie zwiększone, dzięki czemu każdy połów zasługuje na pochwałę.","A halászati készségek lehetővé teszik, hogy gyakrabban kössön valódi trófeákat. Jelentősen megnő a nagy halak fogásának esélye, így minden fogása dicséretre méltó.","Le tue abilità di pesca ti consentono di agganciare trofei reali più spesso. Le possibilità di catturare pesci di grandi dimensioni sono notevolmente aumentate, rendendo ogni cattura degna di lode.","Tus habilidades de Pesca te permiten enganchar trofeos reales con más frecuencia. Las posibilidades de atrapar peces grandes aumentan considerablemente, lo que hace que cada captura sea digna de elogio.","Vos compétences de pêche vous permettent d'attraper plus souvent de vrais trophées. Les chances de capturer un gros poisson sont significativement augmentées, rendant chacune de vos prises digne d'éloges.",你的釣魚技巧讓你更常能夠釣到真正的獎盃魚。捕獲大魚的機會顯著增加，使得你每一次的收穫都值得讚美。,あなたの釣りのスキルを使用すると、より頻繁に本物のトロフィーをフックすることができます。 大きな魚を捕まえる可能性が大幅に高まり、それぞれの漁獲量が賞賛に値するようになります。,"Suas habilidades de pesca permitem que você puxe troféus reais com mais frequência. As chances de pegar um peixe grande são significativamente aumentadas, tornando cada uma de suas capturas digna de louvor.",你的釣魚技巧讓你更常能夠釣到真正的獎盃魚。捕獲大魚的機會顯著增加，使得你每一次的收穫都值得讚美。,
STR_TERJESKILL_FISH_TACKLEREPAIR,Repairman,Repairman,Oprava vybavení,Reparatur von Ausrüstung,Ремонт снастей,Naprawa sprzętu,Tackle javítás,Riparazione dell'attrezzatura,Reparación de aparejos,Réparateur,修理工,タックル修理,Reparação de equipamento,修理工,
STR_TERJESKILL_FISH_TACKLEREPAIR_DES,You can easily repair damaged gear. Your knowledge and experience allow you to repair equipment quickly and efficiently.,You can easily repair damaged gear. Your knowledge and experience allow you to repair equipment quickly and efficiently.,Snadno opravíte poškozené vybavení. Vaše znalosti a zkušenosti vám umožní rychle a efektivně opravit zařízení.,Sie können beschädigte Geräte leicht reparieren. Ihr Wissen und Ihre Erfahrung ermöglichen eine schnelle und effiziente Reparatur von Geräten.,Вы с лёгкостью восстанавливаете повреждённые снасти. Ваши знания и опыт позволяют быстро и эффективно чинить оборудование.,Możesz z łatwością naprawić uszkodzony sprzęt. Twoja wiedza i doświadczenie pozwalają na szybką i skuteczną naprawę sprzętu.,Könnyen megjavíthatja a sérült felszerelést. Tudása és tapasztalata lehetővé teszi a berendezések gyors és hatékony javítását.,Ripari facilmente l'attrezzatura danneggiata. La tua conoscenza ed esperienza ti consente di riparare l'attrezzatura in modo rapido ed efficiente.,Usted puede reparar fácilmente los trastos dañados. Sus conocimientos y experiencia le permiten reparar equipos de manera rápida y eficiente.,Vous pouvez facilement réparer le matériel endommagé. Vos connaissances et votre expérience vous permettent de réparer l'équipement rapidement et efficacement.,您可以輕鬆修復受損的裝備。您的知識和經驗使您能夠快速而有效地修理裝備。,損傷したギアを簡単に修復できます。 あなたの知識および経験は装置を迅速かつ効率的に修理することを可能にする。,Você pode facilmente reparar equipamentos danificados. O seu conhecimento e experiência permitem-lhe reparar o seu equipamento de forma rápida e eficiente.,您可以輕鬆修復受損的裝備。您的知識和經驗使您能夠快速而有效地修理裝備。,
STR_TERJESKILL_FISH_RELIABLEGEAR,Reliable Hooks,Reliable Hooks,Spolehlivé nářadí,Zuverlässige Tackles,Надежные снасти,Niezawodny sprzęt,Megbízható megoldások,Placcaggi affidabili,Tacleadas fiables,Hameçons Fiables,可靠的鉤子,信頼性の高いタックル,Tackles fiáveis,可靠的鉤子,
STR_TERJESKILL_FISH_RELIABLEGEAR_DES,"Your skills allow you to reduce the chance of losing hooks or bait when fishing. You know exactly how to handle the rod and tackle, minimizing the risk of loss.","Your skills allow you to reduce the chance of losing hooks or bait when fishing. You know exactly how to handle the rod and tackle, minimizing the risk of loss.","Vaše dovednosti vám umožní snížit pravděpodobnost ztráty náčiní nebo návnady při rybolovu. Víte přesně, jak zacházet s tyčí a řešit, minimalizovat riziko ztráty.","Ihre Fähigkeiten ermöglichen es Ihnen, die Wahrscheinlichkeit zu verringern, beim Angeln Angelgerät oder Köder zu verlieren. Sie wissen genau, wie Sie mit der Rute und dem Gerät umgehen müssen, um das Verlustrisiko zu minimieren.","Ваши навыки позволяют снизить вероятность потери снасти или наживки во время рыбалки. Вы точно знаете, как обращаться с удилищем и снастью, сводя риск потери к минимуму.","Twoje umiejętności zmniejszają prawdopodobieństwo utraty sprzętu lub przynęty podczas wędkowania. Wiesz dokładnie, jak obchodzić się z wędką i sprzętem, minimalizując ryzyko ich utraty.","Készségei lehetővé teszik, hogy csökkentse annak esélyét, hogy horgászás közben elveszítse a felszerelést vagy a csalit. Pontosan tudja, hogyan kell kezelni a rudat és kezelni, minimalizálva a veszteség kockázatát.","Le tue abilità ti consentono di ridurre la possibilità di perdere placcaggio o esca durante la pesca. Sai esattamente come gestire l'asta e affrontare, riducendo al minimo il rischio di perdita.","Tus habilidades te permiten reducir la posibilidad de perder aparejos o cebo al pescar. Sabes exactamente cómo manejar la caña y el aparejo, minimizando el riesgo de pérdida.","Vos compétences vous permettent de réduire la chance de perdre des hameçons ou des appâts en pêchant. Vous savez exactement comment manipuler la canne et le matériel, minimisant le risque de perte.",您的技能使您能夠在釣魚時減少失去鉤子或餌料的機會。您知道如何正確操作釣竿和釣具，從而最小化損失的風險。,あなたのスキルはあなたが釣りをするときにタックルや餌を失う可能性を減らすことを可能にします。 あなたはロッドとタックルを扱う方法を正確に知っていて、損失のリスクを最小限に抑えます。,"Suas habilidades permitem reduzir a chance de perder equipamento ou isca ao pescar. Você sabe exatamente como manusear a haste e o equipamento, minimizando o risco de perda.",您的技能使您能夠在釣魚時減少失去鉤子或餌料的機會。您知道如何正確操作釣竿和釣具，從而最小化損失的風險。,
STR_TERJESKILL_FISH_LUCKMAGNET,Four-Leaf Clover,Four-Leaf Clover,Magnet štěstí,Glücksmagnet,Магнит удачи,Magnes szczęścia,Sok Szerencsét Mágnes,Magnete di buona fortuna,Imán de la suerte,Trèfle à Quatre Feuilles,好運磁鐵,開運マグネット,Ímã da sorte,好运磁铁,
STR_TERJESKILL_FISH_LUCKMAGNET_DES,"Your are so lucky that your chances to catch valuable items is significantly increased. Each cast can bring not only garbage, but also unexpected treasures.","Your are so lucky that your chances to catch valuable items is significantly increased. Each cast can bring not only garbage, but also unexpected treasures.","Vaše vyhledávací dovednosti s magnetem jsou tak dokonalé, že šance na vylovení cenných předmětů je výrazně zvýšena. Každý hod může přinést nejen odpadky, ale i nečekané poklady.","Ihre Suchfähigkeiten mit einem Magneten sind so perfekt, dass die Chance, wertvolle Gegenstände zu fangen, erheblich erhöht ist. Jeder Wurf kann nicht nur Müll, sondern auch unerwartete Schätze bringen.","Ваши поисковые навыки с магнитом настолько совершенны, что шанс выловить ценные предметы значительно увеличен. Каждый заброс может принести не только мусор, но и неожиданные сокровища.","Masz tyle szczęścia, że twoje szanse na złapanie cennych przedmiotów znacznie wzrosły. Każdy rzut może przynieść nie tylko śmieci, ale także nieoczekiwane skarby.","A mágneses Keresési készségei annyira tökéletesek, hogy jelentősen megnő az esély az értékes tárgyak elkapására. Minden öntvény nemcsak szemetet, hanem váratlan kincseket is hozhat.","Le tue abilità di ricerca con il magnete sono così perfette che la possibilità di pescare oggetti di valore è notevolmente aumentata. Ogni lancio può portare non solo spazzatura, ma anche tesori inaspettati.","Sus habilidades de búsqueda con el imán son tan perfectas que la posibilidad de capturar objetos valiosos se incrementa considerablemente. Cada lanzamiento puede traer no solo basura, sino también tesoros inesperados.","Vous avez tellement de chance que vous trouvez des objets de valeur en pêchant. Chaque lancer peut rapporter non seulement des déchets, mais aussi des trésors inattendus.",你太幸運了，獲得貴重物品的機會大大增加。每次釣魚不只帶來垃圾，現在能帶來意想不到的寶藏。,磁石であなたの検索スキルは貴重なアイテムをキャッチする機会が大幅に増加するように完璧です。 各キャストはゴミだけでなく、予期しない宝物も持ってくることができます。,"Suas habilidades de busca com um ímã são tão perfeitas que a chance de pegar itens valiosos é significativamente aumentada. Cada jogo pode trazer não apenas lixo, mas também tesouros inesperados.",你太幸運了，獲得貴重物品的機會大大增加。每次釣魚不只帶來垃圾，現在能帶來意想不到的寶藏。,
STR_TERJESKILL_FISH_REMROT,Cutting Rot,Cutting Rot,Řezání hniloby,Fäulnis ausschneiden,Вырезание гнили,Cięcie zgnilizny,A rothadás kivágása,Scolpire il marciume,Cortar la podredumbre,Découpe de la Pourriture,切割腐爛,腐敗を切り取る,Corte de podridão,切割腐烂,
STR_TERJESKILL_FISH_REMROT_DES,Your fish cutting skills make it easy to remove rotten areas while keeping the meat as fit as possible. Even a damaged catch can be saved.,Your fish cutting skills make it easy to remove rotten areas while keeping the meat as fit as possible. Even a damaged catch can be saved.,Vaše dovednosti v oblasti krájení ryb vám umožní snadno odstranit shnilé oblasti a zároveň udržet maso co nejpohodlnější. I poškozený úlovek se dá zachránit.,"Ihre Fähigkeiten beim Schneiden von Fischen ermöglichen es Ihnen, faule Bereiche leicht zu entfernen, während Sie das Fleisch so gut wie möglich halten. Selbst ein beschädigter Fang kann gerettet werden.","Ваши навыки разделки рыбы позволяют с легкостью удалять гнилые участки, сохраняя максимально пригодное мясо. Даже поврежденный улов можно спасти.","Twoje umiejętności cięcia ryb ułatwiają usuwanie zepsutych obszarów, zachowując najlepsze możliwe mięso. Możesz uratować nawet uszkodzone ryby.","Halvágási képességei megkönnyítik a rothadt területek eltávolítását, miközben a hús a lehető legmegfelelőbb marad. Még egy sérült fogás is menthető.","Le tue abilità di macellazione del pesce ti consentono di rimuovere facilmente le aree marce, mantenendo la carne più adatta possibile. Anche una cattura danneggiata può essere salvata.","Sus habilidades de corte de pescado le permiten eliminar las áreas podridas con facilidad, manteniendo la carne lo más adecuada posible. Incluso la captura dañada se puede salvar.",Vos compétences en découpe de poisson facilitent le retrait des zones pourries tout en conservant les filets aussi sains que possible. Même une prise endommagée peut être sauvée.,您的切魚技巧可以讓您輕鬆去除腐爛的區域，同時盡可能保持魚肉的完整。即使受損的漁獲也可以挽救。,あなたの魚の切断スキルは、肉をできるだけフィットさせながら腐った部分を簡単に取り除くことを可能にします。 損傷したキャッチでさえも救うことができます。,"Suas habilidades de corte de peixe permitem que você remova facilmente áreas podres, mantendo a carne mais adequada. Mesmo uma captura danificada pode ser salva.",您的切魚技巧可以讓您輕鬆去除腐爛的區域，同時盡可能保持魚肉的完整。即使受損的漁獲也可以挽救。,
STR_TERJESKILL_FISH_WORMHUNTER,Worms Digger,Worms Digger,Lovec červů,Wurmjäger,Охотник на червей,Łowca robaków,A Worm Hunter,Cacciatore di vermi,Cazador de gusanos,Chasseur de Vers,蠕蟲獵人,ワームハンター,Caçador de vermes,蠕虫猎人,
STR_TERJESKILL_FISH_WORMHUNTER_DES,Each of your digs brings in more worms than usual. Your experience and attentiveness allow you to find more worms in one dig.,Each of your digs brings in more worms than usual. Your experience and attentiveness allow you to find more worms in one dig.,Každé vykopání přináší více červů než obvykle. Vaše zkušenosti a ohleduplnost vám umožní najít více červů v jednom otvoru.,"Jedes Graben bringt mehr Würmer als gewöhnlich mit sich. Ihre Erfahrung und Sorgfalt ermöglicht es Ihnen, mehr Würmer in einem einzigen Graben zu finden.","Каждое ваше выкапывание приносит больше червей, чем обычно. Ваш опыт и внимательность позволяют находить больше червей за одну вскопку.",Każde wykopanie przynosi więcej robaków niż zwykle. Twoje doświadczenie i uwaga pozwalają znaleźć więcej robaków podczas każdego kopania.,"Mindegyik ásatása a szokásosnál több férget hoz be. Tapasztalata és figyelmessége lehetővé teszi, hogy több férget találjon egy ásásban.",Ogni scavo che fai porta più vermi del solito. La tua esperienza e attenzione ti consentono di trovare più vermi in un unico scavo.,Cada excavación trae más gusanos de lo normal. Su experiencia y atención le permiten encontrar más gusanos en una excavación.,Chacune de vos fouilles rapporte plus de vers que d'habitude. Votre expérience et votre attention vous permettent de trouver plus de vers.,每次挖掘都會帶來比平常更多的蠕蟲。您的經驗和細心使您能夠在一次挖掘中找到更多的蠕蟲。,あなたの掘り出し物のそれぞれは、通常よりも多くのワームをもたらします。 あなたの経験と注意力は、あなたが1つの発掘でより多くのワームを見つけることを可能にします。,Cada escavação traz mais vermes do que o habitual. Sua experiência e atenção permitem que você encontre mais vermes em uma escavação.,每次挖掘都會帶來比平常更多的蠕蟲。您的經驗和細心使您能夠在一次挖掘中找到更多的蠕蟲。,
STR_TERJESKILL_FISH_CRAFTSMAN,Craftsman,Craftsman,Mistr kutil,Meister der selbstgemachte,Мастер самоделок,Mistrz domowej roboty,DIY kézműves,Maestro fai-da-te,Maestro de bricolaje,Artisan,DIY工匠,DIY職人,Mestre caseiro,工匠,
STR_TERJESKILL_FISH_CRAFTSMAN_DES,"You have learned how to create homemade fishing rods and tackle from improvised tools. With each new perk level, the quality of the items you create improves.","You have learned how to create homemade fishing rods and tackle from improvised tools. With each new perk level, the quality of the items you create improves.",Naučili jste se vyrábět domácí pruty a náčiní z domácích prostředků. S každou novou úrovní perku se kvalita vytvořených položek zlepšuje.,"Sie haben gelernt, selbstgemachte Angelruten und Tackle aus improvisierten Mitteln zu erstellen. Mit jeder neuen Stufe des Perks verbessert sich die Qualität der erstellten Gegenstände.",Вы научились создавать самодельные удочки и снасти из подручных средств. С каждым новым уровнем перка качество создаваемых предметов улучшается.,Nauczyłeś się tworzyć domowe wędki i sprzęt wędkarski z improwizowanych narzędzi. Z każdym nowym poziomem atutu jakość tworzonych przez ciebie przedmiotów rośnie.,"Megtanultad, hogyan készíthetsz házi horgászbotokat és kezelheted a rögtönzött eszközöket. Minden új perk szinttel javul a létrehozott elemek minősége.","Hai imparato a creare canne da pesca e attrezzatura fatte in casa da mezzi improvvisati. Con ogni nuovo livello di vantaggio, la qualità degli oggetti creati migliora.","Has aprendido a crear cañas de pescar caseras y aparejos a partir de herramientas improvisadas. Con cada nuevo nivel de beneficio, la calidad de los artículos creados mejora.","Vous avez appris à créer des Cannes à pêche et des engins improvisés. Avec chaque nouveau niveau d'avantage, la qualité des objets créés s'améliore.",您已經學會如何使用簡易工具製作自製釣竿和釣具。隨著每個新等級的提高，您所創造的物品的品質都會提高。,あなたは自家製の釣り竿を作り、即興の道具から取り組む方法を学びました。 新しい特典レベルごとに、作成するアイテムの品質が向上します。,"Você aprendeu a criar varas de pesca caseiras e equipamentos a partir de meios improvisados. A cada novo nível de vantagem, a qualidade dos itens criados melhora.",您已經學會如何使用簡易工具製作自製釣竿和釣具。隨著每個新等級的提高，您所創造的物品的品質都會提高。,
STR_TERJESKILL_FISH_TENSIONCONTROL,Tension Control,Tension Control,Kontrola napětí,Kontrolle der Spannung,Контроль натяжения,Kontrola napięcia,Feszültségszabályozás,Controllo della tensione,Control de tensión,Contrôle de la Tension,張力控制,張力制御,Controle de tensão,张力控制,
STR_TERJESKILL_FISH_TENSIONCONTROL_DES,"You perfectly control the tension of the fishing line, reducing the risk of its rupture. The chances of losing fish while fishing are significantly reduced, allowing you to pull out prey more often.","You perfectly control the tension of the fishing line, reducing the risk of its rupture. The chances of losing fish while fishing are significantly reduced, allowing you to pull out prey more often.","Dokonale ovládáte napětí vlasce, čímž snížíte riziko prasknutí vlasce. Šance, že ztratíte rybu při vyklízení, se výrazně snižují, což vám umožní vytáhnout kořist častěji.","Sie steuern die Spannung der Angelschnur perfekt und reduzieren das Risiko, dass sie reißt. Die Chancen, Fische zu verlieren, während Sie gezüchtet werden, sind stark reduziert, sodass Sie die Beute häufiger herausziehen können.","Вы идеально контролируете натяжение лески, снижая риск её разрыва. Шансы потерять рыбу при вываживании значительно уменьшаются, позволяя вам чаще вытаскивать добычу.","Masz doskonałą kontrolę nad naprężeniem linki, zmniejszając ryzyko jej zerwania. Szanse na utratę ryby podczas łowienia są znacznie zmniejszone, dzięki czemu możesz częściej wyciągać ryby.","Ön tökéletesen ellenőrzi a horgászzsinór feszültségét, csökkentve annak szakadásának kockázatát. Jelentősen csökken a halak elvesztésének esélye a halászat során, ami lehetővé teszi, hogy gyakrabban húzza ki a zsákmányt.","Controlli perfettamente la tensione della lenza, riducendo il rischio di strapparla. Le possibilità di perdere il pesce durante l'allevamento sono notevolmente ridotte, permettendoti di estrarre la preda più spesso.","Usted controla perfectamente la tensión de la línea de Pesca, reduciendo el riesgo de que se rompa. Las posibilidades de perder peces al salir se reducen significativamente, lo que le permite sacar presas con más frecuencia.","Vous contrôlez parfaitement la tension de la ligne, réduisant le risque de rupture. Les chances de perdre du poisson pendant la pêche sont significativement réduites, vous permettant de remonter plus souvent des prises.",您可以完美地控制釣魚線的張力，從而降低其斷裂的風險。釣魚時丟失魚的可能性大大降低，使您能夠更頻繁地捕獲獵物。,あなたは釣り糸の張力を完全に制御し、その破裂の危険性を減らします。 釣り中に魚を失う可能性が大幅に減少し、獲物をより頻繁に引き出すことができます。,"Você controla perfeitamente a tensão da linha de pesca, reduzindo o risco de ruptura. As chances de perder o peixe durante a eclosão são significativamente reduzidas, permitindo que você puxe a presa com mais frequência.",您可以完美地控制釣魚線的張力，從而降低其斷裂的風險。釣魚時丟失魚的可能性大大降低，使您能夠更頻繁地捕獲獵物。,
STR_TERJESKILL_FISHING_NAME,FISHING,FISHING,RYBOLOV,ANGELN,РЫБАЛКА,WĘDKARSTWO,HALÁSZAT,PESCA,PESCA,PÊCHE,釣魚,釣り,PESCA,釣魚,
STR_TERJESKILL_HUNTING_MOD0,Increases the number of meat cuts obtained from skinning by,Increases the number of meat cuts obtained from skinning by,Zvyšuje počet kusů masa přijatých při krájení jatečně upravených zvířat s každou úrovní na,"Erhöht die Anzahl der Fleischstücke, die beim Schneiden von Tierkadaver mit jedem Level erhalten werden",Увеличивает количество кусков мяса получаемых при разделке туш животных с каждым уровнем на,Zwiększa liczbę kawałków mięsa uzyskanych podczas rozbioru tusz zwierzęcych o każdy poziom o,Növeli az állati tetemek minden szinten történő vágásakor kapott húsdarabok számát,Aumenta il numero di pezzi di carne ottenuti tagliando le carcasse di animali con ogni livello,Aumenta el número de trozos de carne obtenidos al cortar cadáveres de animales con cada nivel en,Augmente le nombre de morceaux de viande obtenus en dépeçant de,增加剝皮後獲得的肉塊數量,各レベルで動物の死骸を切断するときに得られる肉片の数を増加させます,Aumenta o número de pedaços de carne obtidos ao cortar carcaças de animais a cada nível,增加剝皮後獲得的肉塊數量,
STR_TERJESKILL_SURVIVAL_MOD2,Reduces the time needed to start a fire by,Reduces the time needed to start a fire by,Zkraťte čas potřebný pro rozdělání ohně na,"Verkürzt die Zeit, die benötigt wird, um ein Lagerfeuer zu züchten",Скоращает время необходимое для разведения костра на,Skraca czas potrzebny do rozpalenia ognia o,Csökkenti a tábortűz felépítéséhez szükséges időt,Aumenta il tempo necessario per accendere un fuoco,Reduce el tiempo necesario para encender el fuego,Réduit le temps nécessaire pour allumer un feu de,減少起火時間,キャンプファイヤーを構築するために必要な時間を短縮します,O tempo necessário para fazer uma fogueira,減少起火時間,
STR_TERJESKILLS_CRAFT_CUT_ROTTEN,Cut out the rot,Cut out the rot,Řez hniloby,Fäulnis ausschneiden,Вырезать гниль,Wytnij zgniliznę,Vágja ki a rothadást,Tagliare il marciume,Cortar la podredumbre,Retirer la pourriture,切掉腐爛的東西,腐敗を切り取る,Corte a podridão,切掉腐烂的东西,
STR_TERJESKILL_SURVIVAL_DESC,"The Survival skill category provides access to abilities that help you endure this harsh world. Train this skill by killing infected creatures, making bonfires and surviving longer.","The Survival skill category provides access to abilities that help you endure this harsh world. Train this skill by killing infected creatures, making bonfires and surviving longer.","Dovednost přežití vám otevírá řadu dovedností, které vám pomohou přežít v tomto drsném světě. Chcete-li trénovat dovednosti, zabijte infikované a udělejte ohně. Postavy s dlouhou životností také získávají další zkušenosti pro úspěšné přežití.","Die Überlebensfähigkeit eröffnet Ihnen eine Reihe von Fähigkeiten, die Ihnen helfen, in dieser rauen Welt zu überleben. Um die Fertigkeit zu trainieren, töte die Infizierten und mache Lagerfeuer. Charaktere mit einer langen Lebensdauer sammeln auch zusätzliche Erfahrung für ein erfolgreiches Überleben.","Навык выживания открывает перед вами ряд умений, которые помогут вам выжить в этом суровом мире. Чтобы тренировать навык, убивайте зараженных и разводите костры. Персонажи с большой продолжительностью жизни также получают дополнительный опыт для успешного выживания.","Umiejętność przetrwania otwiera szereg umiejętności, które pomogą Ci przetrwać w tym trudnym świecie. Aby trenować tę umiejętność, zabijaj zarażonych ludzi i buduj ogniska. Postacie z długą średnią długością życia również zyskują dodatkowe doświadczenie za udane przetrwanie.","A túlélési képesség nyílik fel, hogy számos készségek, amely segít túlélni ebben a zord világban. Ahhoz, hogy a vonat a készség, öld meg a fertőzött, és tábortűz. Karakter hosszú élettartam is szert további tapasztalat, hogy a sikeres túlélés.","L'abilità di sopravvivenza ti apre a una serie di abilità che ti aiuteranno a sopravvivere in questo mondo duro. Per addestrare l'abilità, uccidere gli infetti e fare falò. I personaggi con una lunga durata acquisiscono anche ulteriore esperienza per la sopravvivenza di successo.","La habilidad de supervivencia te abre a una serie de habilidades que te ayudarán a sobrevivir en este duro mundo. Para entrenar la habilidad, mata a los infectados y haz hogueras. Los personajes con una larga vida útil también obtienen experiencia adicional para una supervivencia exitosa.","La catégorie de compétence Survie offre des capacités qui vous aident à endurer ce monde hostile. Entraînez cette compétence en tuant des créatures infectées, en faisant des feux de camp et en survivant plus longtemps.",生存技能為您打開了一些技能，將幫助您在這個嚴酷的世界中生存。 為了訓練技能，殺死被感染的人並制造篝火。 壽命長的角色也會獲得成功生存的額外經驗。,生存スキルは、あなたがこの過酷な世界で生き残るのに役立ちますスキルの数にあなたを開きます。 スキルを訓練するには、感染した人を殺して焚き火を作ります。 長い寿命を持つ文字はまた、成功した生存のための追加の経験を得る。,"A habilidade de sobrevivência abre - lhe uma série de habilidades que irão ajudá-lo a sobreviver neste mundo cruel. Para treinar a habilidade, mate os infectados e faça fogueiras. Personagens com uma longa vida útil também ganham experiência adicional para uma sobrevivência bem-sucedida.",生存技能為您打開了一些技能，將幫助您在這個嚴酷的世界中生存。 為了訓練技能，殺死被感染的人並制造篝火。 壽命長的角色也會獲得成功生存的額外經驗。,
STR_TERJESKILL_STEALCH_DESC,The Stealth skill category makes you less visible to infected creatures and other survivors. Train this skill by moving stealthily and avoiding detection by the infected.,The Stealth skill category makes you less visible to infected creatures and other survivors. Train this skill by moving stealthily and avoiding detection by the infected.,"Dovednost stealth vám umožňuje být diskrétnější pro infikované a další přeživší. Chcete-li tuto dovednost trénovat, pohybujte se skrytě a nenechte se infikovat.","Die Stealth-Fähigkeit ermöglicht es Ihnen, für Infizierte und andere Überlebende unsichtbarer zu sein. Um diese Fähigkeit zu trainieren, bewegen Sie sich heimlich und fangen Sie nicht mit infizierten Augen an.",Навык скрытности позволяет вам быть более незаметным для зараженных и других выживших. Чтобы тренировать этот навык передвигайтесь скрытно и не попадаться на глаза зараженным.,"Umiejętność skradania się pozwala ci być bardziej niewidzialnym dla zainfekowanych i innych ocalałych. Aby ćwiczyć tę umiejętność, poruszaj się ukradkiem i unikaj bycia widzianym przez zarażonych.","A lopakodó képesség lehetővé teszi, hogy láthatatlanabb legyen a fertőzött és más túlélők számára. Ennek a képességnek a kiképzéséhez lopakodva mozogjon, és kerülje el, hogy a fertőzött láthassa.","L'abilità stealth ti consente di essere più invisibile agli infetti e ad altri sopravvissuti. Per allenare questa abilità, muoviti di nascosto e non attirare l'attenzione degli infetti.",La habilidad sigilosa te permite ser más sigiloso para los infectados y otros sobrevivientes. Para entrenar a esta habilidad moverse sigilosamente y no caer en los ojos infectados.,La catégorie de compétence Furtivité vous rend moins visible pour les créatures infectées et les autres survivants. Entraînez cette compétence en vous déplaçant furtivement et en évitant d'être détecté par les infectés.,隱身技能類別可使您不易被感染者和其他倖存者發現。透過秘密移動並避免被感染者發現來訓練這項技能。,ステルススキルを使用すると、感染した生存者や他の生存者には見えなくなります。 このスキルを訓練するには、こっそりと動き、感染した人に見られないようにします。,"A habilidade furtiva permite que você seja mais invisível para os infectados e outros sobreviventes. Para treinar essa habilidade, mova-se secretamente e não fique exposto aos infectados.",隱身技能類別可使您不易被感染者和其他倖存者發現。透過秘密移動並避免被感染者發現來訓練這項技能。,
STR_TERJESKILL_METABLSM_DESC,"The Metabolism skill category enables your body to process food more efficiently and, in its absence, to survive longer without harm to health. Train this skill by eating food and drinking water.","The Metabolism skill category enables your body to process food more efficiently and, in its absence, to survive longer without harm to health. Train this skill by eating food and drinking water.",Schopnost metabolismu umožňuje vašemu tělu absorbovat potravu efektivněji a v její nepřítomnosti přežít déle bez poškození zdraví. Jíst a pít vodu je dovednost.,"Die Fähigkeit des Stoffwechsels ermöglicht es Ihrem Körper, Nahrung effizienter zu verdauen und in ihrer Abwesenheit länger zu überleben, ohne die Gesundheit zu schädigen. Essen und Wasser zu essen trainiert die Fähigkeit.","Навык метаболизма позволяет вашему организму эффективнее усваивать пищу, а в ее отсутствие дольше выживать без вреда для здоровья. Употребление еды и воды тренирует навык.","Umiejętności metaboliczne pozwalają twojemu ciału trawić jedzenie bardziej efektywnie, a w przypadku jego braku, przetrwać dłużej bez uszczerbku na zdrowiu. Spożywanie jedzenia i wody trenuje tę umiejętność.","Az anyagcsere képessége lehetővé teszi a szervezet számára, hogy hatékonyabban megemésztse az ételt, távollétében pedig hosszabb ideig fennmaradjon az egészség károsítása nélkül. Az étel és a víz edzi a készségeket.","L'abilità metabolica consente al tuo corpo di assorbire il cibo in modo più efficiente e, in sua assenza, sopravvivere più a lungo senza danni alla salute. Bere cibo e acqua allena l'abilità.","La habilidad metabólica le permite a su cuerpo absorber los alimentos de manera más eficiente y, en su ausencia, sobrevivir más tiempo sin dañar la salud. Comer alimentos y agua entrena la habilidad.","La catégorie de compétence Métabolisme permet à votre corps de traiter la nourriture plus efficacement et, en son absence, de survivre plus longtemps sans nuire à la santé. Entraînez cette compétence en mangeant et en buvant de l'eau.",新陳代謝技能類別使您的身體能夠更有效地處理食物，並且在缺乏食物的情況下，可以存活更長時間而不會損害健康。透過吃食物和喝水來訓練這項技能。,代謝のスキルは、あなたの体がより効率的に食物を消化することを可能にし、その不在下では健康に害を及ぼすことなくより長く生き残る。 食べ物と水を食べることはスキルを訓練します。,"A habilidade metabólica permite que seu corpo absorva os alimentos de forma mais eficiente e, na ausência deles, sobreviva por mais tempo sem prejudicar a saúde. Comer e beber água treina a habilidade.",新陳代謝技能類別使您的身體能夠更有效地處理食物，並且在缺乏食物的情況下，可以存活更長時間而不會損害健康。透過吃食物和喝水來訓練這項技能。,
STR_TERJESKILL_HUNTING_DESC,"The Hunting skill category allows you to hunt animals more effectively, butcher their carcasses, and set traps. Train this skill by hunting and butchering animals.","The Hunting skill category allows you to hunt animals more effectively, butcher their carcasses, and set traps. Train this skill by hunting and butchering animals.","Lovecká dovednost vám umožní efektivněji lovit divoká zvířata, porážet jejich mrtvá těla a vytvářet a nastavovat pasti. Lov a porážení těl zvířat trénuje tuto dovednost.","Die Jagdfertigkeit ermöglicht es Ihnen, wilde Tiere effektiver zu jagen, ihre Kadaver zu schlachten und Fallen zu bauen und zu stellen. Das Jagen und Schlachten von Tierkadavern trainiert diese Fähigkeit.","Навык охоты позволяет вам более эффективно охотиться на диких животных, разделывать их туши, а также создавать и устанавливать ловушки. Охота и разделка туш животных тренирует этот навык.","Umiejętność polowania pozwala ci na bardziej efektywne polowanie na dzikie zwierzęta, rozcinanie ich zwłok oraz tworzenie i zastawianie pułapek. Polowanie i rozcinanie zwłok zwierząt trenuje tę umiejętność.","A vadászati készség lehetővé teszi a vadon élő állatok hatékonyabb vadászatát, a hasított testek lemészárlását, valamint csapdák létrehozását és beállítását. Az állati tetemek vadászata és mészárlása képezi ezt a képességet.","L'abilità di caccia ti consente di cacciare in modo più efficace gli animali selvatici, macellare le loro carcasse e creare e impostare trappole. La caccia e la macellazione di carcasse di animali allena questa abilità.","La habilidad de caza te permite cazar animales salvajes de manera más efectiva, matar sus cadáveres y crear y colocar trampas. La caza y matanza de cadáveres de animales entrena esta habilidad.","La catégorie de compétence Chasse vous permet de chasser les animaux plus efficacement, de dépecer leurs carcasses et de poser des pièges. Entraînez cette compétence en chassant et en dépeçant des animaux.",狩獵技能類別可讓您更有效地捕獵動物、屠宰其屍體並設置陷阱。透過狩獵和屠宰動物來訓練這項技能。,狩猟スキルを使用すると、野生動物をより効果的に狩り、死体を屠殺し、トラップを作成して設定することができます。 動物の死骸の狩猟と屠殺は、このスキルを訓練します。,"A habilidade de caça permite-lhe caçar animais selvagens de forma mais eficaz, abater as suas carcaças e criar e montar armadilhas. A caça e o abate de carcaças de animais treinam esta habilidade.",狩獵技能可以讓你更有效地狩獵野生動物，屠宰他們的屍體，並創建和設置陷阱。 狩獵和屠宰動物屍體訓練這種技能。,
STR_TERJESKILL_FISHING_DESC,"The Fishing skill category improves your ability to catch fish, craft fishing gear, and set fishing traps. Train this skill by fishing.","The Fishing skill category improves your ability to catch fish, craft fishing gear, and set fishing traps. Train this skill by fishing.","Rybářská dovednost vám umožňuje efektivněji chytat ryby, vytvářet a používat rybářské náčiní a pasti. Rybařte trénovat tuto dovednost.","Die Fischereifähigkeit ermöglicht es Ihnen, effektiver zu fischen, Angelgeräte und Fallen zu erstellen und zu verwenden. Fang einen Fisch, um diese Fähigkeit zu trainieren.","Навык рыбалки позволяет вам более эффективно ловить рыбу, создавать и использовать рыболовные снасти и ловушки. Ловите рыбу чтобы тренировать этот навык.","Umiejętność łowienia ryb pozwala ci łowić skuteczniej, tworzyć i używać sprzętu wędkarskiego i pułapek. Łap ryby, aby trenować tę umiejętność.","A halászati készség lehetővé teszi, hogy hatékonyabban halászhasson, halászeszközöket és csapdákat hozzon létre és használjon. Halakat, hogy a vonat ezt a képességet.","L'abilità di pesca ti consente di pescare, creare e utilizzare attrezzi da pesca e trappole in modo più efficiente. Pesca per allenare questa abilità.","La habilidad de Pesca le permite pescar de manera más eficiente, crear y usar aparejos de Pesca y trampas. Captura peces para entrenar esta habilidad.","La catégorie de compétence Pêche améliore votre capacité à attraper du poisson, à fabriquer du matériel de pêche et à poser des pièges à poissons. Entraînez cette compétence en pêchant.",釣魚技能類別可以提高您捕魚、製作釣具和設置釣魚陷阱的能力。透過釣魚來訓練這項技能。,釣りのスキルを使用すると、より効率的に釣りをしたり、漁具や罠を作成して使用したりできます。 このスキルを訓練するために魚を捕まえる。,"A habilidade de pesca permite que você capture peixes com mais eficiência, crie e use equipamentos de pesca e armadilhas. Pesca para treinar essa habilidade.",釣魚技能類別可以提高您捕魚、製作釣具和設置釣魚陷阱的能力。透過釣魚來訓練這項技能。,
STR_TERJEPERK_STRNG_MASTERSWORD,Master of Sword,Master of Sword,Mistr meče,Meister des Schwertes,Мастер меча,Mistrz miecza,A kard mestere,Maestro di spada,Maestro de la Espada,Maître d'Armes,劍術大師,剣の達人,Mestre da Espada,剑术大师,
STR_TERJEPERK_REQUIRED_MSG,Perk required,Perk required,Je vyžadována výhoda,Vorteil erforderlich,Требуется перк,Wymaga atutu,Perk szükséges,Vantaggio richiesto,Beneficio requerido,Compétence requise,需要額外技能,パークが必要です,Você não pode carregar objetos grandes sem a vantagem de 'mãos fortes'.,需要額外技能,
STR_TERJESKILL_NEWLEVEL_MSG1,Your skill category,Your skill category,Úroveň dovedností,Skill-Level,Уровень навыка,Poziom umiejętności,Képzettségi Szint,Livello di abilità,Nivel de habilidad,Votre catégorie de compétence,你的技能類別,スキルレベル,Nível de habilidade,技能水平,
STR_TERJESKILL_NEWLEVEL_MSG2,has ranked up to,has ranked up to,povýšen na,erhöht auf,повышен до,został podniesiony do,frissítve,promosso a,actualizado a,a atteint le niveau,已升級到,にアップグレード,promovido a,已升級到,
STR_TERJESKILL_NEWLEVEL_MSG3,Open your inventory to view your skills and activate perks.,Open your inventory to view your skills and activate perks.,Otevřete inventář pro zobrazení vašich dovedností a aktivaci perků.,"Öffnen Sie das Inventar, um Ihre Fähigkeiten zu überprüfen und Vergünstigungen zu aktivieren.",Откройте инвентарь для просмотра ваших навыков и активации умений.,"Otwórz ekwipunek, aby wyświetlić swoje umiejętności i je aktywować.","Nyissa meg a leltár, hogy megtekinthesse a készségek és aktiválja perks.",Apri l'inventario per visualizzare le tue abilità e attivare i vantaggi.,Abra el inventario para ver sus habilidades y activar los beneficios.,Ouvrez votre inventaire pour voir vos compétences disponibles et les activer.,打開您的庫存以查看您的技能和啟用技能。,あなたのスキルを表示し、特典を有効にするためにあなたのインベントリを開きます。,Abra o inventário para visualizar suas habilidades e ativar as vantagens.,打開您的庫存以查看您的技能和啟用技能。,
STR_TERJESKILL_MISC17,THE PERK IS NOT ACTIVE,THE PERK IS NOT ACTIVE,PERK NENÍ AKTIVNÍ,PERK IST NICHT AKTIV,ПЕРК НЕ АКТИВЕН,ATUT NIE JEST AKTYWNY,A PERK NEM AKTÍV,PERK NON ATTIVO,PERK NO ACTIVO,AVANTAGE NON ACTIF,技能未激活,特典が有効ではありません,PERK NÃO ESTÁ ATIVO,技能未激活,
STR_TERJESKILL_SURV_CRAFTS,Bushcrafter,Bushcrafter,Bushcrafter,Bushcrafter,Самоделкин,Bushcrafter,Bushcrafter,Bushcrafter,Bushcrafter,Faucheuse,叢林工匠,ブッシュクラフター,Bushcrafter,叢林工匠,
STR_TERJESKILL_SURV_CRAFTS_DES,"Your survival skills allow you to craft survival gear and items (knives, arrows, spears, clothes, gear, etc.) from improvised stuff. With each new level of this perk, the quality of the items you create will be better.","Your survival skills allow you to craft survival gear and items (knives, arrows, spears, clothes, gear, etc.) from improvised stuff. With each new level of this perk, the quality of the items you create will be better.","Vaše schopnosti přežití vám umožňují vyrábět vybavení a předměty pro přežití (nože, šípy, kopí, oblečení, vybavení atd.) z improvizovaných věcí. S každou novou úrovní této výhody bude kvalita položek, které vytvoříte, lepší.","Ihre Überlebensfähigkeiten ermöglichen es Ihnen, Überlebensausrüstung und Gegenstände (Messer, Pfeile, Speere, Kleidung, Ausrüstung usw.) herzustellen.) aus improvisiertem Zeug. Mit jeder neuen Stufe dieses Vorteils wird die Qualität der von Ihnen erstellten Gegenstände besser.","Ваши навыки выживания позволяют вам создавать снаряжение для выживания и предметы первой необходимости (ножи, стрелы, копья, одежду, снаряжение и т.д.) из подручных материалов. С каждым новым уровнем этого перка качество создаваемых вами предметов будет улучшаться.","Twoje umiejętności przetrwania pozwalają tworzyć sprzęt i przedmioty survivalowe (noże, strzały, włócznie, ubrania, sprzęt itp.) z improwizowanych rzeczy. Z każdym nowym poziomem tego profitu jakość tworzonych przedmiotów będzie lepsza.","A túlélési készségek lehetővé teszik a túlélési felszerelések és tárgyak (kések, nyilak, lándzsák, ruhák, felszerelések stb.) improvizált dolgokból. A perk minden új szintjével a létrehozott elemek minősége jobb lesz.","Le tue abilità di sopravvivenza ti permettono di creare attrezzi e oggetti di sopravvivenza (coltelli, frecce, lance, vestiti, attrezzi, ecc.) da roba improvvisata. Con ogni nuovo livello di questo vantaggio, la qualità degli oggetti creati sarà migliore.","Tus habilidades de supervivencia te permiten crear equipo y artículos de supervivencia (cuchillos, flechas, lanzas, ropa,equipo, etc.) de cosas improvisadas. Con cada nuevo nivel de esta ventaja, la calidad de los artículos que crees será mejor.","Vos compétences de survie vous permettent de fabriquer du matériel et des objets de survie (couteaux, flèches, lances, vêtements, équipement, etc.) de trucs improvisés. À chaque nouveau niveau de cet avantage, la qualité des objets que vous créez sera meilleure.",您的生存技能使您能夠用臨時材料製作生存裝備和物品（刀、箭、矛、衣服、裝備等）。隨著此技能的每個新等級的提高，您所製作的物品的品質將會越來越好。,あなたのサバイバルスキルを使用すると、サバイバルギアやアイテム（ナイフ、矢、槍、服、ギアなど）を作ることができます。）即興のものから。 この特典の新しいレベルごとに、作成するアイテムの品質が向上します。,"Suas habilidades de sobrevivência permitem que você crie equipamentos e itens de sobrevivência (facas, flechas, lanças, roupas, equipamentos, etc.) de coisas improvisadas. Com cada novo nível deste privilégio, a qualidade dos itens que você cria será melhor.",您的生存技能使您能夠用臨時材料製作生存裝備和物品（刀、箭、矛、衣服、裝備等）。隨著此技能的每個新等級的提高，您所製作的物品的品質將會越來越好。,
STR_TERJESKILL_READ_BOOK,Read,Read,Číst,Lesen,Читать,Przeczytać,Olvassa el,Leggere,Leer,Lire,閱讀,読む,Ler,閱讀,
STR_TERJESKILL_NOTHING_NEW,Nothing new,Nothing new,Nic nového,Nichts neues,Ничего нового,Nic nowego,Semmi új,Niente di nuovo,Nada nuevo,Rien de nouveau,沒有新消息,新しいものは何もない,Nada de novo,沒有新消息,
STR_TERJESKILL_NOTHING_NEW_DESC,"You haven't read anything new for yourself. It seems that you have already read this book before, look for something else.","You haven't read anything new for yourself. It seems that you have already read this book before, look for something else.","Nepřečetli jste pro sebe nic nového. Zdá se, že jste již tuto knihu četli, hledejte něco jiného.","Sie haben nichts Neues für sich selbst gelesen. Es scheint, dass Sie dieses Buch bereits gelesen haben, suchen Sie nach etwas anderem.","Вы не прочитали ничего нового для себя. Кажется ранее вы уже читали эту книгу, поищите что-то еще.","Nie przeczytałeś nic nowego dla siebie. Wydaje się, że wcześniej czytałeś tę książkę, poszukaj czegoś innego.","Nem olvastál semmi újat magadnak. Úgy tűnik, hogy már olvasta ezt a könyvet, keressen valami mást.","Non hai letto nulla di nuovo per te stesso. Sembra che tu abbia già letto questo libro prima, cerca qualcos'altro.","No has leído nada nuevo para TI. Parece que ya has leído este libro antes, busca algo más.","Vous n'avez rien lu de nouveau pour vous-même. Il semble que vous avez déjà lu ce livre, cherchez autre chose.",你還沒有閱讀任何新書。看起來你之前已經讀過這本書，找一些其他的吧。,あなたは自分のために何も新しいものを読んでいません。 あなたはすでに前にこの本を読んだことがあるようです、何か他のものを探してください。,"Você não leu nada novo para si mesmo. Parece que você já leu este livro antes, procure mais.",你還沒有閱讀任何新書。看起來你之前已經讀過這本書，找一些其他的吧。,
STR_TERJESKILL_TOO_HARD,It's too complicated,It's too complicated,Příliš složité,Zu kompliziert,Слишком сложно,Zbyt trudne,Túl bonyolult,Troppo difficile,Demasiado difícil,Trop compliqué,這太複雜了。,それはあまりにも複雑です,Muito difícil,這太複雜了。,
STR_TERJESKILL_TOO_HARD_DESC,"You have read part of the book, but you have not understood anything, because the text uses too many terms and formulas unknown to you. Apparently this book is too complicated for you at the moment, look for something more suitable.","You have read part of the book, but you have not understood anything, because the text uses too many terms and formulas unknown to you. Apparently this book is too complicated for you at the moment, look for something more suitable.","Přečetli jste část knihy, ale nic jste nepochopili, protože text používá příliš mnoho pro vás neznámých termínů a vzorců. Zdá se,že tato kniha je pro vás v tuto chvíli příliš složitá, hledejte něco vhodnějšího.","Sie haben einen Teil des Buches gelesen, aber Sie haben nichts verstanden, da der Text zu viele für Sie unbekannte Begriffe und Formeln verwendet. Anscheinend ist dieses Buch im Moment zu kompliziert für Sie, suchen Sie nach etwas Passenderem.","Вы прочитали часть книги но ничего не поняли, так как в тексте используется слишком много неизвестных для вас терминов и формул. По всей видимости эта книга слишком сложная для вас в данный момент,поищите что-то более подходящее.","Przeczytałeś część książki ale nic nie zrozumiałeś, ponieważ tekst używa zbyt wielu terminów i formuł, które są dla ciebie nieznane. Najwyraźniej ta książka jest dla ciebie w tej chwili zbyt skomplikowana,poszukaj czegoś bardziej odpowiedniego.","Elolvastad a könyv egy részét, de nem értettél semmit, mert a szöveg túl sok, számodra ismeretlen kifejezést és képletet használ. Úgy tűnik, hogy ez a könyv jelenleg túl bonyolult az Ön számára, keressen valami megfelelőbbet.","Hai letto parte del libro ma non hai capito nulla, poiché il testo utilizza troppi termini e formule sconosciuti per te. A quanto pare questo libro è troppo complicato per te in questo momento,cerca qualcosa di più adatto.","Leíste una parte del libro pero no entendiste nada, ya que el texto usa demasiados términos y fórmulas desconocidos para TI. Aparentemente,este libro es demasiado difícil para usted en este momento, busque algo más adecuado.","Vous avez lu une partie du livre mais vous n'avez rien compris, car le texte utilise trop de termes et de formules inconnus pour vous. Apparemment, ce livre est trop compliqué pour vous en ce moment,cherchez quelque chose de plus approprié.",你已經讀過這本書的一部分，但你什麼都沒有理解，因為文本中使用了太多你不熟悉的術語和公式。顯然，這本書對你來說目前太複雜了，請尋找更合適的資料。,あなたは本の一部を読んだことがありますが、テキストがあなたに知られていない用語や式をあまりにも多く使用しているため、何も理解してい どうやらこの本は現時点ではあなたにとって複雑すぎるので、より適切なものを探してください。,"Você leu parte do livro, mas não entendeu nada, pois o texto usa muitos termos e fórmulas desconhecidos para você. Parece que este livro é muito difícil para você no momento,procure algo mais adequado.",你已經讀過這本書的一部分，但你什麼都沒有理解，因為文本中使用了太多你不熟悉的術語和公式。顯然，這本書對你來說目前太複雜了，請尋找更合適的資料。,
STR_TERJESKILL_TOO_EASY,Nothing useful,Nothing useful,Nic užitečného,Nichts Nützliches,Ничего полезного,Nic pożytecznego,Semmi hasznos,Niente di utile,Nada útil,Rien d'utile,沒有任何有用的資訊,何も役に立たない,Nada de útil.,沒有任何有用的資訊,
STR_TERJESKILL_TOO_EASY_DESC,"You've flipped through this book quickly, but you haven't found anything useful for yourself. You already know everything that is written in this book, look for something more suitable for reading.","You've flipped through this book quickly, but you haven't found anything useful for yourself. You already know everything that is written in this book, look for something more suitable for reading.","Když jste tuto knihu rychle prolistovali, nikdy jste pro sebe nenašli nic užitečného. Vše, co je v této knize napsáno, již umíte, hledejte něco vhodnějšího ke čtení.","Sie haben dieses Buch schnell durchgelesen, dann haben Sie nichts Nützliches für sich selbst gefunden. Alles, was in diesem Buch geschrieben ist, können Sie bereits wissen, suchen Sie nach etwas, das besser zum Lesen geeignet ist.","Вы быстро пролистали эту книгу, то так и не нашли для себя ничего полезного. Все что написано в данной книге вы уже умеете, поищите что-то более подходящее для чтения.","Szybko przejrzałeś tę książkę, nigdy nie znalazłeś nic przydatnego dla siebie. Wszystko, co już wiesz w tej książce, poszukaj czegoś bardziej odpowiedniego do czytania.","Gyorsan átlapozta ezt a könyvet, de nem talált semmi hasznosat magának. Már mindent tudsz, ami ebben a könyvben van írva, keress valamit, ami alkalmasabb az olvasásra.","Hai rapidamente sfogliato questo libro, quindi non hai trovato nulla di utile per te stesso. Sai già come tutto ciò che è scritto in questo libro, cerca qualcosa di più adatto per la lettura.","Usted hojeó rápidamente este libro, y no encontró nada útil para sí mismo. Todo lo que está escrito en este libro ya sabes cómo, busca algo más adecuado para Leer.","Vous avez rapidement feuilleté ce livre, alors vous n'avez rien trouvé d'utile pour vous-même. Tout ce qui est écrit dans ce livre que vous savez déjà, cherchez quelque chose de plus approprié pour la lecture.",你快速翻閱了這本書，但沒有找到對自己有用的東西。你已經知道這本書裡寫的所有內容，尋找一些更適合閱讀的東西吧。,あなたはすぐにこの本をめくってきましたが、あなた自身にとって有用なものは何も見つかりませんでした。 あなたはすでにこの本に書かれているすべてを知っています、読むのに適したものを探してください。,"Você leu rapidamente este livro e não encontrou nada de útil para si mesmo. Tudo o que está escrito neste livro você já sabe, procure algo mais adequado para ler.",你快速翻閱了這本書，但沒有找到對自己有用的東西。你已經知道這本書裡寫的所有內容，尋找一些更適合閱讀的東西吧。,
STR_TERJESKILL_FISHING_MOD0,Increases the chances of successfully catching fish by,Increases the chances of successfully catching fish by,Zvyšuje šance na úspěšné odchyt ryb o,Erhöht die Chance auf einen erfolgreichen Fang von Fischen um,Увеличивает шанс успешного вылова рыбы на,Zwiększa szanse na pomyślne złapanie ryby o,Növeli a sikeres halfogás esélyét,Aumenta le possibilità di catturare con successo un pesce del,Aumenta las posibilidades de captura exitosa de peces en un,Augmente les chances de succès de la capture du poisson de,成功捕获鱼类的机会增加,魚を捕まえる成功率を高める,Aumenta as chances de captura bem-sucedida em,成功捕获鱼类的机会增加,
"STR_TERJESTARTSCREEN_PAGE_NAME_TITLE","ENTER CHARACTER'S NAME","ENTER CHARACTER'S NAME","ZADEJTE JMÉNO POSTAVY","BENNEN SIE IHREN CHARAKTER","ВВЕДИТЕ ИМЯ ПЕРСОНАЖА","WPISZ IMIĘ POSTACI","ÍRJA BE A KARAKTER NEVÉT","INSERISCI IL NOME DEL PERSONAGGIO","INGRESE EL NOMBRE DEL PERSONAJE","ENTREZ LE NOM DU PERSONNAGE","输入角色名称","文字の名前を入力します","DIGITE O NOME DO PERSONAGEM","输入角色名称",
"STR_TERJESTARTSCREEN_PAGE_NAME_FN","First name:","First name:","Jméno:","Vorname:","Имя:","Imię:","Keresztnév:","Nome:","Nombre:","Prénom:","名字:","名:","Prénom:","名字:",
"STR_TERJESTARTSCREEN_PAGE_NAME_SN","Last name:","Last name:","Příjmení:","Nachname:","Фамилия:","Nazwisko:","Vezetéknév:","Cognome:","Apellido:","Nom de famille:","姓:","姓:","Apelido:","姓:",
"STR_TERJESTARTSCREEN_PAGE_NAME_ERR1","The length must be at least %1 characters.","The length must be at least %1 characters.","Délka musí být alespoň %1 znaků.","Die Länge muss mindestens %1 Zeichen betragen.","Длинна должна быть не менее %1 символов.","Długość musi wynosić co najmniej %1 znaków.","A hosszúságnak legalább %1 karakternek kell lennie.","La lunghezza deve essere di almeno %1 caratteri.","La longitud debe ser de al menos %1 caracteres.","La longueur doit être au moins %1 caractères.","长度必须至少为%1字符。","長さは%1文字以上である必要があります。","O comprimento deve ser de pelo menos %1 caracteres.","长度必须至少为%1字符。",
"STR_TERJESTARTSCREEN_PAGE_NAME_ERR2","The length should be no more than %1 characters.","The length should be no more than %1 characters.","Délka nesmí být delší než %1 znaků.","Die Länge darf maximal %1 Zeichen betragen.","Длинна должна быть не более %1 символов.","Długość nie powinna być większa niż %1 znaków.","A hossz nem lehet több, mint %1 karakter.","La lunghezza deve essere al massimo %1 caratteri.","La longitud no debe ser más de %1 caracteres.","La longueur ne doit pas dépasser %1 caractères.","长度不应超过%1字符。","長さは%1文字以下にする必要があります。","O comprimento não deve exceder %1 caracteres.","长度不应超过%1字符。",
"STR_TERJESTARTSCREEN_PAGE_NAME_ERR3","Invalid character:","Invalid character:","Neplatný symbol:","ungültiges Zeichen:","Недопустимый символ:","Nieprawidłowy znak:","Érvénytelen karakter:","Carattere non valido:","Carácter no válido:","Caractère non valide:","无效字符:","無効な文字:","Carácter inválido:","无效字符:",
"STR_TERJESTARTSCREEN_PAGE_FACE_TITLE","CHOOSE YOUR APPEARANCE","CHOOSE YOUR APPEARANCE","VYBERTE SI SVŮJ VZHLED","WÄHLE DEIN AUSSEHEN","ВЫБЕРИТЕ СВОЮ ВНЕШНОСТЬ","WYBIERZ SWÓJ WYGLĄD","VÁLASSZA KI A MEGJELENÉSÉT","SCEGLI IL TUO ASPETTO","ELIGE TU APARIENCIA","CHOISISSEZ VOTRE APPARENCE","选择你的外表","あなたの外観を選択してください","ESCOLHA SUA APARÊNCIA","选择你的外表",
"STR_TERJESTARTSCREEN_PAGE_NAME_ERR4","Сharacter with that name already exists.","Сharacter with that name already exists.","Postava s tímto jménem již existuje.","Ein Charakter mit diesem Namen existiert bereits.","Персонаж с таким именем уже существует.","Postać o tym imieniu już istnieje.","Egy ilyen nevű karakter már létezik.","Un personaggio con quel nome esiste già.","Un personaje con ese nombre ya existe.","Un personnage avec ce nom existe déjà.","具有该名称的字符已经存在。","その名前の文字が既に存在します。","Um personagem com esse nome já existe.","具有该名称的字符已经存在。",
"STR_TERJESTARTSCREEN_PAGE_LOADOUT_TITLE","CHOOSE YOUR LOADOUT","CHOOSE YOUR LOADOUT","VYBERTE SI SVÉ VYBAVENÍ","WÄHLE DEINE AUSRÜSTUNG AUS","ВЫБЕРИТЕ СВОЕ СНАРЯЖЕНИЕ","WYBIERZ SWÓJ SPRZĘT","VÁLASSZA KI A FELSZERELÉST","SCEGLI LA TUA ATTREZZATURA","ELIGE TU EQUIPO","CHOISISSEZ VOTRE ÉQUIPEMENT","选择你的装备","あなたのギアを選択してください","ESCOLHA O SEU EQUIPAMENTO","选择你的装备",
"STR_TERJESTARTSCREEN_PAGE_LOADOUT_LOADING","Loading...","Loading...","Načítání...","Laden...","Загрузка...","Ładowanie...","Betöltés...","Caricamento...","Cargando...","Chargement...","装货。..","荷を積む。..","A carregar...","装货。..",
"STR_TERJESTARTSCREEN_PAGE_LOADOUT_ALERT","NOT AVAILABLE","NOT AVAILABLE","DOSTUPNÝ","NICHT VERFÜGBAR","НЕДОСТУПНО","NIEDOSTĘPNE","NEM ELÉRHETŐ","NON DISPONIBILE","NO DISPONIBLE","NON DISPONIBLE","暂时没有","利用できません","NÃO DISPONÍVEL","暂时没有",
"STR_TERJESTARTSCREEN_PAGE_LOADOUT_TITLE1","LOADOUTS LIST","LOADOUTS LIST","SEZNAM SAD VYBAVENÍ","LISTE DER AUSRÜSTUNGSSETS","СПИСОК НАБОРОВ СНАРЯЖЕНИЯ","LISTA ZESTAWÓW WYPOSAŻENIA","A BERENDEZÉSKÉSZLETEK LISTÁJA","ELENCO DEI SET DI ATTREZZATURE","LISTA DE CONJUNTOS DE EQUIPOS","LISTE DES ENSEMBLES D'ÉQUIPEMENTS","设备组一览表","機器セットのリスト","LISTA DE CONJUNTOS DE EQUIPAMENTOS","设备组一览表",
"STR_TERJESTARTSCREEN_PAGE_LOADOUT_TITLE2","SELECTED LOADOUT","SELECTED LOADOUT","VYBRANÉ ZATÍŽENÍ","AUSGEWÄHLTES LOADOUT","ВЫБРАННОЕ СНАРЯЖЕНИЕ","WYBRANE WYPOSAŻENIE","KIVÁLASZTOTT TERHELÉS","LOADOUT SELEZIONATO","EQUIPAMIENTO SELECCIONADO","CHARGEMENT SÉLECTIONNÉ","选定的装载量","選択したロードアウト","CARGA SELECCIONADA","选定的装载量",
"STR_TERJESTARTSCREEN_PAGE_LOADOUT_TITLE3","OPTIONS LIST","OPTIONS LIST","SEZNAM MOŽNOSTÍ","OPTIONSLISTE","СПИСОК ОПЦИЙ","LISTA OPCJI","OPCIÓK LISTÁJA","ELENCO OPZIONI","LISTA DE OPCIONES","LISTE DES OPTIONS","选项列表","オプションリスト","LISTA DE OPÇÕES","选项列表",
"STR_TERJESTARTSCREEN_PAGE_SKILLS_TITLE","CHOOSE YOUR STARTING SKILLS","CHOOSE YOUR STARTING SKILLS","VYBERTE SI STARTOVACÍ DOVEDNOSTI","WÄHLEN SIE STARTFÄHIGKEITEN","ВЫБЕРИТЕ СТАРТОВЫЕ НАВЫКИ","WYBIERZ UMIEJĘTNOŚCI STARTOWE","VÁLASSZA KI A KEZDŐ KÉSZSÉGEKET","SCEGLI LE ABILITÀ INIZIALI","ELIJA HABILIDADES INICIALES","CHOISISSEZ VOS COMPÉTENCES DE DÉPART","选择你的起始技能","あなたの開始スキルを選択してください","ESCOLHA SUAS HABILIDADES INICIAIS","选择你的起始技能",
"STR_TERJESTARTSCREEN_PAGE_SKILLS_INFO","Points available:","Points available:","Dostupné body:","Verfügbare Punkte:","Доступные очки:","Punkty dostępne:","Elérhető pontok:","Punti disponibili:","Puntos disponibles:","Points disponibles:","可用积分:","利用可能なポイント:","Pontos disponíveis:","可用积分:",
"STR_TERJESTARTSCREEN_PAGE_MAP_ALERT","NOT AVAILABLE","NOT AVAILABLE","DOSTUPNÝ","NICHT VERFÜGBAR","НЕДОСТУПНО","NIEDOSTĘPNE","NEM ELÉRHETŐ","NON DISPONIBILE","NO DISPONIBLE","NON DISPONIBLE","暂时没有","利用できません","NÃO DISPONÍVEL","暂时没有",
"STR_TERJESTARTSCREEN_PAGE_MAP_TITLE","CHOOSE YOUR RESPAWN POINT","CHOOSE YOUR RESPAWN POINT","VYBERTE SI SVŮJ RESPAWN BOD","WÄHLE DEINEN RESPAWNPUNKT","ВЫБЕРИТЕ ТОЧКУ ВОЗРОЖДЕНИЯ","WYBIERZ SWÓJ PUNKT ODRODZENIA","VÁLASSZA KI A RESPAWN PONTOT","SCEGLI IL TUO RESPAWN POINT","ELIGE TU PUNTO DE REAPARICIÓN","CHOISISSEZ VOTRE POINT DE RÉAPPARITION","选择你的重生点","あなたのリスポーンポイントを選択してください","ESCOLHA O SEU PONTO DE RESPAWN","选择你的重生点",
"STR_TERJESTARTSCREEN_PAGE_MAP_TITLE1","RESPAWN POINTS","RESPAWN POINTS","RESPAWN BODY","RESPAWN-PUNKTE","ТОЧКИ ВОЗРОЖДЕНИЯ","PUNKTY ODRODZENIA","RESPAWN PONTOK","PUNTI DI RESPAWN","PUNTOS DE REAPARICIÓN","POINTS DE RÉAPPARITION","设备组一览表","リスポーンポイント","PONTOS DE REAPARECIMENTO","设备组一览表",
"STR_TERJESTARTSCREEN_SOUL_ADD","The number of character's souls has been increased to","The number of character's souls has been increased to","Počet duší postavy se zvýšil na","Die Anzahl der Seelen des Charakters wurde auf erhöht","Количество душ персонажа увеличено до","Liczba dusz postaci została zwiększona do","A karakter lelkének száma nőtt","Il numero di anime del personaggio è aumentato a","El número de almas del personaje ha aumentado a","Le nombre d'âmes du personnage a été augmenté à","角色的灵魂数量增加到","キャラクターの魂の数がに増加しました","Número de Almas do personagem aumentado para","角色的灵魂数量增加到",
"STR_TERJESTARTSCREEN_SOUL_REM","The number of character's souls has been reduced to","The number of character's souls has been reduced to","Počet duší se snížil na","Die Anzahl der Seelen des Charakters wurde auf verringert","Количество душ персонажа уменьшено до","Liczba dusz postaci została zmniejszona do","A karakter lelkeinek száma csökkent","Il numero di anime del personaggio è ridotto a","El número de almas del personaje se ha reducido a","Le nombre d'âmes du personnage est réduit à","角色的灵魂数量已经减少到","キャラクターの魂の数は次のように減少しました","Número de Almas do personagem reduzido para","角色的灵魂数量已经减少到",
"STR_TERJESTARTSCREEN_SOUL_TITLE","YOUR SOULS","YOUR SOULS","VAŠE DUŠE","EURE SEELEN","ВАШИ ДУШИ","WASZE DUSZE","LELKETEK","LE TUE ANIME","TUS ALMAS","VOS ÂMES","你的灵魂","あなたの魂","SUAS ALMAS","你的灵魂",
"STR_TERJESTARTSCREEN_OVERVIEW_TITLE","YOUR CHARACTER","YOUR CHARACTER","VAŠE POSTAVA","DEIN CHARAKTER","ВАШ ПЕРСОНАЖ","TWOJA POSTAĆ","A KARAKTERED","IL TUO PERSONAGGIO","TU PERSONAJE","VOTRE PERSONNAGE","你的性格","あなたのキャラクター","SEU PERSONAGEM","你的性格",
"STR_TERJESTARTSCREEN_OVERVIEW_DEL","DELETE YOUR CHARACTER (HOLD)","DELETE YOUR CHARACTER (HOLD)","ODSTRANIT SVOU POSTAVU (PODRŽTE)","ENTFERNEN SIE IHREN CHARAKTER (HALTEN)","УДАЛИТЬ ВАШЕГО ПЕРСОНАЖА (УДЕРЖИВАЙТЕ)","USUŃ SWOJĄ POSTAĆ (PRZYTRZYMAJ)","KARAKTER TÖRLÉSE (HOLD)","RIMUOVI IL TUO PERSONAGGIO (TIENI PREMUTO)","ELIMINAR A TU PERSONAJE (ESPERA)","SUPPRIMER VOTRE PERSONNAGE (MAINTENEZ)","删除你的角色（HOLD）","キャラクターを削除する（保留）","REMOVER SEU PERSONAGEM (SEGURE)","删除你的角色（HOLD）",
"STR_TERJESTARTSCREEN_SOUL_ZERO","Your character will be permanently deleted.","Your character will be permanently deleted.","Vaše postava bude navždy odstraněna.","Dein Charakter wird für immer gelöscht.","Ваш персонаж будет удален навсегда.","Twoja postać zostanie trwale usunięta.","A karaktered véglegesen törlődik.","Il tuo personaggio verrà eliminato definitivamente.","Tu personaje será eliminado para siempre.","Votre personnage sera supprimé pour toujours.","您的角色将被永久删除。","あなたのキャラクターは完全に削除されます。","Seu personagem será removido para sempre.","您的角色将被永久删除。",
"STR_TERJESTARTSCREEN_SETRESP_ACTION","Mark as respawn point","Mark as respawn point","Označit jako respawn point","Als Respawnpunkt markieren","Сделать точкой возрождения","Oznacz jako punkt odrodzenia","Jel, mint respawn pont","Segna come punto di respawn","Marcar como punto de reaparición","Marquer comme point de réapparition","标记为重生点","リスポーンポイントとしてマーク","Marcar como ponto de respawn","标记为重生点",
"STR_TERJESTARTSCREEN_SETRESP_TITLE","Respawn point","Respawn point","Respawn point","Respawnpunkt","Точка возрождения","Punkt odrodzenia","Respawn point","Punto di respawn","Punto de reaparición","Point de réapparition","重生点","リスポーンポイント","Ponto de Respawn","重生点",
"STR_TERJESTARTSCREEN_SETRESP_DESC","Respawn point successfully linked to this object.","Respawn point successfully linked to this object.","Na tomto objektu byl nastaven Respawn point.","Der Respawnpunkt wurde für dieses Objekt festgelegt.","Точка возрождения была установлена на этот объект.","Punkt odrodzenia został ustawiony na tym obiekcie.","Respawn pont lett beállítva ezen az objektumon.","Il punto di respawn è stato impostato su questo oggetto.","El punto de reaparición se ha establecido en este objeto.","Un point de réapparition a été défini sur cet objet.","在这个对象上设置了重生点.","このオブジェクトにリスポーンポイントが設定されています。","O ponto de Respawn foi definido neste objeto.","在这个对象上设置了重生点.",
"STR_TERJESTARTSCREEN_SETRESP_FAIL","Respawn point is not linked to the object.","Respawn point is not linked to the object.","Respawn bod není spojen s objektem.","Der Respawnpunkt ist nicht mit dem Objekt verknüpft.","Точка возрождения не привязана к объекту.","Punkt odrodzenia nie jest powiązany z obiektem.","A Respawn pont nem kapcsolódik az objektumhoz.","Il punto di respawn non è collegato all'oggetto.","El punto de reaparición no está vinculado al objeto.","Le point de réapparition n'est pas lié à l'objet.","重生点不链接到对象。","リスポーンポイントはオブジェクトにリンクされていません。","O ponto de Respawn não está vinculado ao objeto.","重生点不链接到对象。",
"STR_TERJESTARTSCREEN_SETRESP_ERR","Respawn point cannot be linked to this object. Its already linked to another player or conditions for usage are not met.","Respawn point cannot be linked to this object. Its already linked to another player or conditions for usage are not met.","Respawn point nelze s tímto objektem propojit. Je již propojen s jiným hráčem nebo nejsou splněny podmínky pro použití.","Der Respawnpunkt kann nicht mit diesem Objekt verknüpft werden. Es ist bereits mit einem anderen Spieler verknüpft oder die Nutzungsbedingungen sind nicht erfüllt.","Точка возрождения не может быть привязана к этому объекту. Он уже привязан к другому игроку или не соблюдены условия его использования.","Punkt odrodzenia nie może być powiązany z tym obiektem. Jest już powiązany z innym graczem lub warunki użytkowania nie są spełnione.","A Respawn pont nem kapcsolható ehhez az objektumhoz. Már kapcsolódik egy másik játékoshoz, vagy a használati feltételek nem teljesülnek.","Il punto Respawn non può essere collegato a questo oggetto. È già collegato a un altro giocatore o le condizioni per l'utilizzo non sono soddisfatte.","El punto de reaparición no se puede vincular a este objeto. Ya está vinculado a otro reproductor o no se cumplen las condiciones de uso.","Le point de réapparition ne peut pas être lié à cet objet. Il est déjà lié à un autre joueur ou les conditions d'utilisation ne sont pas remplies.","重生点不能链接到此对象。 它已经链接到另一个玩家或使用条件不满足。","リスポーンポイントをこのオブジェクトにリンクすることはできません。 すでに他のプレイヤーにリンクされているか、使用条件が満たされていません。","O ponto de Respawn não pode ser vinculado a este objeto. Já está ligado a outro jogador ou não estão preenchidas as condições de Utilização.","重生点不能链接到此对象。 它已经链接到另一个玩家或使用条件不满足。",
"STR_TERJESTARTSCREEN_PAGE_RULES_TITLE","SERVER RULES","SERVER RULES","PRAVIDLA SERVERU","SERVERREGELN","ПРАВИЛА СЕРВЕРА","REGULAMIN SERWERA","SZERVER SZABÁLYOK","REGOLE DEL SERVER","REGLAS DEL SERVIDOR","RÈGLES DU SERVEUR","服务器规则","サーバールール","REGRAS DO SERVIDOR","服务器规则",
"STR_TERJESTARTSCREEN_RESP_DEATH1","Respawn point has not been found.","Respawn point has not been found.","Bod znovuzrození nebyl nalezen.","Es wurde kein Wiederbelebungspunkt gefunden.","Точка возрождения не найдена.","Nie znaleziono punktu odrodzenia.","A respawn pontot nem találták.","Punto di spawn non trovato.","Punto de renacimiento no encontrado.","Point de réapparition introuvable.","尚未找到重生点。","リスポーンポイントは見つかりませんでした。","Ponto de renascimento não encontrado.","尚未找到重生点。",
"STR_TERJESTARTSCREEN_RESP_DEATH2","Respawn possible only when your dead body exists.","Respawn possible only when your dead body exists.","Respawn možné pouze tehdy, když vaše mrtvé tělo existuje.","Respawn ist nur möglich, wenn dein toter Körper existiert.","Возрождение возможно только при наличии вашего мертвого тела.","Odrodzenie możliwe tylko wtedy, gdy istnieje Twoje martwe ciało.","Respawn csak akkor lehetséges, ha a holttest létezik.","Respawn possibile solo quando il vostro corpo morto esiste.","Reaparecer solo es posible cuando tu cadáver existe.","Réapparition possible uniquement lorsque votre cadavre existe.","只有当你的尸体存在时，才有可能重生。","あなたの死体が存在する場合にのみ可能なリスポーン。","Respawn possível apenas quando o seu cadáver existe.","只有当你的尸体存在时，才有可能重生。",
"STR_TERJESTARTSCREEN_PASSPORT_NAME","Passport","Passport","Pás","Pass","Паспорт","Paszport","Útlevél","Passaporto","Pasaporte","Passeport","护照","パスポート","Passaporte","护照",
"STR_TERJESTARTSCREEN_PASSPORT_DESC","An official document certifying the identity of the owner.","An official document certifying the identity of the owner.","Oficiální doklad totožnosti majitele.","Ein offizielles Dokument, das die Identität des Besitzers ausweist.","Официальный документ, удостоверяющий личность владельца.","Oficjalny dokument tożsamości właściciela.","A tulajdonos hivatalos azonosító okmánya.","Documento d'identità ufficiale del titolare.","Documento oficial de identidad del propietario.","Document officiel d'identité du propriétaire.","业主的正式身份证明文件。","所有者の公式の身分証明書。","Documento oficial que comprove a identidade do proprietário.","业主的正式身份证明文件。",
"STR_TERJESTARTSCREEN_PASS_ID","Number","Number","Číslo","Zahl","Номер","Liczba","Szám","Numero","Número","Numéro","电话号码","番号","Número","电话号码",
"STR_TERJESTARTSCREEN_PASS_NAME","Name","Name","Název","Name","Имя","Nazwa","Név","Nome","Nombre","Nom","姓名","名前","Nome","姓名",
"STR_TERJESTARTSCREEN_PASS_SEX","Sex","Sex","Sex","Sex","Пол","Sex","Szex","Sesso","Sexo","Sexe","性别","性別","Sexo","性别",
"STR_TERJESTARTSCREEN_PASS_MALE","Male","Male","Muž","Männlich","Мужчина","Mężczyźni","Férfi","Maschio","Masculino","Hommes","男","男性","Masculino","男",
"STR_TERJESTARTSCREEN_PASS_FEMALE","Female","Female","Žena","Weiblich","Женщина","Damski","Nő","Femmina","Femenino","Femelle","女","女性","Feminino","女",
"STR_TERJEMED_NEGATIVE","Negative result","Negative result","Negativní výsledek","Negatives Ergebnis","Отрицательный результат","Wynik negatywny","Negatív eredmény","Risultato negativo","Resultado negativo","Résultat négatif","負面效應","否定的な結果","Resultado negativo","负面结果",
"STR_TERJEMED_POSITIVE","Positive result","Positive result","Pozitivní výsledek","Positives Ergebnis","Положительный результат","Pozytywny wynik","Pozitív eredmény","Risultato positivo","Resultado positivo","Résultat positif","正面效應","肯定的な結果","Resultado positivo","积极的结果",
"STR_TERJEMED_PIS_CONTUSION","Concussion","Concussion","Kontuze","Quetschung","Контузия","Kontuzja","Agyrázkódás","Contusione","Contusión","Contusion","腦震盪","脳震盪","Contusão","脑震荡",
"STR_TERJEMED_PIS_CONTUSION_DESC","Brain contusion","Brain contusion","Kontuze mozku","Gehirnquetschung","Контузия головного мозга","Kontuzja mózgu","Agyi zúzódás","Contusione cerebrale","Contusión cerebral","Contusion cérébrale","腦挫傷","脳挫傷","Contusão cerebral","脑挫伤",
"STR_TERJEMED_PIS_VISCERA","Damage to internal organs with severe internal bleeding.","Damage to internal organs with severe internal bleeding.","Poškození vnitřních orgánů se silným vnitřním krvácením.","Schädigung der inneren Organe mit starken inneren Blutungen.","Повреждение внутренних органов с сильным внутренним кровотечением.","Uszkodzenie narządów wewnętrznych z ciężkim krwawieniem wewnętrznym.","A belső szervek károsodása súlyos belső vérzéssel.","Danni agli organi interni con forti emorragie interne.","Daño a los órganos internos con hemorragia interna severa.","Dommages aux organes internes avec saignement interne grave.","內臟器官受損，並伴隨嚴重內出血。","重度の内出血を伴う内臓への損傷。","Danos nos órgãos internos com hemorragia interna grave.","严重内出血对内脏器官的损害。",
"STR_TERJEMED_BANDAGE_NAME","Hemostatic Bandage","Hemostatic Bandage","Hemostatická bandáž","Hämostatischer Verband","Гемостатический бинт","Bandaż hemostatyczny","Vérzéscsillapító kötés","Bendaggio emostatico","Vendaje hemostático","Bandage Hémostatique","止血繃帶","止血包帯","Atadura hemostática","止血绷带",
"STR_TERJEMED_BANDAGE_DESC","Chitosan-based bandage. It can be used to stop heavy bleeding in case of bullet wounds, cuts, open fractures with rupture of blood arteries.","Chitosan-based bandage. It can be used to stop heavy bleeding in case of bullet wounds, cuts, open fractures with rupture of blood arteries.","Obvaz na bázi chitosanu. Může být použit k zastavení těžkého krvácení v případě střelných ran, řezů, otevřených zlomenin s prasknutím krevních tepen.","Verband auf Chitosanbasis. Es kann verwendet werden, um starke Blutungen bei Schusswunden, Schnitten, offenen Frakturen mit Ruptur der Blutarterien zu stoppen.","Повязка на основе хитозана. Его можно использовать для остановки сильного кровотечения при пулевых ранениях, порезах, открытых переломах с разрывом кровеносных артерий.","Opatrunek na bazie chitozanu. Może być stosowany do tamowania silnego krwawienia w ranach postrzałowych, skaleczeniach i otwartych złamaniach z pękniętymi tętnicami.","Kitozán alapú kötés. Használható a súlyos vérzés megállítására golyó sebek, vágások, nyitott törések esetén, a vér artériák törésével.","Bendaggio a base di chitosano. Può essere usato per fermare forti emorragie in caso di ferite da proiettile, tagli, fratture aperte con rottura delle arterie del sangue.","Vendaje a base de quitosano. Se puede usar para detener el sangrado abundante en caso de heridas de bala, cortes, fracturas abiertas con ruptura de arterias sanguíneas.","Bandage à base de chitosane. Il peut être utilisé pour arrêter les saignements abondants en cas de blessures par balle, de coupures, de fractures ouvertes avec rupture des artères sanguines.","基於幾丁質的繃帶。可用於止血，特別是對於槍傷、割傷、開放性骨折伴隨血管破裂的情況。","キトサンベースの包帯。 それが弾丸の傷、切口、血動脈の破裂を用いる開いたひびの場合には重い出血を停止するのに使用することができます。","Ligadura à base de quitosana. Pode ser utilizado para parar a hemorragia intensa em caso de ferimentos de bala, cortes, fracturas expostas com ruptura das artérias sanguíneas.","壳聚糖基绷带。 它可用于在枪伤，割伤，开放性骨折和血液动脉破裂的情况下止血大量出血。",
"STR_TERJEMED_SURV_NAME","Field Surgical Kit","Field Surgical Kit","Polní chirurgická souprava","Feldchirurgie-Kit","Полевой хирургический набор","Polowy zestaw chirurgiczny","Terepi sebészeti készlet","Kit chirurgico da campo","Kit quirúrgico de campo","Kit Chirurgical","野外手術套件","フィールドサージカルキット","Kit cirúrgico de campo","野外手術套件",
"STR_TERJEMED_SURV_DESC","Field surgical kit with additional and better instruments, allowing you to operate with serious wounds right on the battlefield.","Field surgical kit with additional and better instruments, allowing you to operate with serious wounds right on the battlefield.","Polní chirurgická sada s dalšími a lepšími nástroji, která vám umožní operovat s vážnými ranami přímo na bojišti.","Feldchirurgie-Set mit zusätzlichen und besseren Instrumenten, mit denen Sie schwere Wunden direkt auf dem Schlachtfeld operieren können.","Расширенный хирургический набор с дополнительными и более качественными инструментами, позволяющий работать с серьезными ранениями прямо на поле боя.","Polowy zestaw chirurgiczny z dodatkowymi i lepszymi narzędziami, umożliwiający leczenie poważnych ran bezpośrednio na miejscu.","Field sebészeti készlet további és jobb eszközök, amely lehetővé teszi, hogy működik a súlyos sebek közvetlenül a csatatéren.","Kit chirurgico da campo con strumenti aggiuntivi e migliori, che consente di operare con ferite gravi direttamente sul campo di battaglia.","Kit quirúrgico de campo con instrumentos adicionales y mejores, que le permite operar con heridas graves directamente en el campo de batalla.","Kit chirurgical avec des instruments supplémentaires et de meilleure qualité, vous permettant d'opérer des blessures graves directement sur le champ de bataille.","野外手術套件，配備額外且更優質的工具，讓你能在戰場上直接處理重傷。","追加のより良い機器を備えたフィールド手術キットで、戦場で深刻な傷を負って操作することができます。","Kit cirúrgico de campo com instrumentos adicionais e melhores, permitindo-lhe operar com ferimentos graves no campo de batalha.","野外手術套件，配備額外且更優質的工具，讓你能在戰場上直接處理重傷。",
"STR_TERJEMED_SYRINGE_NEW_NAME","Syringe (New)","Syringe (New)","Stříkačka (Nová)","Spritze (neu)","Шприц (новый)","Strzykawka (Nowa)","Fecskendő (Új)","Siringa (nuova)","Jeringa (Nueva)","Seringue (Neuve)","注射器(新)","シリンジ（新品）","Seringa (Nova)","注射器(新)",
"STR_TERJEMED_SYRINGE_NEW_DESC","Sterile medical syringe in original sealed packaging.","Sterile medical syringe in original sealed packaging.","Sterilní lékařská stříkačka v originálním uzavřeném obalu.","Sterile medizinische Spritze in versiegelter Originalverpackung.","Стерильный медицинский шприц в заводской герметичной упаковке.","Sterylna strzykawka medyczna w fabrycznie zamkniętym opakowaniu.","Steril orvosi fecskendő eredeti, lezárt csomagolásban.","Siringa medica sterile in confezione originale sigillata.","Jeringa médica estéril en embalaje original sellado.","Seringue médicale stérile dans un emballage scellé d'origine.","無菌醫用注射器原密封包裝.","元の密封された包装の生殖不能の医学のスポイト。","Seringa médica estéril em embalagem original selada.","无菌医用注射器原密封包装.",
"STR_TERJEMED_SYRINGE_FULL_NAME","Syringe (Full)","Syringe (Full)","Injekční Stříkačka (Plná)","Spritze (voll)","Шприц (полный)","Strzykawka (Pełna)","Fecskendő (Tele)","Siringa (piena)","Jeringa (llena)","Seringue (Pleine)","注射器(滿)","シリンジ（フル）","Seringa (Cheia)","注射器(满)",
"STR_TERJEMED_SYRINGE_EMPTY_NAME","Syringe (Empty)","Syringe (Empty)","Injekční Stříkačka (Prázdná)","Spritze (leer)","Шприц (пустой)","Strzykawka (Pusta)","Fecskendő (Üres)","Siringa (vuota)","Jeringa (vacía)","Seringue (Vide)","注射器（空）","シリンジ（空）","Seringa (Vazia)","注射器（空）",
"STR_TERJEMED_SYRINGE_FULL_DESC","A medical syringe with something inside. Can be used for injection.","A medical syringe with something inside. Can be used for injection.","Lékařská stříkačka s něčím uvnitř. Lze použít k injekci.","Eine medizinische Spritze mit etwas darin. Kann zur Injektion verwendet werden.","Медицинский шприц с чем-то внутри. Может быть использован для инъекций.","Strzykawka medyczna z czymś w środku. Może być używana do zastrzyków.","Egy orvosi fecskendő, benne valamivel. Használható injekcióhoz.","Una siringa medica con qualcosa dentro. Può essere usato per l'iniezione.","Una jeringa médica con algo dentro. Puede usarse para inyección.","Une seringue médicale avec quelque chose à l'intérieur. Peut être utilisée pour une injection.","裡面有東西的醫用注射器。可用於注射。","中に何かが入っている医療用注射器。 注入に使用することができます。","Uma seringa médica com algo dentro. Pode ser utilizado para injecção.","里面有东西的医用注射器。 可用于注射。",
"STR_TERJEMED_SYRINGE_EMPTY_DESC","Empty medical syringe. Can be used for injecting medicines. Be careful, using non-disinfected syringes can lead to sepsis and other illnesses.","Empty medical syringe. Can be used for injecting medicines. Be careful, using non-disinfected syringes can lead to sepsis and other illnesses.","Prázdná lékařská stříkačka. Může být použit pro injekční podávání léků. Buďte opatrní, používání špinavých stříkaček může vést k otravě krve a dalším onemocněním.","Leere medizinische Spritze. Kann zum Injizieren von Medikamenten verwendet werden. Seien Sie vorsichtig, die Verwendung schmutziger Spritzen kann zu Blutvergiftungen und anderen Krankheiten führen.","Пустой медицинский шприц. Может быть использован для инъекций. Будьте бдительны, использование грязных шприцов может привести к заражению крови и другим болезням.","Pusta strzykawka medyczna. Może być używana do zastrzyków. Należy zachować czujność, ponieważ używanie brudnych strzykawek może prowadzić do sepsy i innych chorób.","Üres orvosi fecskendő. Használható gyógyszerek beadására. Legyen óvatos, a piszkos fecskendők használata vérmérgezéshez és más betegségekhez vezethet.","Siringa medica vuota. Può essere usato per l'iniezione di medicinali. Fai attenzione, l'uso di siringhe sporche può portare ad avvelenamento del sangue e altre malattie.","Jeringa médica vacía. Puede usarse para inyectarse medicamentos. Tenga cuidado, usar jeringas sucias puede provocar envenenamiento de la sangre y otras enfermedades.","Seringue médicale vide. Peut être utilisée pour injecter des médicaments. Faites attention, utiliser des seringues non désinfectées peut entraîner une septicémie et d'autres maladies.","空的醫用注射器。 可用于注射藥物。 小心，使用髒注射器會導致血液中毒和其他疾病。","空の医療用注射器。 薬を注入するために使用することができます。 汚れた注射器を使用すると、血液中毒やその他の病気につながる可能性があることに注意してください。","Seringa médica vazia. Pode ser utilizado para injecção de medicamentos. Tenha cuidado, o uso de seringas sujas pode causar envenenamento do sangue e outras doenças.","空的医用注射器。 可用于注射药物。 小心，使用脏注射器会导致血液中毒和其他疾病。",
"STR_MEDCONTAINER_LARGE_NAME","Large First Aid Kit","Large First Aid Kit","Velká lékárnička","Großes Erste-Hilfe-Set","Большая аптечка","Duża apteczka pierwszej pomocy","Nagy Elsősegély-készlet","Grande kit di pronto soccorso","Botiquín de primeros auxilios grande","Grande Trousse de Premiers Secours","大型急救箱","大きい救急箱","Kit de Primeiros Socorros grande","大型急救箱",
"STR_MEDCONTAINER_LARGE_DESC","A large first aid kit is great for compact storage and transportation of medicines.","A large first aid kit is great for compact storage and transportation of medicines.","Velká lékárnička je skvělá pro kompaktní skladování a přepravu léků.","Ein großes Erste-Hilfe-Set eignet sich hervorragend für die kompakte Aufbewahrung und den Transport von Medikamenten.","Большая медицинская аптечка отлично подходит для компактного хранения и переноски медицинских препаратов.","Duża apteczka doskonale nadaje się do kompaktowego przechowywania i przenoszenia niezbędnych akcesoriów medycznych.","A nagy Elsősegély-készlet kiválóan alkalmas a gyógyszerek kompakt tárolására és szállítására.","Un grande kit di pronto soccorso è ottimo per lo stoccaggio compatto e il trasporto di medicinali.","Un botiquín de primeros auxilios grande es ideal para el almacenamiento compacto y el transporte de medicamentos.","Une grande trousse de premiers secours est idéale pour le stockage compact et le transport de médicaments.","大型急救箱非常適合緊湊地儲存和運輸藥品。","大きい救急箱は薬の密集した貯蔵そして交通機関のために大きいです。","Um grande kit de Primeiros Socorros é ótimo para armazenamento compacto e transporte de medicamentos.","一个大的急救箱是伟大的紧凑储存和运输药品.",
"STR_MEDCONTAINER_MIDLE_NAME","Middle First Aid Kit","Middle First Aid Kit","Střední lékárnička","Mittleres Erste-Hilfe-Set","Средняя аптечка","Średnia apteczka pierwszej pomocy","Középső Elsősegély-készlet","Kit di pronto soccorso medio","Botiquín de primeros auxilios medio","Moyenne Trousse de Premiers Secours","中型急救箱","中間の救急箱","Kit de Primeiros Socorros Do Meio","中间急救箱",
"STR_MEDCONTAINER_MIDLE_DESC","A middle first aid kit is great for compact storage and transportation of medicines.","A middle first aid kit is great for compact storage and transportation of medicines.","Střední lékárnička je skvělá pro kompaktní skladování a přepravu léků.","Ein mittleres Erste-Hilfe-Set eignet sich hervorragend für die kompakte Aufbewahrung und den Transport von Medikamenten.","Стандартная медицинская аптечка отлично подходит для компактного хранения и переноски медицинских препаратов.","Średnia apteczka doskonale nadaje się do kompaktowego przechowywania i przenoszenia niezbędnych akcesoriów medycznych.","A középső Elsősegély-készlet kiválóan alkalmas a gyógyszerek kompakt tárolására és szállítására.","Un kit di pronto soccorso medio è ottimo per lo stoccaggio compatto e il trasporto di medicinali.","Un botiquín de primeros auxilios intermedio es ideal para el almacenamiento compacto y el transporte de medicamentos.","Une trousse de premiers secours moyenne est idéale pour le stockage compact et le transport de médicaments.","中型急救箱非常適合緊湊地儲存和運輸藥品。","中間の救急箱は薬の密集した貯蔵そして交通機関のために大きいです。","Um kit de Primeiros Socorros médio é ótimo para armazenamento compacto e transporte de medicamentos.","中间急救箱非常适合紧凑的药品储存和运输。",
"STR_MEDCONTAINER_SMALL_NAME","Small First Aid Kit","Small First Aid Kit","Malá lékárnička","Kleines Erste-Hilfe-Set","Малая аптечка","Mała apteczka pierwszej pomocy","Kis elsősegély-készlet","Piccolo kit di pronto soccorso","Botiquín de primeros auxilios pequeño","Petite Trousse de Premiers Secours","小型急救箱","小さな応急処置キット","Kit de Primeiros Socorros pequeno","小型急救箱",
"STR_MEDCONTAINER_SMALL_DESC","A small first aid kit is great for compact storage and transportation of medicines.","A small first aid kit is great for compact storage and transportation of medicines.","Malá lékárnička je skvělá pro kompaktní skladování a přepravu léků.","Ein kleines Erste-Hilfe-Set eignet sich hervorragend für die kompakte Aufbewahrung und den Transport von Medikamenten.","Небольшая медицинская аптечка отлично подходит для компактного хранения и переноски медицинских препаратов.","Mała apteczka doskonale nadaje się do kompaktowego przechowywania i przenoszenia niezbędnych akcesoriów medycznych.","Egy kis elsősegély-készlet kiválóan alkalmas a gyógyszerek kompakt tárolására és szállítására.","Un piccolo kit di pronto soccorso è ottimo per lo stoccaggio compatto e il trasporto di medicinali.","Un pequeño botiquín de primeros auxilios es ideal para el almacenamiento compacto y el transporte de medicamentos.","Une petite trousse de premiers secours est idéale pour le stockage compact et le transport de médicaments.","小型急救箱非常適合緊湊地儲存和運輸藥品。","小さい救急箱は薬の密集した貯蔵そして交通機関のために大きいです。","Um pequeno kit de Primeiros Socorros é ótimo para armazenamento compacto e transporte de medicamentos.","小型急救箱非常适合紧凑的药物储存和运输。",
"STR_TERJEMED_NOSLEEP_COLD","You are so cold that you can't sleep","You are so cold that you can't sleep","Je Vám tak zima, že nemůžete spát","Dir ist so kalt, dass du nicht schlafen kannst","Вам так холодно что вы не можете уснуть","Jest ci tak zimno, że nie możesz spać.","Olyan hideg vagy, hogy nem tudsz aludni","Hai così freddo che non riesci a dormire","Tienes tanto frío que no puedes dormir","Tu as si froid que tu ne peux pas dormir","你太冷了，睡不著","あなたはとても寒いので眠ることができません","Você está tão frio que não consegue dormir","你冷得睡不着",
"STR_TERJEMED_NOSLEEP_HOT","You are so hot that you can't sleep","You are so hot that you can't sleep","Je Vám tak horko, že nemůžete usnout.","Die Hitze macht es dir schwer, einzuschlafen","Вам так жарко что вы не можете уснуть","Jest ci tak gorąco, że nie możesz spać","Olyan meleg vagy, hogy nem tudsz aludni","Sei così caldo che non riesci a dormire","Estás tan caliente que no puedes dormir","Vous avez tellement chaud que vous ne pouvez pas dormir","你太熱了，睡不著","あなたは眠ることができないほど暑いですか","Está tão quente que não consegue dormir.","你太熱了，睡不著",
"STR_TERJEMED_NOSLEEP_SICK","You feel so bad that you can't sleep","You feel so bad that you can't sleep","Cítíte se tak špatně, že nemůžete spát","Du fühlst dich so schlecht, dass du nicht schlafen kannst","Вы чувствуете себя так плохо что не можете уснуть","Czujesz się tak źle, że nie możesz spać","Olyan rosszul érzi magát, hogy nem tud aludni","Ti senti così male che non riesci a dormire","Te sientes tan mal que no puedes dormir","Vous vous sentez si mal que vous ne pouvez pas dormir","你感覺很糟糕，無法入睡","あなたはとても気分が悪いので眠れません","Você se sente tão mal que não consegue dormir","你感覺很糟糕，無法入睡",
"STR_TERJEMED_NOSLEEP_ENERGED","You are too energized that you can't sleep","You are too energized that you can't sleep","Jste tak veselí, že nemůžete spát","Du bist zu wach und energiegeladen, so dass du nicht schlafen kannst","Вы слишком бодры чтобы уснуть","Jesteś zbyt rozbudzony, by spać","Olyan vidámság vagy, hogy nem tudsz aludni","Sei così allegro che non riesci a dormire","Eres tan alegre que no puedes dormir","Vous êtes tellement plein d'énergie que vous ne pouvez pas dormir","你精力充沛，無法入睡","あなたは眠ることができないほど陽気です","Você é tão alegre que não consegue dormir","你精力充沛，無法入睡",
"STR_TERJEMED_SALVE_USE_SELF","Apply ointment","Apply ointment","Aplikujte masti na sebe","Salbe auf sich selbst auftragen","Нанести мазь себе","Nałóż maść na siebie","Kenőcsöt alkalmazzon magának","Applicare unguento a te stesso","Aplícate ungüento a ti mismo","Appliquer la pommade","塗抹藥膏","自分に軟膏を塗る","Aplique pomada em si mesmo","给自己涂药膏",
"STR_TERJEMED_SALVE_USE_TARGET","Apply ointment to the target","Apply ointment to the target","Naneste masti osobu","Tragen Sie die Salbe auf die Person auf","Нанесите мазь другому","Nałóż maść na drugą osobe","Alkalmazza a kenőcs személy","Applicare l'unguento alla persona","Aplicar la pomada persona","Appliquer la pommade sur la cible","將藥膏塗抹到目標上","軟膏を塗る人","Aplicar a pomada pessoa","涂抹药膏的人",
"STR_TERJEMED_SALVE_DESC","An old tube of ointment for treating bruises. The label is worn but partly readable.","An old tube of ointment for treating bruises. The label is worn but partly readable.","Tuba staré masti na modřiny.","Eine Tube alte Salbe gegen blaue Flecken.","Тюбик старой мази от ушибов.","Tubka starej maści na siniaki.","Egy tubus régi kenőcs zúzódásokra.","Un tubetto di un vecchio unguento per i lividi.","Un tubo de ungüento viejo para hematomas.","Un vieux tube de pommade pour traiter les contusions. L'étiquette est usée mais partiellement lisible.","一管治療瘀青的舊藥膏。標籤已磨損但部分可讀。","あざ用の古い軟膏のチューブ。","Um tubo de pomada velha para contusões.","一管治疗瘀伤的旧药膏。",
"STR_TERJEMED_AMPOULE_DESC","A small amber glass vial for storing medicine. Only the name of the drug is visible on the old label.","A small amber glass vial for storing medicine. Only the name of the drug is visible on the old label.","Injekční lahvička z borosilikátového jantarového skla se běžně používá k ukládání lékařských roztoků. Na starém papírovém štítku je vidět pouze název léku.","Geformte Borosilikat-Braunglas-Injektionsflaschen werden üblicherweise zur Aufbewahrung von medizinischen Lösungen verwendet. Auf dem alten Papieretikett ist nur der Name des Arzneimittels zu sehen.","Флакон для инъекций из формованного боросиликатного янтарного стекла обычно используется для хранения медицинских растворов. На старой бумажной этикетке можно рассмотреть только название препарата.","Mała fiolka z bursztynowego szkła do przechowywania leków. Na starej etykiecie widoczna jest tylko nazwa leku.","Alakú boroszilikát borostyánsárga üveg injekciós üveget általában orvosi oldatok tárolására használnak. Csak a gyógyszer neve látható a régi papírcímkén.","La fiala a forma di dell'iniezione di vetro ambrato del borosilicato è comunemente usata per immagazzinare le soluzioni mediche. Solo il nome del farmaco può essere visto sulla vecchia etichetta di carta.","El vial de inyección de vidrio ámbar de borosilicato en forma se usa comúnmente para almacenar soluciones médicas. Solo se puede ver el nombre del medicamento en la etiqueta de papel vieja.","Une petite ampoule en verre ambré pour stocker des médicaments. Seul le nom du médicament est visible sur l'ancienne étiquette.","用於儲存藥物的琥珀色小玻璃瓶。舊標籤上僅可見藥品名稱。","定形ホウケイ酸塩のこはく色のガラス注入のガラスびんは一般的医学の解決を貯えるためにです。 薬の名前だけが古い紙のラベルに見ることができます。","O frasco de injeção de vidro âmbar de borossilicato em forma é comumente usado para armazenar soluções médicas. Apenas o nome do medicamento pode ser visto no rótulo de papel antigo.","形状硼硅酸盐琥珀色玻璃注射小瓶常用于储存医疗溶液。 旧纸标签上只能看到药物的名称。",
"STR_TERJEMED_INJECTOR_DESC","A disposable injector once used by the military to quickly give medicine. This one still looks usable.","A disposable injector once used by the military to quickly give medicine. This one still looks usable.","Lékařský jednorázový injektor. Armáda jej používala k rychlému zavedení účinné látky do těla. Zdá se, že tento je stále použitelný.","Medizinischer Einweginjektor. Es wurde vom Militär verwendet, um schnell einen Wirkstoff in den Körper einzuführen. Es scheint, dass dieser noch verwendbar ist.","Медицинский одноразовый инъектор. Использовался военными для быстрого ввода активного вещества в организм. Кажется этот все еще пригоден для использования.","Jednorazowy wstrzykiwacz medyczny. Używany przez wojsko do szybkiego wstrzykiwania substancji czynnej do organizmu. Ten wydaje się być nadal zdatny do użytku.","Orvosi eldobható injektor. A katonaság arra használta, hogy gyorsan bevigyen egy hatóanyagot a szervezetbe. Úgy tűnik, ez még mindig használható.","Iniettore monouso medico. È stato usato dai militari per introdurre rapidamente una sostanza attiva nel corpo. Sembra che questo sia ancora utilizzabile.","Inyector desechable médico. Fue utilizado por los militares para introducir rápidamente una sustancia activa en el cuerpo. Parece que este todavía es utilizable.","Un injecteur jetable autrefois utilisé par l'armée pour administrer rapidement des médicaments. Celui-ci semble encore utilisable.","軍隊曾經使用過的一次性注射器，用於快速輸藥。這個看起來還能用。","医学の使い捨て可能な注入器。 これは、活性物質を体内に迅速に導入するために軍によって使用されました。 これはまだ使用可能なようです。","Injector descartável médico. Foi utilizado pelos militares para introduzir rapidamente uma substância activa no organismo. Parece que este ainda é utilizável.","医用一次性注射器。 它被军方用来快速将一种活性物质引入体内。 看来这个还是可以用的。",
"STR_TERJEMED_TABLETS_DESC","Sealed pack of old tablets with just the name and expiration date showing. They still seem usable.","Sealed pack of old tablets with just the name and expiration date showing. They still seem usable.","Uzavřené balení starých tablet. Na něm můžete vidět pouze jméno a datum vypršení platnosti. Zdá se, že jsou stále použitelné.","Versiegelte Verpackung von alten Tabletten. Darauf sehen Sie nur den Namen und das Ablaufdatum. Sie scheinen noch brauchbar zu sein.","Герметичная упаковка старых таблеток. На ней можно разглядеть только название и срок годности. Кажется они все еще пригодны для употребления.","Zapieczętowane opakowanie starych tabletek. Na nim widać tylko nazwę i datę ważności. Wydaje się, że nadal nadają się do użytku.","Régi tabletták zárt csomagolása. Rajta csak a név és a lejárati dátum látható. Úgy tűnik, hogy még mindig használhatók.","Confezione sigillata di vecchie compresse. Su di esso puoi vedere solo il nome e la data di scadenza. Sembrano essere ancora utilizzabili.","Embalaje sellado de comprimidos viejos. En él solo puedes ver el nombre y la fecha de vencimiento. Parecen seguir siendo utilizables.","Paquet scellé de vieux comprimés avec juste le nom et la date d'expiration visibles. Ils semblent encore utilisables.","密封的舊藥片包裝，僅顯示名稱和有效期限。它們看起來還能用。","古い錠剤の密封包装。 その上には、名前と有効期限のみが表示されます。 彼らはまだ使用可能であるようです。","Embalagem selada de comprimidos antigos. Nele você só pode ver o nome e a data de validade. Parecem ainda ser utilizáveis.","旧片的密封包装。 就可以了，你只能看到的名称和到期日期。 它们似乎仍然可用。",
"STR_TERJEMED_FINALGON","Finalgon","Finalgon","Finalgon","Finalgon","Финалгон","Finalgon","Finalgon","Finalgon","Finalgón","Finalgon","Finalgon","フィナルゴン","Finalgon","[医]芬兰",
"STR_TERJEMED_MAGNESIUMSULFATE","Magnesium Sulfate","Magnesium Sulfate","Síran hořečnatý","Magnesiumsulfat","Сульфат магния","Siarczan magnezu","Magnézium-szulfát","Solfato di magnesio","Sulfato de magnesio","Sulfate de Magnésium","Magnesium Sulfate","硫酸マグネシウム","Sulfato de magnésio","硫酸镁/硫酸镁",
"STR_TERJEMED_ADEPRESS","Adepress","Adepress","Adepsu","Adepress","Адепресс","Adepress","Adepress","Adepress","Adepress","Adépress","Adepress","アデプレス","Adepress","女演员",
"STR_TERJEMED_B190","Tablets B190","Tablets B190","Tablety B190","Tabletten B190","Таблетки В190","Tabletki B190","Tabletta B190","Compresse B190","Tabletas B190","Comprimés B190","Tablets B190","錠B190","Comprimidos B190","平板电脑B190",
"STR_TERJEMED_ZIVIROL","Zivirol Experimental Antidote","Zivirol Experimental Antidote","Zivirol Experimentální Antidot","Zivirol Experimentelles Gegenmittel","Зивирол - экспериментальный антидот","Zivirol - eksperymentalne antidotum","Zivirol Kísérleti Antidotum","Zivirol Antidot sperimentale","Antídoto Experimental de Zivirol","Antidote Expérimental Zivirol","Zivirol Experimental Antidote","ジビロールアンチドット","Antídoto Experimental De Zivirol","Zivirol实验解毒剂",
"STR_TERJEMED_NEIROX","Neirox","Neirox","Neirox","Neirox","Нейрокс","Neirox","Neirox","Neirox","Neirox","Neirox","Neirox","ネイロックス","Neirox","内罗克斯",
"STR_TERJEMED_ERYTHROPOIETIN","Erythropoietin","Erythropoietin","Erytropoetin","Erythropoetin","Эритропоэтин","Erytropoetyna","Eritropoetin","Eritropoietina","Eritropoyetina","Érythropoïétine","Erythropoietin","エリスロポエチン","Eritropoietina","促红细胞生成素",
"STR_TERJEMED_RADIOPROTECTOR","Radioprotector","Radioprotector","Radioprotektor","Strahlenschutz","Радиопротектор","Radioprotector","Radioprotektor","Radioprotettore","Radioprotector","Radioprotecteur","Radioprotector","放射線防護装置","Radioprotetor","放射保护剂",
"STR_TERJEMED_NOVICHEK","Novichek","Novichek","Novičeka","Nowitschek","Новичок","Novichek","Novicsek","Novichek","Novichek","Novichek","Novichek","ノヴィチェク","Novichek","诺维切克",
"STR_TERJEMED_AMOXIVAN","Amoxivan","Amoxivan","Amoxivan","Amoxivan","Амоксиван","Amoxivan","Amoxivan","Amoxivan","Amoxivan","Amoxivan","Amoxivan","アモキシバン抗生物質","Amoxivan","Amoxivan",
"STR_TERJEMED_ALCOHOL","Alcohol","Alcohol","Alkohol","Alkohol","Спирт","Alkohol","Alkohol","Alcol","Alcohol","Alcool","酒精","アルコール","Álcool","酒精",
"STR_TERJEMED_NOVOCAINE","Novacaine","Novacaine","Novakain","Novacain","Новакаин","Novacaine","Novakain","Novacaina","Novacaína","Novocaïne","Novacaine","ノバカイン","Novacaína","诺瓦卡因",
"STR_TERJEMED_METOCLOPRAMID","Metoclopramid","Metoclopramid","Metoklopramid","Metoclopramid","Метоклопрамид","Metoklopramid","Metoklopramid","Metoclopramide","Metoclopramida","Métoclopramide","Metoclopramid","メトクロプラミド","Metoclopramida","甲氧氯普胺",
"STR_TERJEMED_ADRENALIN","Adrenalin","Adrenalin","Adrenalin","Adrenalin","Адреналин","Adrenalina","Adrenalin","Adrenalina","Adrenalina","Adrénaline","Adrenalin","アドレナリン","Adrenalina","肾上腺素",
"STR_TERJEMED_PENTACIN","Pentacin","Pentacin","Pentacin","Pentacin","Пентацин","Pentacyna","Pentacin","Pentacina","Pentacina","Pentacine","Pentacin","ペンタシン","Pentacina","戊酸,戊酸",
"STR_TERJEMED_METRALINDOLE","Metralindole","Metralindole","Metralindol","Metralindol","Метралиндол","Metralindol","Metralindol","Metralindolo","Metralindol","Métralindole","Metralindole","メトラリンドール","Metralindol","[医]甲吲哚",
"STR_TERJEMED_CAPSICUM","Capsicum","Capsicum","Kapsikam","Capsicum","Капсикам","Kapsikam","Capsicum","Capsicum","Capsicum","Capsicum","Capsicum","トウガラシ","Capsicam","辣椒,辣椒",
"STR_TERJEMED_VIPROSAL","Viprosal","Viprosal","Viprosal","Viprosal","Випросал","Viprosal","Viprosal","Viprosal","Viprosal","Viprosal","Viprosal","ヴィプロサル","Viprosal","[医]维普罗萨",
"STR_TERJEMED_DISINFECT_HANDS","Disinfect hands","Disinfect hands","Dezinfikujte ruce","Hände desinfizieren","Дезинфицировать руки","Dezynfekuj ręce","Fertőtlenítse a kezét","Disinfettare le mani","Desinfectar las manos","Se désinfecter les mains","消毒雙手","手を消毒する","Desinfectar as mãos","消毒双手",
"STR_TERJEMED_CHANGE_BANDAGE","Change dirty bandage","Change dirty bandage","Vyměňte špinavý obvaz","Schmutzige Bandage wechseln","Сменить грязный бинт","Zmień zabrudzony bandaż","Cserélje ki a piszkos kötést","Cambia la benda sporca","Cambiar el vendaje sucio","Changer le bandage usé","更換髒繃帶","汚れた包帯を変える","Troque a bandagem suja","换脏绷带",
"STR_TERJEMED_SURGERY_SELF","Perform surgery","Perform surgery","Operace na sobě","Chirurgie an sich selbst","Операция на себе","Samodzielna operacja","Műtét magadon","Chirurgia su te stesso","Cirugía en ti mismo","Effectuer une chirurgie","進行手術","自分の手術","Cirurgia em si mesmo","为自己做手术",
"STR_TERJEMED_SURGERY_TARGET","Perform surgery on target","Perform surgery on target","Operace na cíl","Operation am Ziel","Операция на цели","Operacja na osobie","Műtét a célon","Chirurgia sul bersaglio","Cirugía en el objetivo","Effectuer une chirurgie sur la cible","對目標進行手術","ターゲット上の手術","Cirurgia no alvo","目标手术",
"STR_TERJEMED_SURBULLET_SELF","Remove bullet","Remove bullet","Dostat kulku ze sebe","Eine Kugel aus sich rausholen","Достать пулю из себя","Wyciągnij z siebie pocisk","Kapj ki egy golyót magadból","Prendi un proiettile da te stesso","Sacar una bala de TI mismo","Retirer la balle","從你自己身上取出一顆子彈","あなた自身から弾丸を取得します。","Tirar uma bala de mim mesmo","从你自己身上取出一颗子弹",
"STR_TERJEMED_SURBULLET_TARGET","Remove bullet from target","Remove bullet from target","Dostat kulku z cíle","Eine Kugel aus dem Ziel holen","Достать пулю из цели","Wyciągnij pocisk z drugiej osoby","Szerezd meg a golyót a cél","Prendi il proiettile dal bersaglio","Sacar la bala del objetivo","Retirer la balle de la cible","把子彈從目標中取出","ターゲットから弾丸を取り出す","Tirar a bala do alvo","把子弹从目标中取出",
"STR_MEDCONTAINER_AFAK_NAME","Advanced First Aid Kit (AFAK)","Advanced First Aid Kit (AFAK)","Advanced First Aid Kit (AFAK)","Erste-Hilfe-Kasten für Fortgeschrittene (AFAK)","Универсальная аптечка первой помощи (AFAK)","Zaawansowana apteczka pierwszej pomocy (AFAK)","Speciális Elsősegély-készlet (AFAK)","Kit di pronto soccorso avanzato (AFAK)","Botiquín de Primeros Auxilios Avanzado (AFAK)","Trousse de Premiers Secours Avancée (AFAK)","高級急救箱(AFAK)","高度の救急箱（AFAK）","Kit de Primeiros Socorros avançado (AFAK)","高級急救箱(AFAK)",
"STR_MEDCONTAINER_AFAK_DESC","Advanced first aid kit (AFAK) of the NATO army, which includes everything necessary to provide first aid on the battlefield. Can be used to stop bleeding of varying severity and perform simple surgical operations in the field. It also contains a compartment for storing medications.","Advanced first aid kit (AFAK) of the NATO army, which includes everything necessary to provide first aid on the battlefield. Can be used to stop bleeding of varying severity and perform simple surgical operations in the field. It also contains a compartment for storing medications.","Advanced first aid kit (AFAK) armády NATO, která obsahuje vše potřebné k poskytnutí první pomoci na bojišti. Může být použit k zastavení krvácení různé závažnosti a provádění jednoduchých chirurgických operací v terénu. Obsahuje také přihrádku pro skladování léků.","Advanced First Aid Kit (AFAK) der NATO-Armee, das alles enthält, was für die Erste Hilfe auf dem Schlachtfeld erforderlich ist. Kann verwendet werden, um Blutungen unterschiedlicher Schwere zu stoppen und einfache chirurgische Eingriffe vor Ort durchzuführen. Es enthält auch ein Fach zur Aufbewahrung von Medikamenten.","Универсальная аптечка первой помощи (AFAK) армий НАТО, которая включает в себя все необходимое для оказания первой помощи на поле боя. Может использоваться для остановки кровотечений различной степени тяжести и выполнения простых хирургических операций в полевых условиях. В ней также имеется отделение для хранения медикаментов.","Zaawansowany zestaw pierwszej pomocy NATO (AFAK), który zawiera wszystko, co jest potrzebne do udzielenia pierwszej pomocy na polu walki. Może być używana do tamowania krwawień o różnym stopniu nasilenia i wykonywania prostych zabiegów chirurgicznych w terenie. Posiada również miejsce do przechowywania zapasów medycznych.","A NATO hadsereg fejlett elsősegély-készlete (AFAK), amely mindent tartalmaz, ami az elsősegély nyújtásához szükséges a csatatéren. Használható a különböző súlyosságú vérzés megállítására és egyszerű sebészeti beavatkozások elvégzésére a területen. Tartalmaz egy rekeszt a gyógyszerek tárolására is.","Advanced first aid kit (AFAK) dell'esercito della NATO, che include tutto il necessario per fornire il primo soccorso sul campo di battaglia. Può essere usato per fermare il sanguinamento di varia gravità ed eseguire semplici operazioni chirurgiche sul campo. Contiene anche un compartimento per la conservazione dei farmaci.","Botiquín avanzado de primeros auxilios (AFAK) del ejército de la OTAN, que incluye todo lo necesario para prestar primeros auxilios en el campo de batalla. Puede usarse para detener hemorragias de gravedad variable y realizar operaciones quirúrgicas simples en el campo. También contiene un compartimento para almacenar medicamentos.","Trousse de premiers secours avancée (AFAK) de l'armée de l'OTAN, qui comprend tout le nécessaire pour prodiguer les premiers soins sur le champ de bataille. Peut être utilisée pour arrêter les saignements de différentes gravités et effectuer des opérations chirurgicales simples sur le terrain. Elle contient également un compartiment pour stocker des médicaments.","北約軍隊的高級急救箱（AFAK），其中包括在戰場上提供急救所需的一切。 可用于止血不同嚴重程度的出血，並在現場進行簡單的外科手術。 它還包含一個用于存儲藥物的隔間。","戦場で応急処置を提供するために必要なすべてが含まれているNATO軍の高度な応急処置キット（AFAK）。 さまざまな重大度の出血を停止し、分野で簡単な外科操作を行うのに使用することができます。 また、薬を保管するためのコンパートメントも含まれています。","Kit avançado de Primeiros Socorros (AFAK) do exército da NATO, que inclui tudo o que é necessário para prestar os primeiros socorros no campo de batalha. Pode ser usado para parar o sangramento da severidade de variação e executar operações cirúrgicas simples no campo. Também contém um compartimento para armazenar medicamentos.","北约军队的高级急救箱（AFAK），其中包括在战场上提供急救所需的一切。 可用于止血不同严重程度的出血，并在现场进行简单的外科手术。 它还包含一个用于存储药物的隔间。",
"STR_MEDCONTAINER_IFAK_DESC","Individual first aid kit (IFAK) of the NATO army, which includes everything necessary to provide first aid on the battlefield. Can be used to stop bleeding of varying severity and perform simple surgical operations in the field. It also contains a compartment for storing medications.","Individual first aid kit (IFAK) of the NATO army, which includes everything necessary to provide first aid on the battlefield. Can be used to stop bleeding of varying severity and perform simple surgical operations in the field. It also contains a compartment for storing medications.","Individuální lékárnička (IFAK) armády NATO, která obsahuje vše potřebné k poskytnutí první pomoci na bojišti. Může být použit k zastavení krvácení různé závažnosti a provádění jednoduchých chirurgických operací v terénu. Obsahuje také přihrádku pro skladování léků.","Individuelles Erste-Hilfe-Set (IFAK) der NATO-Armee, das alles enthält, was für die Erste Hilfe auf dem Schlachtfeld erforderlich ist. Kann verwendet werden, um Blutungen unterschiedlicher Schwere zu stoppen und einfache chirurgische Eingriffe vor Ort durchzuführen. Es enthält auch ein Fach zur Aufbewahrung von Medikamenten.","Индивидуальная аптечка первой помощи (IFAK) армий стран НАТО, которая включает в себя все необходимое для оказания первой помощи на поле боя. Может использоваться для остановки кровотечений различной степени тяжести и выполнения несложных хирургических операций в полевых условиях. В ней также имеется отделение для хранения медикаментов.","Indywidualna apteczka pierwszej pomocy (IFAK), która zawiera wszystko, co potrzebne do udzielenia pierwszej pomocy na polu walki. Może być używana do tamowania krwawień o różnym stopniu nasilenia i wykonywania drobnych zabiegów chirurgicznych w terenie. Posiada również miejsce do przechowywania zapasów medycznych.","A NATO hadseregének egyéni elsősegély-készlete (IFAK), amely mindent tartalmaz, ami az elsősegélynyújtáshoz szükséges a csatatéren. Használható a különböző súlyosságú vérzés megállítására és egyszerű sebészeti beavatkozások elvégzésére a területen. Tartalmaz egy rekeszt a gyógyszerek tárolására is.","Kit di pronto soccorso individuale (IFAK) dell'esercito NATO, che include tutto il necessario per fornire il primo soccorso sul campo di battaglia. Può essere usato per fermare il sanguinamento di varia gravità ed eseguire semplici operazioni chirurgiche sul campo. Contiene anche un compartimento per la conservazione dei farmaci.","Botiquín individual de primeros auxilios (IFAK) del ejército de la OTAN, que incluye todo lo necesario para prestar primeros auxilios en el campo de batalla. Puede usarse para detener hemorragias de gravedad variable y realizar operaciones quirúrgicas simples en el campo. También contiene un compartimento para almacenar medicamentos.","Trousse de Premiers Secours Individuelle (IFAK)","北約軍隊的個人急救箱（IFAK），其中包括在戰場上提供急救所需的一切。 可用于止血不同嚴重程度的出血，並在現場進行簡單的外科手術。 它還包含一個用于存儲藥物的隔間。","NATO軍の個々の応急処置キット（IFAK）は、戦場で応急処置を提供するために必要なすべてを含んでいます。 さまざまな重大度の出血を停止し、分野で簡単な外科操作を行うのに使用することができます。 また、薬を保管するためのコンパートメントも含まれています。","Kit de Primeiros Socorros Individual (IFAK) do exército da NATO, que inclui tudo o que é necessário para prestar os primeiros socorros no campo de batalha. Pode ser usado para parar o sangramento da severidade de variação e executar operações cirúrgicas simples no campo. Também contém um compartimento para armazenar medicamentos.","北約軍隊的個人急救箱（IFAK），其中包括在戰場上提供急救所需的一切。 可用于止血不同嚴重程度的出血，並在現場進行簡單的外科手術。 它還包含一個用于存儲藥物的隔間。",
"STR_MEDCONTAINER_IFAK_NAME","Individual First Aid Kit (IFAK)","Individual First Aid Kit (IFAK)","Individuální lékárnička (IFAK)","Individuelles Erste-Hilfe-Set (IFAK)","Индивидуальная аптечка первой помощи (IFAK)","Indywidualna apteczka pierwszej pomocy (IFAK)","Egyéni Elsősegély-készlet (IFAK)","Kit di pronto soccorso individuale (IFAK)","Botiquín individual de primeros auxilios (IFAK)","Trousse de premiers secours individuelle (IFAK)","個人急救箱(IFAK)","個々の救急箱（IFAK）","Kit de Primeiros Socorros Individual (IFAK)","個人急救箱(IFAK)",
"STR_TERJEMED_SURSTUB_SELF","Apply surgical suture","Apply surgical suture","Chirurgický šev","Chirurgische Naht auftragen","Наложить хирургический шов","Załóż szew chirurgiczny","Sebészeti varrat alkalmazása","Sutura chirurgica","Aplicar sutura quirúrgica","Appliquer une suture chirurgicale","應用手術縫合線","外科用縫合糸を適用するには","Faça uma sutura cirúrgica","应用外科缝合线",
"STR_TERJEMED_SURSTUB_TARGET","Apply surgical suture to target","Apply surgical suture to target","Chirurgický šev cíle","Eine chirurgische Naht des Ziels auftragen","Наложить хирургический шов цели","Załóż szew chirurgiczny osobie","Sebészeti varrat alkalmazása a célpontra","Sutura chirurgica del bersaglio","Aplicar sutura quirúrgica al objetivo","Appliquer une suture chirurgicale sur la cible","將手術縫合線應用到目標上","ターゲットに外科縫合線を適用するには","Aplicar sutura cirúrgica ao alvo","将外科缝合线应用于目标",
"STR_TERJEMED_DISINFECTSUTURE_SELF","Disinfect surgical sutures","Disinfect surgical sutures","Dezinfikujte si chirurgické stehy","Chirurgische Nähte selbst desinfizieren","Дезинфицировать хирургические швы себе","Zdezynfekuj szwy chirurgiczne","Fertőtlenítse a sebészeti varratokat magának","Disinfettare le suture chirurgiche te stesso","Desinfectar las suturas quirúrgicas usted mismo","Désinfecter les sutures chirurgicales","消毒手術縫合線","自分のために外科用縫合糸を消毒する","Desinfectar suturas cirúrgicas em si","為自己消毒手術縫合線",
"STR_TERJEMED_DISINFECTSUTURE_TARGET","Disinfect surgical sutures on target","Disinfect surgical sutures on target","Dezinfikujte chirurgické stehy u cíle","Desinfizieren Sie die chirurgischen Nähte am Ziel","Дезинфицировать хирургические швы цели","Zdezynfekuj szwy chirurgiczne osobie","Fertőtlenítse a sebészeti varratokat a célnál","Disinfetta le suture chirurgiche sul bersaglio","Desinfecte las suturas quirúrgicas en el objetivo","Désinfecter les sutures chirurgicales sur la cible","對目標手術縫合線進行消毒","ターゲットで外科用縫合糸を消毒する","Desinfete suturas cirúrgicas no alvo","在目标处消毒手术缝合线",
"STR_TERJEMED_SURGTOOLS_NAME","Medical Bowl with Instrument","Medical Bowl with Instrument","Lékařská miska s nástrojem","Medizinische Schüssel mit Werkzeug","Медицинская чаша с инструментом","Miska z narzędziami medycznymi","Orvosi tál eszközzel","Ciotola medica con strumento","Tazón médico con instrumento","Bassine Médicale avec Instrument","裝有手術器械的醫療碗","器械が付いている医学ボール","Bacia médica com instrumento","医疗碗与仪器",
"STR_TERJEMED_SURGTOOLS_DESC","A medical bowl with old surgical instruments. Due to the lack of airtight packaging, the instruments have long been non-sterile. They can still be used as a disposable surgical kit or to replenish the resource of reusable surgical kits.","A medical bowl with old surgical instruments. Due to the lack of airtight packaging, the instruments have long been non-sterile. They can still be used as a disposable surgical kit or to replenish the resource of reusable surgical kits.","Lékařská miska se starými chirurgickými nástroji. Kvůli nedostatku vzduchotěsného obalu nejsou nástroje již dlouho sterilní. Stále je lze použít jako jednorázový chirurgický set nebo k doplnění zdroje opakovaně použitelných chirurgických sad.","Medizinische Schüssel mit alten chirurgischen Instrumenten. Aufgrund der fehlenden versiegelten Verpackung sind die Werkzeuge längst nicht mehr steril. Sie können immer noch als einmaliges chirurgisches Set oder zum Nachfüllen von wiederverwendbaren chirurgischen Kits verwendet werden.","Медицинская чаша со старыми хирургическими инструментами. Из-за отсутствия герметичной упаковки инструмены давно уже не стерильны. Их все еще можно использовать как одноразовый хирургический набор или для пополнения ресурса многоразовых хирургических наборов.","Miska ze starymi narzędziami chirurgicznymi. Ze względu na brak hermetycznego opakowania narzędzia nie są już sterylne przez długi czas. Nadal mogą być używane jako jednorazowy zestaw chirurgiczny lub do uzupełniania zestawów chirurgicznych wielokrotnego użytku.","Egy orvosi tál régi sebészeti eszközökkel. A légmentes csomagolás hiánya miatt a műszerek már régóta nem sterilek. Még mindig használhatók eldobható sebészeti készletként vagy az újrafelhasználható sebészeti készletek erőforrásának feltöltésére.","Ciotola medica con vecchi strumenti chirurgici. A causa della mancanza di imballaggi sigillati, gli strumenti non sono più sterili da molto tempo. Possono ancora essere utilizzati come kit chirurgico monouso o per ricostituire la risorsa di kit chirurgici riutilizzabili.","Tazón médico con viejos instrumentos quirúrgicos. Debido a la falta de envases herméticos, los instrumentos ya no son estériles. Todavía se pueden usar como un kit quirúrgico desechable o para reponer el recurso de los kits quirúrgicos reutilizables.","Une bassine médicale avec de vieux instruments chirurgicaux. En raison de l'absence d'emballage hermétique, les instruments ne sont plus stériles depuis longtemps. Ils peuvent encore être utilisés comme kit chirurgical jetable ou pour reconstituer la ressource des kits chirurgicaux réutilisables.","一個裝有舊手術器械的醫用碗。 由于缺乏氣密包裝，儀器長期以來一直是非無菌的。 它們仍然可以用作一次性手術套件或補充可重複使用的手術套件的資源。","古い外科用器具が付いている医学ボール。 気密包装の欠如のために、器具は長い間非滅菌されてきた。 それらはまだ使い捨て可能な外科キットとしてまたは再使用可能な外科キットの資源を補充するのに使用することができます。","Tigela médica com instrumentos cirúrgicos antigos. Devido à falta de embalagem hermética, as ferramentas não são mais estéreis há muito tempo. Eles ainda podem ser usados como um kit cirúrgico descartável ou para reabastecer o recurso de kits cirúrgicos reutilizáveis.","一个装有旧手术器械的医用碗。 由于缺乏气密包装，仪器长期以来一直是非无菌的。 它们仍然可以用作一次性手术套件或补充可重复使用的手术套件的资源。",
"STR_TERJEPERK_IMMTY_COLDRESIST","Influenza Resistance","Influenza Resistance","Odolnost proti chřipce","Influenza-Resistenz","Устойчивость к простуде","Odporność na grypę","Influenza rezisztencia","Resistenza influenzale","Resistencia a la influenza","Résistance à la Grippe","流感耐藥性","インフルエンザ耐性","Resistência à gripe","流感耐药性",
"STR_TERJEPERK_IMMTY_COLDRESIST_DES","Your body copes better with the cold virus, slowing the infection progress and giving you more time for treatment.","Your body copes better with the cold virus, slowing the infection progress and giving you more time for treatment.","Vaše tělo se lépe vyrovnává s virem nachlazení, zpomaluje jeho rychlost vývoje a dává vám více času na léčbu.","Ihr Körper kann besser mit dem Erkältungsvirus umgehen, indem er seine Entwicklungsgeschwindigkeit verlangsamt und Ihnen mehr Zeit für die Behandlung gibt.","Ваш организм лучше справляется с вирусом простуды, замедляя его скорость развития и давая вам больше времени для лечения.","Twoje ciało jest w stanie lepiej radzić sobie z wirusem grypy, spowalniając tempo jego rozwoju i dając ci więcej czasu na wyzdrowienie.","A szervezet jobban megbirkózik a hideg vírussal, lassítja a fejlődés ütemét és több időt biztosít a kezelésre.","Il tuo corpo gestisce meglio il virus del raffreddore rallentandone il tasso di sviluppo e dandoti più tempo per guarire.","Su cuerpo maneja mejor el virus del resfriado, ralentizando su velocidad de desarrollo y dándole más tiempo para sanar.","Votre corps combat mieux le virus du rhume, ralentissant la progression de l'infection et vous donnant plus de temps pour le traitement.","你的身體更好地應對感冒病毒，減緩其發展速度，並給你更多的時間進行治療。","あなたの体は、開発の速度を遅くし、あなたの治療のためのより多くの時間を与えて、冷たいウイルスとより良い対処します。","Seu corpo lida melhor com o vírus do resfriado, diminuindo sua taxa de desenvolvimento e dando-lhe mais tempo para o tratamento.","你的身体更好地应对感冒病毒，减缓其发展速度，并给你更多的时间进行治疗。",
"STR_TERJEPERK_IMMTY_POISONRESIST","Poisoning Resistance","Poisoning Resistance","Odolnost proti otravě","Resistenz gegen Vergiftungen","Сопротивление отравлению","Odporność na zatrucie pokarmowe","Mérgezésekkel szembeni ellenállás","Resistenza all'avvelenamento","Resistencia al envenenamiento","Résistance à l'Intoxication","中毒抗性","中毒に対する耐性","Resistência ao envenenamento","抗中毒能力",
"STR_TERJEPERK_IMMTY_POISONRESIST_DES","Your body has increased resistance to food poisoning. Due to the improved functioning of the immune system and stomach, toxic substances are eliminated from the body faster.","Your body has increased resistance to food poisoning. Due to the improved functioning of the immune system and stomach, toxic substances are eliminated from the body faster.","Vaše tělo má zvýšenou odolnost vůči otravám jídlem. Díky zlepšené práci imunního systému a žaludku se toxické látky vylučují z těla rychleji.","Ihr Körper hat eine erhöhte Resistenz gegen Lebensmittelvergiftungen. Dank der verbesserten Arbeit des Immunsystems und des Magens werden giftige Substanzen schneller aus dem Körper ausgeschieden.","Ваш организм обладает повышенной устойчивостью к пищевым отравлениям. Благодаря улучшенной работе имунной системы и желудка токсичные вещества выводяться из организма быстрее.","Organizm jest bardziej odporny na zatrucie pokarmowe. Dzięki poprawie funkcjonowania układu odpornościowego i żołądka, substancje toksyczne są szybciej eliminowane z organizmu.","A szervezet fokozott ellenállást mutat az ételmérgezéssel szemben. Az immunrendszer és a gyomor jobb működésének köszönhetően a mérgező anyagok gyorsabban ürülnek ki a szervezetből.","Il tuo corpo ha una maggiore resistenza all'intossicazione alimentare. Grazie al miglioramento del sistema immunitario e dello stomaco, le sostanze tossiche vengono rimosse dal corpo più velocemente.","Su cuerpo tiene una mayor resistencia a la intoxicación alimentaria. Gracias al trabajo mejorado del sistema inmunológico y el estómago, las sustancias tóxicas se eliminan del cuerpo más rápido.","Votre corps a une résistance accrue à l'intoxication alimentaire. Grâce au fonctionnement amélioré du système immunitaire et de l'estomac, les substances toxiques sont éliminées plus rapidement du corps.","你的身體對食物中毒的抵抗力有所增強。由於免疫系統和胃部功能的改善，有毒物質能更快地從體內排出。","あなたの体は食中毒に対する耐性が高まっています。 免疫系と胃の機能が改善されたおかげで、有毒物質は体からより早く排除されます。","Seu corpo tem maior resistência à intoxicação alimentar. Graças ao melhor funcionamento do sistema imunológico e do estômago, substâncias tóxicas são removidas do corpo mais rapidamente.","你的身体对食物中毒的抵抗力增加。 由于免疫系统和胃的功能改善，有毒物质更快地从体内消除。",
"STR_TERJEPERK_IMMTY_HEMATOMARECOVERY","Bruises Recovery","Bruises Recovery","Obnova hematomu","Heilung von Hämatomen","Восстановление гематом","Leczenie siniaków","A hematóma gyógyulása","Recupero dell'ematoma","Recuperación del hematoma","Guérison des Contusions","瘀傷恢復","血腫の回復","Resistência ao envenenamento","血肿恢复",
"STR_TERJEPERK_IMMTY_HEMATOMARECOVERY_DES","Your bruises heal faster due to the body's improved ability to regenerate. By helping to accelerate blood circulation and tissue repair, you significantly reduce the time it takes to eliminate bruises and swelling.","Your bruises heal faster due to the body's improved ability to regenerate. By helping to accelerate blood circulation and tissue repair, you significantly reduce the time it takes to eliminate bruises and swelling.","Vaše hematomy se hojí rychleji díky zlepšené regenerační schopnosti těla. Přispíváním ke zrychlení krevního oběhu a obnově tkání výrazně snížíte čas potřebný k odstranění modřin a otoků.","Ihre Hämatome heilen dank der verbesserten Regenerationsfähigkeit des Körpers schneller. Indem Sie die Durchblutung beschleunigen und das Gewebe reparieren, reduzieren Sie die Zeit, die benötigt wird, um Blutergüsse und Schwellungen zu beseitigen, erheblich.","Ваши гематомы заживают быстрее благодаря улучшенной способности организма к регенерации. Способствуя ускорению кровообращения и восстановлению тканей, вы значительно снижаете время, необходимое для устранения синяков и отеков.","Siniaki goją się szybciej dzięki zwiększonej zdolności organizmu do regeneracji. Promując szybsze krążenie krwi i naprawę tkanek, znacznie skracasz czas potrzebny na ustąpienie siniaków i obrzęków.","A hematomái gyorsabban gyógyulnak, mivel a test jobb regenerációs képessége van. Azáltal, hogy felgyorsítja a vérkeringést és a szövetek helyreállítását, jelentősen csökkenti a zúzódások és a duzzanat megszüntetéséhez szükséges időt.","I tuoi ematomi guariscono più velocemente grazie alla migliore capacità di rigenerazione del corpo. Favorendo l'accelerazione della circolazione sanguigna e la riparazione dei tessuti, si riduce notevolmente il tempo necessario per eliminare lividi e gonfiori.","Sus hematomas se curan más rápido gracias a la capacidad mejorada del cuerpo para regenerarse. Al promover la aceleración de la circulación sanguínea y la reparación de los tejidos, reduce significativamente el tiempo necesario para eliminar los moretones y la hinchazón.","Vos contusions guérissent plus rapidement grâce à la capacité améliorée du corps à se régénérer. En aidant à accélérer la circulation sanguine et la réparation des tissus, vous réduisez considérablement le temps nécessaire pour éliminer les contusions et les gonflements.","由於身體再生能力的提升，你的瘀傷癒合得更快。通過幫助加速血液循環和組織修復，你顯著縮短了消除瘀傷和腫脹所需的時間。","あなたの血腫は、体の再生能力が向上したため、より速く治癒します。 血液循環と組織修復を促進するのを助けることによって、あなたはあざや腫れを排除するのにかかる時間を大幅に短縮します。","Seus hematomas curam mais rapidamente devido à capacidade melhorada do corpo de se regenerar. Ao ajudar a acelerar a circulação sanguínea e reparar tecidos, você reduz significativamente o tempo necessário para eliminar hematomas e inchaço.","由于身体再生能力的提高，血肿愈合得更快。 通过帮助加速血液循环和组织修复，您可以显着减少消除瘀伤和肿胀所需的时间。",
"STR_TERJEPERK_IMMTY_WOUNDHEALING","Wounds Healing","Wounds Healing","Hojení ran","Wundheilung","Заживление ран","Gojenie się ran","Sebgyógyulás","Guarigione delle ferite","Curación de heridas","Guérison des Blessures","傷口癒合","創傷治癒","Cicatrização de feridas","伤口愈合",
"STR_TERJEPERK_IMMTY_WOUNDHEALING_DES","Your wounds heal faster thanks to improved tissue regeneration. Your natural healing processes accelerating the recovery of damaged body parts.","Your wounds heal faster thanks to improved tissue regeneration. Your natural healing processes accelerating the recovery of damaged body parts.","Vaše rány se hojí rychleji díky lepší regeneraci tkání. Zlepšujete přirozené procesy hojení a urychlujete obnovu poškozených oblastí pokožky.","Ihre Wunden heilen schneller durch verbesserte Geweberegeneration. Sie verbessern die natürlichen Heilungsprozesse und beschleunigen die Wiederherstellung beschädigter Hautstellen.","Ваши раны заживают быстрее благодаря улучшенной регенерации тканей. У вас улучшаются естественные процессы заживления, ускоряя восстановление поврежденных участков кожи.","Rany goją się szybciej dzięki lepszej regeneracji tkanek. Naturalne procesy gojenia ulegają poprawie, przyspieszając regenerację uszkodzonej skóry.","A sebek gyorsabban gyógyulnak a jobb szöveti regenerációnak köszönhetően. A természetes gyógyulási folyamatok javulnak, felgyorsítva a sérült bőrterületek helyreállítását.","Le tue ferite guariscono più velocemente grazie a una migliore rigenerazione dei tessuti. I tuoi naturali processi di guarigione migliorano, accelerando la riparazione delle aree della pelle danneggiate.","Sus heridas se curan más rápido gracias a la mejora de la regeneración de los tejidos. Mejora los procesos naturales de curación, acelerando la reparación de las áreas dañadas de la piel.","Vos blessures guérissent plus vite grâce à une régénération tissulaire améliorée. Vos processus de guérison naturels accélèrent la récupération des parties du corps endommagées.","由於組織再生能力的提升，你的傷口癒合得更快。你自然的癒合過程加速了受損身體部位的恢復。","あなたの傷は改善された組織再生のおかげでより速く治癒します。 あなたは自然治癒プロセスを改善し、損傷した皮膚領域の回復を加速しました。","As feridas curam-se mais rapidamente graças à regeneração tecidual melhorada. Você melhora os processos naturais de cicatrização, acelerando a recuperação de áreas danificadas da pele.","由于组织再生的改善,你的伤口愈合得更快. 您的自然愈合过程改善，加速受损皮肤区域的恢复。",
"STR_TERJEPERK_IMMTY_INTOXICRESISTANCE","Intoxication Resistance ","Intoxication Resistance ","Odolnost proti intoxikaci","Widerstand gegen Intoxikation","Сопротивление интоксикации","Odporność na odurzenie","A mérgezéssel szembeni ellenállás","Resistenza all'intossicazione","Resistencia a la intoxicación","Résistance à l'Intoxication","醉酒抗性","中毒に対する耐性","Resistência à intoxicação","对中毒的抵抗力",
"STR_TERJEPERK_IMMTY_INTOXICRESISTANCE_DES","Your body has adapted to the effects of medications, which allows it to remove overdosing faster and minimize negative effects.","Your body has adapted to the effects of medications, which allows it to remove overdosing faster and minimize negative effects.","Vaše tělo se přizpůsobilo účinkům léků, což mu umožňuje rychleji odstranit předávkování a minimalizovat negativní účinky.","Ihr Körper hat sich an die Wirkung von Medikamenten angepasst, wodurch er Überdosierungen schneller beseitigen und negative Auswirkungen minimieren kann.","Ваш организм адаптировался к воздействию лекарств, что позволяет ему быстрее устранять передозировку и минимизировать негативные последствия.","Twój organizm przystosował się do działania leków, co pozwala mu szybciej usunąć przedawkowanie i zminimalizować negatywne skutki.","A szervezet alkalmazkodott a gyógyszerek hatásaihoz, ami lehetővé teszi a túladagolás gyorsabb eltávolítását és a negatív hatások minimalizálását.","Il tuo corpo si è adattato agli effetti dei farmaci, il che gli consente di rimuovere il sovradosaggio più velocemente e ridurre al minimo gli effetti negativi.","Su cuerpo se ha adaptado a los efectos de los medicamentos, lo que le permite eliminar la sobredosis más rápido y minimizar los efectos negativos.","Votre corps s'est adapté aux effets des médicaments, ce qui lui permet de supprimer plus rapidement les surdosages et de minimiser les effets négatifs.","你的身體已經適應了藥物的影響，這使得它能夠更快地排除過量藥物並最大限度地減少負面影響。","あなたの体は薬の効果に適応しているため、過剰摂取をより早く取り除き、悪影響を最小限に抑えることができます。","Seu corpo se adaptou aos efeitos dos medicamentos, o que lhe permite remover a sobredosagem mais rapidamente e minimizar os efeitos negativos.","你的身体已经适应了药物的影响，这使它能够更快地消除过量并最大限度地减少负面影响。",
"STR_TERJEPERK_IMMTY_FASTSLEEP","Fast Sleep","Fast Sleep","Rychlý spánek","Schneller Schlaf","Быстрый сон","Szybkie Spanko","Gyors alvás","Sonno REM","Sueño REM","Sommeil Rapide","快速睡眠","速い睡眠","Sono REM","快速睡眠",
"STR_TERJEPERK_IMMTY_FASTSLEEP_DES","It takes you less time to get a full sleep and rest.","It takes you less time to get a full sleep and rest.","Vašemu trvá méně času, než se plně vyspíte a odpočinete si.","Ihr braucht weniger Zeit, um vollständig zu schlafen und sich auszuruhen.","Вам требуется меньше времени чтобы полностью выспаться и отдохнуть.","Twój organizm potrzebuje mniej czasu, aby w pełni się wyspać i odpocząć.","Kevesebb időt vesz igénybe a teljes éjszakai alvás és pihenés.","Il tuo Ci vuole meno tempo per dormire completamente e riposare.","Su toma menos tiempo para dormir completamente y descansar.","Il vous faut moins de temps pour dormir pleinement et vous reposer.","您只需花費更少的時間就能獲得充分的睡眠和休息。","それは完全な夜の睡眠と休息を得るためにあなたに少ない時間がかかります。","Seu leva menos tempo para dormir e descansar completamente.","它需要你更少的时间来获得一整夜的睡眠和休息。",
"STR_TERJEPERK_IMMTY_IRONMIND","Iron Mind","Iron Mind","Železný rozum","Eiserne Vernunft","Железный рассудок","Psycha ze Stali","Vas elme","Mente di ferro","Mente de hierro","Esprit de Fer","鋼鐵意志","鉄の心","Inteligência de ferro","铁一般的头脑",
"STR_TERJEPERK_IMMTY_IRONMIND_DES","Your psyche has become stronger and accustomed to the horrors of the apocalypse and stressful survival situations, which makes you less prone to panic and mental disorders.","Your psyche has become stronger and accustomed to the horrors of the apocalypse and stressful survival situations, which makes you less prone to panic and mental disorders.","Vaše psychika je silná a zvyklá na hrůzy apokalypsy a stresové situace při přežití, díky nimž jste méně náchylní k panice a duševním poruchám.","Ihre Psyche ist stärker geworden und an die Schrecken der Apokalypse und die Stresssituationen des Überlebens gewöhnt, was Sie weniger anfällig für Panik und psychische Störungen macht.","Ваша психика окрепла и привыкла к ужасам апокалипсиса и стрессовым ситуациям при выживании, что делает вас менее подверженным панике и психическим расстройствам.","Twoja psychika stała się silniejsza i przyzwyczajona do okropności apokalipsy i stresu związanego z przetrwaniem, dzięki czemu jesteś mniej podatny na panikę i zaburzenia psychiczne.","A psziché erősebb lett, és megszokta az apokalipszis borzalmait és a stresszes túlélési helyzeteket, ami kevésbé hajlamos a pánikra és a mentális zavarokra.","La tua psiche si è rafforzata e si è abituata agli orrori dell'Apocalisse e alle situazioni stressanti di sopravvivenza, rendendoti meno incline al panico e ai disturbi mentali.","Su psique se ha fortalecido y se ha acostumbrado a los horrores del Apocalipsis y las situaciones estresantes de supervivencia, lo que lo hace menos propenso al pánico y los trastornos mentales.","Votre psyché est devenue plus forte et habituée aux horreurs de l'apocalypse et aux situations de survie stressantes, ce qui vous rend moins enclin à la panique et aux troubles mentaux.","你的心理變得更加堅強，並且已經適應了末日的恐怖和充滿壓力的生存環境，這使你較不容易陷入恐慌和精神障礙。","あなたの精神はより強くなり、黙示録の恐怖とストレスの多い生存状況に慣れており、パニックや精神障害を起こしにくくなっています。","Sua psique se fortaleceu e se acostumou aos horrores do Apocalipse e às situações estressantes da sobrevivência, o que o torna menos propenso a pânico e transtornos mentais.","你的心灵已经变得更加强大，习惯了天启的恐怖和紧张的生存情况，这使你不太容易出现恐慌和精神障碍。",
"STR_TERJEPERK_IMMTY_RECOVERYSHOCK","Shock Recovery","Shock Recovery","Zotavení z šoku","Erholung nach einem Schock","Восстановление после шока","Powrót do zdrowia po urazie","Felépülés a sokkból","Recupero dallo shock","Recuperación del shock","Récupération des Chocs","休克恢復","ショックからの回復","Recuperação após choque","从休克中恢复过来",
"STR_TERJEPERK_IMMTY_RECOVERYSHOCK_DES","Your body has learned to get out of shock states and comas easier and faster.","Your body has learned to get out of shock states and comas easier and faster.","Vaše tělo se naučilo snadněji a rychleji se dostat z šokového stavu.","Ihr Körper hat gelernt, leichter und schneller aus dem Schockzustand herauszukommen.","Ваше тело научились легче и быстрее выходить из шокового состояния.","Twój organizm nauczył sie łatwiej i szybciej wychodzić z stanu nieprzytomnosci.","A tested megtanulta könnyebben és gyorsabban kijutni a sokkból.","Il tuo corpo ha imparato a uscire dallo Stato di shock più facilmente e più velocemente.","Su cuerpo ha aprendido a salir de un estado de shock más fácil y rápido.","Votre corps a appris à sortir plus facilement et plus rapidement des états de choc et comas.","你的身體已經學會了更容易且更快地從休克狀態和昏迷中恢復過來。","あなたの体はショックからより簡単にそしてより速く抜け出すことを学びました。","Seu corpo aprendeu a sair do Estado de choque com mais facilidade e rapidez.","你的身体已经学会了摆脱休克更容易和更快。",
"STR_TERJEPERK_IMMTY_IMPACTRESIST","Fighter","Fighter","Voják","Kämpfer","Боец","Wojownik","A harcos","Combattente","Combatiente","Combattant","鬥士","ザ-ファイター","Lutador","斗士",
"STR_TERJEPERK_IMMTY_IMPACTRESIST_DES","Your body has become more resistant to physical damage. Due to improved tissue strength and increased ability to protect, the risk of hematomas and other injuries is significantly reduced. ","Your body has become more resistant to physical damage. Due to improved tissue strength and increased ability to protect, the risk of hematomas and other injuries is significantly reduced. ","Vaše tělo se stalo odolnějším vůči fyzickým nárazům a poškození. Díky zlepšené pevnosti tkání a zvýšené schopnosti obrany je riziko hematomů a dalších zranění výrazně sníženo. ","Ihr Körper ist widerstandsfähiger gegen körperliche Stöße und Schäden geworden. Aufgrund der verbesserten Gewebestärke und der erhöhten Schutzfähigkeit ist das Risiko von Hämatomen und anderen Verletzungen erheblich reduziert. ","Ваше тело стало более устойчивым к физическим ударам и повреждениям. Благодаря улучшенной прочности тканей и повышенной способности к защите, риск появления гематом и других травм существенно снижен. ","Twoje ciało jest bardziej odporne na fizyczne uderzenia i obrażenia. Dzięki zwiększonej wytrzymałości i zwiększonej zdolności ochronnej organizmu, ryzyko powstawania siniaków i innych urazów zostało znacznie zmniejszone. ","A tested ellenállóbbá vált a fizikai sokkokkal és sérülésekkel szemben. A jobb szöveti szilárdság és a megnövekedett védelmi képesség miatt a hematómák és egyéb sérülések kockázata jelentősen csökken. ","Il tuo corpo è diventato più resistente agli urti e ai danni fisici. Grazie alla maggiore resistenza dei tessuti e alla maggiore capacità di protezione, il rischio di ematomi e altre lesioni è notevolmente ridotto. ","Su cuerpo se ha vuelto más resistente a los golpes y daños físicos. Gracias a la mejora de la resistencia de los tejidos y una mayor capacidad de protección, el riesgo de hematomas y otras lesiones se reduce significativamente. ","Votre corps est devenu plus résistant aux dommages physiques. En raison d'une meilleure résistance des tissus et d'une capacité de protection accrue, le risque d'hématomes et d'autres blessures est considérablement réduit.","您的身體對物理傷害的抵抗力已經增強。由於組織強度提高和保護能力增強，瘀青和其他損傷的風險顯著降低。","あなたの体は物理的な衝撃および損傷に対してより抵抗力があるようになった。 組織強度の向上と保護能力の向上により、血腫やその他の怪我のリスクが大幅に軽減されます。 ","Seu corpo tornou-se mais resistente a choques físicos e danos. Graças à resistência melhorada dos tecidos e ao aumento da capacidade de proteção, o risco de hematomas e outras lesões é significativamente reduzido. ","你的身体已经变得更能抵抗物理冲击和伤害。 由于改善的组织强度和增加的保护能力，血肿和其他损伤的风险显着降低。 ",
"STR_TERJEPERK_IMMTY_RESISTZMBVIRUS","Zombie Virus Resistance","Zombie Virus Resistance","Odolnost proti zombie viru","Widerstand gegen den Zombie-Virus","Сопротивление зомби вирусу","Odporność na wirusa zombie","Ellenállás A zombi vírussal szemben","Resistenza agli zombi al virus","Resistencia zombie al virus","Résistance au Virus Zombie","殭屍病毒抗性","ゾンビウイルスに対する耐性","Resistência ao vírus zumbi","对僵尸病毒的抵抗",
"STR_TERJEPERK_IMMTY_RESISTZMBVIRUS_DES","Your body has developed unique defense mechanisms to counteract the zombie virus. Thanks to an improved immune response, you are less likely to suffer from symptoms associated with infection, and the course of the disease slows down, which gives you more time for treatment.","Your body has developed unique defense mechanisms to counteract the zombie virus. Thanks to an improved immune response, you are less likely to suffer from symptoms associated with infection, and the course of the disease slows down, which gives you more time for treatment.","Vaše tělo vyvinulo jedinečné obranné mechanismy, které působí proti zombie viru. Díky zlepšené imunitní reakci méně často trpíte příznaky souvisejícími s infekcí a průběh onemocnění se zpomaluje, což vám dává více času na léčbu.","Ihr Körper hat einzigartige Schutzmechanismen entwickelt, um dem Zombie-Virus entgegenzuwirken. Dank einer verbesserten Immunreaktion leiden Sie seltener an den mit der Infektion verbundenen Symptomen, und der Krankheitsverlauf verlangsamt sich, was Ihnen mehr Zeit für die Behandlung gibt.","Ваш организм развил уникальные защитные механизмы для противодействия зомби-вирусу. Благодаря улучшенной иммунной реакции вы реже страдаете от симптомов, связанных с заражением, а течение болезни замедляется, что дает вам больше времени для лечения.","Twoje ciało opracowało unikalne mechanizmy obronne, aby przeciwdziałać wirusowi zombie. Dzięki ulepszonej odpowiedzi immunologicznej, prawdopodobieństwo wystąpienia objawów związanych z infekcją jest mniejsze, a przebieg choroby jest spowolniony, co daje więcej czasu na wyleczenie.","A tested egyedülálló védelmi mechanizmusokat fejlesztett ki a zombi vírus ellensúlyozására. A jobb immunválasznak köszönhetően kevésbé szenved a fertőzéssel kapcsolatos tünetektől, és a betegség lefolyása lelassul, ami több időt biztosít a kezelésre.","Il tuo corpo ha sviluppato meccanismi di difesa unici per contrastare il virus zombi. Con una migliore risposta immunitaria, hai meno probabilità di soffrire di sintomi correlati all'infezione e il decorso della malattia rallenta, dandoti più tempo per guarire.","Su cuerpo ha desarrollado mecanismos de defensa únicos para contrarrestar el virus zombie. Gracias a una mejor respuesta inmune, es menos probable que sufra síntomas relacionados con la infección y el curso de la enfermedad se ralentiza, lo que le da más tiempo para curarse.","Votre corps a développé des mécanismes de défense uniques pour contrer le virus zombie. Grâce à une réponse immunitaire améliorée, vous êtes moins susceptible de souffrir de symptômes associés à l'infection, et le cours de la maladie ralentit, ce qui vous donne plus de temps pour le traitement.","你的身體已經開發出獨特的防禦機制來對抗僵屍病毒。 由于免疫反應的改善，您患感染相關症狀的時間減少，疾病進程減慢，這給了您更多的時間進行治療。","あなたの体は、ゾンビウイルスに対抗するためのユニークな防御機構を開発しました。 改善された免疫応答のおかげで、あなたは感染関連の症状に苦しむ可能性が低く、病気の経過が遅くなり、治療のためのより多くの時間を与えます。","Seu corpo desenvolveu mecanismos de defesa únicos para combater o vírus zumbi. Graças a uma melhor resposta imunológica, é menos provável que você sofra de sintomas relacionados à infecção e o curso da doença seja mais lento, o que lhe dá mais tempo para tratar.","你的身体已经开发出独特的防御机制来对抗僵尸病毒。 由于免疫反应的改善，您患感染相关症状的时间减少，疾病进程减慢，这给了您更多的时间进行治疗。",
"STR_TERJEPERK_IMMTY_RESISTSEPSIS","Sepsis Resistance","Sepsis Resistance","Odpor proti sepsi","Widerstand gegen Sepsis","Сопротивление сепсису","Odporność na sepsę","Szepszis ellenállás","Resistenza alla sepsi","Resistencia a la sepsis","Résistance à la Septicémie","對敗血症的抗性","敗血症に対する耐性","Resistência à sepse","对败血症的抗性",
"STR_TERJEPERK_IMMTY_RESISTSEPSIS_DES","Your body has adapted to the effects of infections, which allows it to deal with blood poisoning more effectively. The improved functioning of the immune system and the ability to regenerate quickly help you withstand potential threats.","Your body has adapted to the effects of infections, which allows it to deal with blood poisoning more effectively. The improved functioning of the immune system and the ability to regenerate quickly help you withstand potential threats.","Vaše tělo se přizpůsobilo účinkům infekcí, což mu umožňuje efektivněji zvládat infekci krve. Zlepšený výkon imunitního systému a schopnost rychlé regenerace vám pomohou čelit potenciálním hrozbám.","Ihr Körper hat sich an die Auswirkungen von Infektionen angepasst, was es ihm ermöglicht, Blutvergiftungen effektiver zu bewältigen. Eine verbesserte Funktion des Immunsystems und die Fähigkeit zur schnellen Regeneration helfen Ihnen, potenziellen Bedrohungen entgegenzuwirken.","Ваш организм адаптировался к воздействию инфекций, что позволяет ему более эффективно справляться с заражением крови. Улучшенная работа иммунной системы и способность к быстрой регенерации помогают вам противостоять потенциальным угрозам.","Twoje ciało przystosowało się do skutków sepsy, co pozwala mu skuteczniej radzić sobie z zatruciem krwi. Ulepszona funkcja układu odpornościowego i zdolność do szybkiej regeneracji pomagają oprzeć się potencjalnym zagrożeniom.","A szervezet alkalmazkodott a fertőzések hatásaihoz, ami lehetővé teszi a vérmérgezés hatékonyabb kezelését. Az immunrendszer jobb működése és a gyors regenerálódási képesség segít ellenállni a potenciális veszélyeknek.","Il tuo corpo si è adattato agli effetti delle infezioni, permettendogli di gestire l'avvelenamento del sangue in modo più efficace. Il miglioramento del funzionamento del sistema immunitario e la capacità di rigenerarsi rapidamente ti aiutano a resistere a potenziali minacce.","Su cuerpo se ha Adaptado a los efectos de las infecciones, lo que le permite lidiar con la contaminación de la sangre de manera más efectiva. El funcionamiento mejorado del sistema inmunológico y la capacidad de regenerarse rápidamente lo ayudan a enfrentar amenazas potenciales.","Votre corps s'est adapté aux effets des infections, ce qui lui permet de faire face plus efficacement à la septicémie. Le fonctionnement amélioré du système immunitaire et la capacité de régénération rapide vous aident à résister aux menaces potentielles.","你的身體已經適應了感染的影響，這使它能夠更有效地處理血液中毒。 免疫系統功能的改善和快速再生的能力幫助您抵禦潛在威脅。","あなたの体は感染症の影響に適応しており、より効果的に血液中毒に対処することができます。 免疫システムの改善された機能と迅速に再生する能力は、潜在的な脅威に耐えるのに役立ちます。","Seu corpo se adaptou aos efeitos das infecções, o que lhe permite lidar com a infecção do sangue de forma mais eficaz. O sistema imunológico aprimorado e a capacidade de se regenerar rapidamente ajudam você a enfrentar ameaças em potencial.","你的身体已经适应了感染的影响，这使它能够更有效地处理血液中毒。 免疫系统功能的改善和快速再生的能力帮助您抵御潜在威胁。",
"STR_TERJEPERK_IMMTY_FEETWARM","Warm Feets","Warm Feets","Nohy v teple","Füße warm","Ноги в тепле","Ciepłe stópki","Láb meleg","Piedi in calore","Pies calientes","Pieds Chauds","保暖雙腳","足は暖かいです","Pés quentes","脚是温暖的",
"STR_TERJEPERK_IMMTY_FEETWARM_DES","Your body uses warmth and comfort to fight colds. Being in a warm place, you get a chance to cure influenza and allowing your immune to work more effectively to prevent it.","Your body uses warmth and comfort to fight colds. Being in a warm place, you get a chance to cure influenza and allowing your immune to work more effectively to prevent it.","Vaše tělo využívá teplo a pohodlí k boji proti nachlazení. Když jste na teplém místě, máte šanci vyléčit chřipku a umožnit imunitě účinněji pracovat, abyste jí zabránili.","Ihr Körper nutzt Wärme und Komfort, um Erkältungen zu bekämpfen. Wenn Sie sich an einem warmen Ort befinden, haben Sie die Chance, die Grippe zu heilen und Ihrem Immunsystem zu ermöglichen, effektiver zu arbeiten, um sie zu verhindern.","Ваше тело использует тепло и комфорт для борьбы с простудой. Находясь в теплом месте, вы получаете шанс вылечить грипп и повысить эффективность своей иммунной системы для его предотвращения.","Twoje ciało wykorzystuje ciepło i komfort do walki z przeziębieniem. Będąc w ciepłym miejscu, masz szansę wyleczyć grypę i pozwolić swojej odporności na skuteczniejszą pracę, aby temu zapobiec.","A tested melegséget és kényelmet használ a megfázás elleni küzdelemben. Mivel egy meleg helyen, akkor kap egy esélyt, hogy gyógyítani influenza, és amely lehetővé teszi az immunrendszer hatékonyabban dolgozni, hogy megakadályozzák azt.","Il tuo corpo usa calore e comfort per combattere il raffreddore. Essendo in un luogo caldo, hai la possibilità di curare l'influenza e permettere al tuo sistema immunitario di lavorare in modo più efficace per prevenirlo.","Su cuerpo usa calor y comodidad para combatir los resfriados. Al estar en un lugar cálido, tiene la oportunidad de curar la influenza y permitir que su sistema inmunológico trabaje de manera más efectiva para prevenirla.","Votre corps utilise la chaleur et le confort pour combattre le rhume. En étant dans un endroit chaud, vous avez la possibilité de guérir la grippe et de permettre à votre système immunitaire de travailler plus efficacement pour la prévenir.","你的身体使用温暖和舒适来对抗感冒。 在一个温暖的地方，你有机会治愈流感，让你的免疫更有效地工作，以防止它。","あなたの体は風邪と戦うために暖かさと快適さを使います。 暖かい場所にいると、インフルエンザを治す機会が得られ、免疫力がより効果的に働き、それを防ぐことができます。","Seu corpo usa calor e conforto para combater resfriados. Estando em um lugar quente, você tem a chance de curar a gripe e permitir que seu sistema imunológico funcione de forma mais eficaz para evitá-la.","你的身体使用温暖和舒适来对抗感冒。 在一个温暖的地方，你有机会治愈流感，让你的免疫更有效地工作，以防止它。",
"STR_TERJEPERK_IMMTY_LOWPAINTRESH","High pain threshold","High pain threshold","Vysoký práh bolesti","Hohe Schmerzschwelle","Высокий болевой порог","Wysoki próg bólu","Magas fájdalomküszöb","Alta soglia del dolore","Umbral de dolor elevado","Seuil de douleur élevé","高痛閾值","痛みのしきい値が高い","Limiar elevado de dor","高痛阈",
"STR_TERJEPERK_IMMTY_LOWPAINTRESH_DES","Your body tolerates pain better, which reduces the pain level by 1 unit. This allows you to stay active and continue to act even in extreme situations.","Your body tolerates pain better, which reduces the pain level by 1 unit. This allows you to stay active and continue to act even in extreme situations.","Vaše tělo lépe snáší bolest, takže hladina bolesti klesá o 1 jednotku. To vám umožní zůstat aktivní a pokračovat v činnosti i v extrémních situacích.","Ihr Körper toleriert Schmerzempfindungen besser, wodurch der Schmerz um 1 Einheit reduziert wird. Dies ermöglicht es Ihnen, aktiv zu bleiben und auch in extremen Situationen weiter zu handeln.","Ваш организм лучше переносит болевые ощущения, благодаря чему уровень боли уменьшается на 1 единицу. Это позволяет вам оставаться активным и продолжать действовать даже в экстремальных ситуациях.","Organizm lepiej toleruje ból, więc jego poziom zmniejsza się o 1 poziom. Pozwala to pozostać aktywnym i kontynuować pracę nawet w ekstremalnych sytuacjach.","A test jobban tolerálja a fájdalmat, ami 1 egységgel csökkenti a fájdalom szintjét. Ez lehetővé teszi, hogy aktív maradjon, és szélsőséges helyzetekben is cselekedjen.","Il tuo corpo tollera meglio il dolore, in modo che il livello di dolore diminuisca di 1 unità. Ciò ti consente di rimanere attivo e continuare ad agire anche in situazioni estreme.","Su cuerpo tolera mejor el dolor, por lo que el nivel de dolor se reduce en 1 unidad. Esto le permite mantenerse activo y seguir actuando incluso en situaciones extremas.","Votre corps tolère mieux la douleur, ce qui réduit le niveau de douleur d'une unité. Cela vous permet de rester actif et de continuer à agir même dans des situations extrêmes.","您的身體能夠更好地耐受疼痛，從而將疼痛等級降低 1 個單位。這使得你即使在極端情況下也能保持活躍並繼續行動。","あなたの体は痛みをよりよく許容し、痛みのレベルを1単位下げます。 これにより、極端な状況でも活動を続け、行動を続けることができます。","Seu corpo tolera melhor a dor, de modo que o nível de dor é reduzido em 1 unidade. Isso permite que você permaneça ativo e continue agindo, mesmo em situações extremas.","你的身体更好地忍受疼痛，这会使疼痛水平降低1个单位。 这使您能够保持活跃，即使在极端情况下也能继续行动。",
"STR_TERJEPERK_IMMTY_THERMOREGULATION","Thermoregulation","Thermoregulation","Termoregulace","Thermoregulation","Терморегуляция","Termoregulacja","Hőszabályozás","Termoregolazione","Termorregulación","Thermorégulation","體溫調節","体温調節","Termorregulação","体温调节",
"STR_TERJEPERK_IMMTY_THERMOREGULATION_DES","Your body has adapted to hard environmental conditions, which reduces the impact of low and high temperatures on your body.","Your body has adapted to hard environmental conditions, which reduces the impact of low and high temperatures on your body.","Vaše tělo se naučilo efektivně přizpůsobit podmínkám prostředí, což snižuje vliv nízkých a vysokých teplot na vaše tělo.","Ihr Körper hat gelernt, sich effektiv an die Umweltbedingungen anzupassen, was die Auswirkungen niedriger und hoher Temperaturen auf Ihren Körper reduziert.","Ваш организм научился эффективно адаптироваться к условиям окружающей среды, что снижает влияние низких и высоких температур на ваш организм.","Twoje ciało nauczyło się skutecznie dostosowywać do warunków środowiskowych, co zmniejsza wpływ niskich i wysokich temperatur na organizm.","A szervezet megtanult hatékonyan alkalmazkodni a környezeti feltételekhez, ami csökkenti az alacsony és magas hőmérséklet hatását a testére.","Il tuo corpo ha imparato ad adattarsi efficacemente alle condizioni ambientali, il che riduce gli effetti delle basse e alte temperature sul tuo corpo.","Su cuerpo ha aprendido a adaptarse de manera efectiva a las condiciones ambientales, lo que reduce los efectos de las bajas y altas temperaturas en su cuerpo.","Votre corps s'est adapté aux conditions environnementales difficiles, ce qui réduit l'impact des basses et hautes températures sur votre corps.","您的身體已經適應了艱苦的環境條件，從而減少了低溫和高溫對您身體的影響。","あなたの体は環境条件に効果的に適応することを学びました、そしてそれはあなたの体への低温と高温の影響を減らします。","Seu corpo aprendeu a se adaptar efetivamente às condições ambientais, o que reduz os efeitos de baixas e altas temperaturas em seu corpo.","你的身体已经学会了有效地适应环境条件，这减少了低温和高温对你身体的影响。",
"STR_TERJEPERK_IMMTY_SAFEDINNER","Strong Stomach","Strong Stomach","Bezpečné stravování","Sicheres Essen","Безопасный обед","Bezpieczny posiłek","Biztonságos étkezés","Mangiare sicuro","Alimentación segura","Estomac Solide","安全飲食","安全な食事","Alimentação segura","安全饮食",
"STR_TERJEPERK_IMMTY_SAFEDINNER_DES","Your stomach has a strong and aggressive microflora, which significantly reduces the risk of poisoning with spoiled food.","Your stomach has a strong and aggressive microflora, which significantly reduces the risk of poisoning with spoiled food.","Váš žaludek má silnou a agresivní mikroflóru, což výrazně snižuje riziko otravy zkaženým jídlem.","Ihr Magen hat eine starke und aggressive Mikroflora, was das Risiko einer Vergiftung durch verdorbenes Essen erheblich reduziert.","Ваш желудок имеет сильную и агресивную микрофлору, что значительно снижает риск отравления испорченной едой.","Twój żołądek ma silną i agresywną mikroflorę, co znacznie zmniejsza ryzyko zatrucia zepsutą żywnością.","A gyomornak erős és agresszív mikroflórája van, ami jelentősen csökkenti a mérgezés kockázatát az elrontott ételekkel.","Il tuo stomaco ha una microflora forte e aggressiva, che riduce notevolmente il rischio di avvelenamento da cibo avariato.","Su estómago tiene una microflora fuerte y agresiva, lo que reduce significativamente el riesgo de intoxicación por alimentos en mal estado.","Votre estomac a une microflore forte et agressive, ce qui réduit considérablement le risque d'intoxication par des aliments avariés.","您的胃中有強大而有攻擊性的微生物群，這大大降低了因變質食物而中毒的風險。","あなたの胃は強くて攻撃的な微生物叢を持っています、そしてそれは甘やかされて育った食物による中毒の危険性を大幅に減らします。","Seu estômago tem uma microflora forte e agressiva, o que reduz significativamente o risco de envenenamento por comida estragada.","你的胃有一个强大的和积极的微生物群落，这显着降低中毒与变质的食物的风险。",
"STR_TERJEPERK_IMMTY_QUICKHEALING","Quick Healing","Quick Healing","Rychlé uzdravení","Schnelle Heilung","Быстрое исцеление","Szybkie leczenie","Gyors gyógyulás","Guarigione rapida","Curación rápida","Guérison Rapide","快速愈合","クイックヒーリング","Cura rápida","快速愈合",
"STR_TERJEPERK_IMMTY_QUICKHEALING_DES","Your body has outstanding recovery abilities, which allows you to recover health points much faster.","Your body has outstanding recovery abilities, which allows you to recover health points much faster.","Vaše tělo má vynikající regenerační schopnosti, což vám umožní získat body zdraví mnohem rychleji.","Ihr Körper verfügt über hervorragende Regenerationsfähigkeiten, wodurch Sie Ihre Gesundheitspunkte wesentlich schneller wiederherstellen können.","Ваш организм обладает выдающимися способностями к восстановлению, что позволяет вам значительно быстрее восстанавливать очки здоровья.","Twoje ciało ma wyjątkowe zdolności regeneracyjne, pozwalające ci na znacznie szybszą regenerację zdrowia.","A tested kiemelkedő helyreállítási képességekkel rendelkezik, ami lehetővé teszi az egészségügyi pontok sokkal gyorsabb helyreállítását.","Il tuo corpo ha eccezionali capacità di recupero, che ti consentono di recuperare i punti salute molto più velocemente.","Su cuerpo tiene una capacidad de recuperación excepcional, lo que le permite recuperar puntos de salud significativamente más rápido.","Votre corps a des capacités de récupération exceptionnelles, ce qui vous permet de récupérer des points de santé beaucoup plus rapidement.","你的身體有出色的恢複能力，這可以讓你更快地恢複健康點。","あなたの体は優れた回復能力を持っています、それはあなたがはるかに速く健康ポイントを回復することを可能にします。","Seu corpo tem excelentes habilidades de recuperação, permitindo que você restaure seus pontos de saúde muito mais rapidamente.","你的身体有出色的恢复能力，这可以让你更快地恢复健康点。",
"STR_TERJEPERK_IMMTY_BLOODREGEN","Blood Regeneration","Blood Regeneration","Regenerace krve","Blutregeneration","Регенерация крови","Regeneracja krwi","Vérregeneráció","Rigenerazione del sangue","Regeneración de la sangre","Régénération du Sang","血液再生","血液再生","Regeneração do sangue","血液再生",
"STR_TERJEPERK_IMMTY_BLOODREGEN_DES","Your body has learned to restore blood in the body faster after serious blood loss. Blood regeneration is accelerated.","Your body has learned to restore blood in the body faster after serious blood loss. Blood regeneration is accelerated.","Vaše tělo se po vážné ztrátě krve naučilo rychleji vstřebávat krev v těle. Regenerace krve je urychlena.","Ihr Körper hat gelernt, das Blut im Körper nach einem schweren Blutverlust schneller wiederherzustellen. Die Blutregeneration ist beschleunigt.","Ваш организм научился быстрее востанавливать кровь в организме после серьезных кровопотерь. Регенерация крови ускорена.","Organizm nauczył się szybciej regenerować krew w organizmie po poważnej utracie krwi. Regeneracja krwi jest przyspieszona.","A tested megtanulta a vér gyorsabb helyreállítását a testben súlyos vérveszteség után. A vér regenerációja felgyorsul.","Il tuo corpo ha imparato a ripristinare il sangue nel corpo più velocemente dopo gravi perdite di sangue. La rigenerazione del sangue è accelerata.","Su cuerpo ha aprendido a restaurar la sangre en el cuerpo más rápido después de una pérdida de sangre grave. La regeneración de la sangre se acelera.","Votre corps a appris à restaurer le sang dans le corps plus rapidement après une perte de sang importante. La régénération du sang est accélérée.","您的身體已經學會在嚴重失血後更快地恢復體內血液。血液再生加快。","あなたの体は、深刻な失血の後に体内の血液をより早く回復させることを学びました。 血液の再生が促進されます。","Seu corpo aprendeu a restaurar o sangue no corpo mais rapidamente após uma perda grave de sangue. Regeneração sanguínea acelerada.","你的身体已经学会了在严重失血后更快地恢复体内的血液。 血液再生加速。",
"STR_TERJEPERK_IMMTY_DURABLELEATHER","Iron Skin","Iron Skin","Železná kůže","Eisenhaut","Железная кожа","Żelazna skóra","Vas bőr","Pelle di ferro","Piel de hierro","Peau de Fer","厚臉皮","鉄の皮","Pele de ferro","铁皮,铁皮",
"STR_TERJEPERK_IMMTY_DURABLELEATHER_DES","Your body has adapted to mechanical damage, so you get fewer cuts. Improved skin strength and increased healing ability make you less vulnerable to sharp injures.","Your body has adapted to mechanical damage, so you get fewer cuts. Improved skin strength and increased healing ability make you less vulnerable to sharp injures.","Vaše tělo se přizpůsobilo mechanickému poškození, takže získáte méně řezů. Zlepšená pevnost pokožky a zvýšená schopnost hojení vás činí méně zranitelnými vůči ostrým předmětům.","Ihr Körper hat sich an mechanische Beschädigungen angepasst, wodurch Sie weniger Schnitte bekommen. Die verbesserte Festigkeit der Haut und die erhöhte Heilfähigkeit machen Sie weniger anfällig für scharfe Gegenstände.","Ваше тело адаптировалось к механическим повреждениям, благодаря чему вы получаете меньше порезов. Улучшенная прочность кожи и повышенная способность к заживлению делают вас менее уязвимым к острым предметам.","Twoje ciało przystosowało się do uszkodzeń fizycznych, dzięki czemu rzadziej się skaleczysz. Poprawiona wytrzymałość skóry i zwiększona zdolność gojenia sprawiają, że jesteś mniej podatny na ostre przedmioty.","A tested alkalmazkodott a mechanikai sérülésekhez, így kevesebb vágást kap. A fokozott bőrszilárdság és a megnövekedett gyógyító képesség miatt kevésbé érzékeny az éles tárgyakra.","Il tuo corpo si è adattato ai danni meccanici in modo da ottenere meno tagli. Una maggiore forza della pelle e una maggiore capacità di guarigione ti rendono meno vulnerabile agli oggetti appuntiti.","Su cuerpo se ha Adaptado al daño mecánico, lo que le hace sufrir menos cortes. La resistencia mejorada de la piel y el aumento de la capacidad de curación lo hacen menos vulnerable a los objetos afilados.","Votre corps s'est adapté aux dommages mécaniques, vous recevez donc moins de coupures. Une meilleure résistance de la peau et une capacité de guérison accrue vous rendent moins vulnérable aux blessures coupantes.","你的身體已經適應了機械性損傷，因此你會減少受傷。皮膚強度的提升和癒合能力的增強，使你對尖銳傷害的抵抗力更強。","あなたの体は機械的損傷に適応しているので、カットが少なくなります。 改善された皮の強さおよび高められた治療の能力は鋭い目的により少なく傷つきやすくさせます。","Seu corpo se adaptou a danos mecânicos, fazendo com que você tenha menos cortes. A força melhorada da pele e o aumento da capacidade de cura tornam você menos vulnerável a objetos pontiagudos.","你的身体已经适应了机械损伤，所以你得到更少的削减。 改善的皮肤强度和增加的愈合能力使你不那么容易受到尖锐的物体。",
"STR_TERJESKILL_IMMUNITY_NAME","IMMUNITY","IMMUNITY","IMUNITA","IMMUNITäT","ИММУНИТЕТ","ODPORNOŚĆ","mentesség","IMMUNITA","INMUNIDAD","IMMUNITÉ","免疫","イミュニティ","IMUNIDADE","免疫",
"STR_TERJEPERK_MED_SURGERYSTABWOUND","Stab Wounds Surgery","Stab Wounds Surgery","Operace bodných ran","Stichwundenchirurgie","Хирургия колотых ран","Chirurgia ran kłutych","Szúrt Seb Sebészet","Chirurgia delle ferite da puntura","Cirugía de heridas punzantes","Chirurgie des Blessures par Arme Blanche","刺傷手術","刺し傷の手術","Cirurgia de punção","刺伤手术",
"STR_TERJEPERK_MED_SURGERYSTABWOUND_DES","You increase the chance of successfully sewing up a stab wound with a surgical kit.","You increase the chance of successfully sewing up a stab wound with a surgical kit.","Zvyšujete šanci na úspěšné zašití bodné rány pomocí chirurgické sady.","Sie erhöhen die Chance, eine Stichwunde mit einem chirurgischen Kit erfolgreich zu nähen.","Вы увеличиваете шанс успешно зашить колотую рану с помощью хирургического набора.","Zwiększasz szansę na pomyślne zszycie rany kłutej za pomocą zestawu chirurgicznego.","Növeli annak esélyét, hogy sikeresen varrjon egy szúrt sebet egy műtéti készlettel.","Aumenti le possibilità di ricucire con successo una ferita da puntura con un kit chirurgico.","Aumenta la posibilidad de suturar con éxito una herida punzante con un kit quirúrgico.","Vous augmentez les chances de recoudre avec succès une blessure par arme blanche avec un kit chirurgical.","你提高了使用外科手術包縫合刺傷的成功機率。","あなたは手術キットで穿刺傷をうまく縫う可能性を高めます。","Você aumenta a chance de suturar com sucesso uma ferida esfaqueada com um kit cirúrgico.","你增加了用手术包成功缝合穿刺伤口的机会。",
"STR_TERJEPERK_MED_SURGERYBULLETWOUND","Bullet Wounds Surgery","Bullet Wounds Surgery","Operace střelných ran","Einschusswundenchirurgie","Хирургия пулевых ран","Chirurgia ran postrzałowych","Sebészet golyó sebek","Chirurgia delle ferite da proiettile","Cirugía de heridas de bala","Chirurgie des Blessures par Balle","槍傷手術","弾丸の傷の手術","Cirurgia de feridas de bala","子弹伤的手术",
"STR_TERJEPERK_MED_SURGERYBULLETWOUND_DES","You increase the chance of successfully removing a bullet from the body with a surgical kit.","You increase the chance of successfully removing a bullet from the body with a surgical kit.","Zvyšujete šanci na úspěšné vyjmutí kulky z těla pomocí chirurgické sady.","Sie erhöhen die Chance, eine Kugel erfolgreich mit einem chirurgischen Kit aus dem Körper zu entfernen.","Вы увеличиваете шанс на успешное извлечение пули из тела с помощью хирургического набора.","Zwiększasz szansę na skuteczne usunięcie pocisku z ciała za pomocą zestawu chirurgicznego.","Növeli annak esélyét, hogy műtéti készlettel sikeresen eltávolítson egy golyót a testből.","Aumenti le possibilità di estrarre con successo il proiettile dal corpo con un kit chirurgico.","Aumenta las posibilidades de extraer con éxito una bala del cuerpo con un kit quirúrgico.","Vous augmentez les chances de retirer avec succès une balle du corps avec un kit chirurgical.","你提高了使用外科手術包成功取出子彈的機會。","あなたは外科用キットで体から弾丸をうまく取り除く可能性を高めます。","Você aumenta a chance de extrair com sucesso uma bala do corpo com um kit cirúrgico.","你增加了用手术包成功从体内取出子弹的机会。",
"STR_TERJEPERK_MED_SURGERYINTERNAL","Internal Organs Surgery","Internal Organs Surgery","Operace vnitřních orgánů","Innere Organchirurgie","Хирургия внутренних органов","Chirurgia narządów wewnętrznych","A belső szervek műtéte","Chirurgia degli organi interni","Cirugía de órganos internos","Chirurgie des Organes Internes","內臟手術","内臓の手術","Cirurgia de órgãos internos","内脏手术",
"STR_TERJEPERK_MED_SURGERYINTERNAL_DES","You increase the chance of successful surgery if internal organs are damaged. Thanks to your deep knowledge of anatomy and fine work with vital structures, you effectively cope with the most dangerous internal injuries.","You increase the chance of successful surgery if internal organs are damaged. Thanks to your deep knowledge of anatomy and fine work with vital structures, you effectively cope with the most dangerous internal injuries.","Zvýšíte šanci na úspěšnou operaci při poškození vnitřních orgánů. Díky hlubokým znalostem anatomie a jemné práci s životně důležitými strukturami se efektivně vyrovnáváte s nejnebezpečnějšími vnitřními zraněními.","Sie erhöhen die Chance auf eine erfolgreiche Operation bei Schäden an inneren Organen. Dank der tiefen Kenntnisse der Anatomie und der feinen Arbeit mit lebenswichtigen Strukturen können Sie effektiv mit den gefährlichsten inneren Verletzungen umgehen.","Вы повышаете шанс на успешную операцию при повреждении внутренних органов. Благодаря глубоким знаниям анатомии и тонкой работе с жизненно важными структурами, вы эффективно справляетесь с самыми опасными внутренними травмами.","Zwiększasz szansę na udaną operację urazów wewnętrznych. Dzięki dogłębnej znajomości anatomii i delikatnemu obchodzeniu się z ważnymi strukturami, skutecznie radzisz sobie z najbardziej niebezpiecznymi urazami wewnętrznymi.","Növeli a sikeres műtét esélyét, ha a belső szervek megsérülnek. Az anatómia mély ismereteinek és a létfontosságú struktúrákkal végzett finom munkának köszönhetően hatékonyan megbirkózik a legveszélyesebb belső sérülésekkel.","Aumenti le possibilità di un intervento chirurgico di successo se gli organi interni sono danneggiati. Con una profonda conoscenza dell'anatomia e un lavoro raffinato con strutture vitali, Gestisci efficacemente le lesioni interne più pericolose.","Aumenta las posibilidades de una cirugía exitosa si se dañan los órganos internos. A través de un profundo conocimiento de la anatomía y un trabajo fino con estructuras vitales, puede hacer frente de manera efectiva a las lesiones internas más peligrosas.","Vous augmentez les chances de réussir une chirurgie si les organes internes sont endommagés. Grâce à vos connaissances approfondies en anatomie et à un travail précis sur les structures vitales, vous gérez efficacement les blessures internes les plus dangereuses.","你提高了內臟受損時手術成功的機率。得益於你對解剖學的深刻理解和對重要結構的精細操作，你能夠有效應對最危險的內部傷害。","内臓が損傷している場合は、手術が成功する可能性が高くなります。 解剖学の深い知識と重要な構造を使った細かい作業のおかげで、最も危険な内部傷害に効果的に対処できます。","Você aumenta a chance de uma operação bem-sucedida em caso de danos aos órgãos internos. Com um profundo conhecimento de anatomia e um fino trabalho com estruturas vitais, você lida efetivamente com os mais perigosos traumas internos.","如果内脏器官受损,手术成功的机会就会增加. 由于您对解剖学的深入了解和对重要结构的精细工作，您可以有效地应对最危险的内伤。",
"STR_TERJEPERK_MED_CLEANLINESS","Cleanliness and Sterility","Cleanliness and Sterility","Čistota a sterilita","Reinheit und Sterilität","Чистота и стерильность","Czystość i sterylność","Tisztaság és sterilitás","Pulizia e sterilità","Pureza y esterilidad","Propreté et Stérilité","清潔和無菌","清潔さと無菌性","Limpeza e esterilidade","清洁及无菌",
"STR_TERJEPERK_MED_CLEANLINESS_DES","You reduce the chance of getting an infection into the wound. Careful observance of hygiene rules and the use of sterile instruments allows you to minimize the risk of infection during operations.","You reduce the chance of getting an infection into the wound. Careful observance of hygiene rules and the use of sterile instruments allows you to minimize the risk of infection during operations.","Snižujete šanci dostat infekci do rány. Pečlivé dodržování hygienických pravidel a používání sterilních nástrojů vám umožní minimalizovat riziko infekce během operací.","Sie verringern die Chance, eine Infektion in die Wunde zu bringen. Durch die sorgfältige Einhaltung der Hygienevorschriften und die Verwendung steriler Instrumente können Sie das Infektionsrisiko während der Operationen minimieren.","Вы уменьшаете шанс занести инфекцию в рану. Тщательное соблюдение правил гигиены и использование стерильных инструментов позволяет вам минимизировать риск заражения во время проведения операций.","Zmniejszasz ryzyko zakażenia rany. Przestrzeganie zasad higieny i używanie sterylnych narzędzi minimalizuje ryzyko infekcji podczas operacji.","Csökkenti annak esélyét, hogy fertőzés kerüljön a sebbe. A higiéniai szabályok gondos betartása és a steril eszközök használata lehetővé teszi a fertőzés kockázatának minimalizálását a műveletek során.","Riduci la possibilità di portare un'infezione nella ferita. Un'attenta igiene e l'uso di strumenti sterili consentono di ridurre al minimo il rischio di infezione durante gli interventi chirurgici.","Reduce la posibilidad de introducir la infección en la herida. El cuidado de la higiene y el uso de instrumentos estériles le permiten minimizar el riesgo de infección durante las operaciones.","Vous réduisez les risques de contracter une infection dans la plaie. Le respect attentif des règles d'hygiène et l'utilisation d'instruments stériles vous permettent de minimiser le risque d'infection pendant les opérations.","您減少了傷口感染的機會。嚴格遵守衛生規則並使用無菌器械可以最大限度地降低手術期間感染的風險。","あなたは傷に感染する可能性を減らします。 衛生規則の慎重な遵守と滅菌器具の使用により、手術中の感染のリスクを最小限に抑えることができます。","Você reduz a chance de infectar a ferida. A adesão cuidadosa às regras de higiene e o uso de ferramentas estéreis permitem que você minimize o risco de infecção durante as operações.","你减少了伤口感染的机会. 仔细遵守卫生规则和使用无菌仪器可以使您在手术过程中最大限度地减少感染的风险。",
"STR_TERJEPERK_MED_OWNERSHIPTOOLS","Medical Tools Ownership","Medical Tools Ownership","Vlastnictví nástrojů","Besitz von Werkzeugen","Владение инструментами","Opanowanie narzędzi","Eszközök tulajdonjoga","Proprietà degli strumenti","Posesión de herramientas","Maîtrise des Outils Médicaux","醫療工具掌握","ツールの所有権","Posse de ferramentas","醫療工具掌握",
"STR_TERJEPERK_MED_OWNERSHIPTOOLS_DES","You increase the durability of medical instruments. Thanks to the ability to handle equipment, you reduce their wear, prolonging their service life and ensuring more efficient use in critical situations.","You increase the durability of medical instruments. Thanks to the ability to handle equipment, you reduce their wear, prolonging their service life and ensuring more efficient use in critical situations.","Prodlužujete životnost lékařských nástrojů. Díky schopnosti zacházet s hardwarem snížíte jejich opotřebení, prodloužíte životnost a zajistíte efektivnější použití v kritických situacích.","Sie erhöhen die Langlebigkeit von medizinischen Instrumenten. Durch die Fähigkeit, Geräte zu handhaben, reduzieren Sie deren Verschleiß, verlängern die Lebensdauer und sorgen für eine effizientere Verwendung in kritischen Situationen.","Вы увеличиваете долговечность медицинских инструментов. Благодаря умению обращаться с оборудованием, вы снижаете их износ, продлевая срок службы и обеспечивая более эффективное использование в критических ситуациях.","Zwiększasz trwałość instrumentów medycznych. Wiedząc, jak obchodzić się ze sprzętem, zmniejszasz jego zużycie, wydłużasz jego żywotność i zapewniasz bardziej wydajne użytkowanie w krytycznych sytuacjach.","Növeli az orvosi műszerek tartósságát. A berendezések kezelésének képességének köszönhetően csökkenti a kopásukat, meghosszabbítja élettartamukat és hatékonyabb használatot biztosít kritikus helyzetekben.","Aumenti la longevità degli strumenti medici. Grazie alla capacità di maneggiare le apparecchiature, si riduce l'usura, prolungando la durata e garantendo un utilizzo più efficiente in situazioni critiche.","Aumenta la durabilidad de los instrumentos médicos. Gracias a la capacidad de manejar los equipos, reduce su desgaste, prolonga su vida útil y garantiza un uso más eficiente en situaciones críticas.","Vous augmentez la durabilité des instruments médicaux. Grâce à votre capacité à manipuler l'équipement, vous réduisez leur usure, prolongeant leur durée de vie et assurant une utilisation plus efficace dans les situations critiques.","您提高了醫療器材的耐用性。由於具有處理設備的能力，您可以減少設備的磨損，延長設備的使用壽命，並確保在關鍵情況下更有效地使用。","医療機器の耐久性を高めます。 装置を扱う機能のおかげで耐用年数を延長し、重大な状態のより有効な使用を保障する摩耗を減らす。","Você aumenta a longevidade dos instrumentos médicos. Graças à sua capacidade de manusear o equipamento, reduz o desgaste, prolonga a vida útil e permite uma utilização mais eficiente em situações críticas.","您增加医疗仪器的耐久性。 由于能够处理设备，您可以减少设备的磨损，延长设备的使用寿命，并确保在危急情况下更有效地使用设备。",
"STR_TERJEPERK_MED_PILLRECOGNITION","Pills Recognition","Pills Recognition","Rozpoznávání tablet","Erkennen von Tabletten","Распознование таблеток","Rozpoznawanie tabletek","Pill Felismerés","Riconoscimento delle compresse","Reconocimiento de pastillas","Reconnaissance des Comprimés","藥丸識別","ピル認識","Reconhecimento de comprimidos","药丸识别",
"STR_TERJEPERK_MED_PILLRECOGNITION_DES","Your extensive experience in pharmacology helps you to recognize drugs in tablets. Now the description of the pills will indicate their positive and negative effects. ","Your extensive experience in pharmacology helps you to recognize drugs in tablets. Now the description of the pills will indicate their positive and negative effects. ","Vaše bohaté zkušenosti s farmakologií vám pomohou rozpoznat léky v tabletách. Nyní budou v popisu pilulek uvedeny jejich pozitivní a negativní účinky. ","Ihre reiche Erfahrung in der Pharmakologie hilft Ihnen, Medikamente in Tabletten zu erkennen. Die Beschreibung der Tabletten zeigt nun ihre positiven und negativen Auswirkungen an. ","Ваш богатый опыт в фармакологии помагает вам распознавать лекарственные препараты в таблетках. Теперь в описании таблеток будут указаны их положительные и отрицательные эффекты. ","Bogate doświadczenie w dziedzinie farmakologii pomaga ci rozpoznawać leki w tabletkach. Opis tabletek będzie teraz zawierał ich pozytywne i negatywne skutki.","A farmakológiában szerzett széles körű tapasztalata segít felismerni a tablettákat tartalmazó gyógyszereket. Most a tabletták leírása jelzi azok pozitív és negatív hatásait. ","La tua ricca esperienza in farmacologia ti aiuta a riconoscere i farmaci in compresse. Ora la descrizione delle pillole indicherà i loro effetti positivi e negativi. ","Su amplia experiencia en farmacología le ayuda a reconocer los medicamentos en tabletas. Ahora, la descripción de las tabletas indicará sus efectos positivos y negativos. ","Votre vaste expérience en pharmacologie vous aide à reconnaître les médicaments en comprimés. Désormais, la description des comprimés indiquera leurs effets positifs et négatifs.","您在藥理學方面的豐富經驗有助於您識別藥片中的藥物。現在藥丸的描述將顯示它們的正面和負面作用。","薬理学における豊富な経験は、錠剤中の薬物を認識するのに役立ちます。 今、丸薬の説明は、それらの正と負の効果を示します。 ","A sua vasta experiência em farmacologia ajuda-o a reconhecer medicamentos em comprimidos. Agora, a descrição dos comprimidos indicará seus efeitos positivos e negativos. ","您在药理学方面的丰富经验可帮助您识别片剂中的药物。 现在药丸的描述将表明它们的正面和负面影响。 ",
"STR_TERJEPERK_MED_BRINGINGLIFE","Cardiopulmonary Resuscitation","Cardiopulmonary Resuscitation","Kardiopulmonální resuscitace","Herz-Lungen-Reanimation","Сердечно-лёгочная реанимация","Resuscytacja krążeniowo-oddechowa","Cardiopulmonalis újraélesztés","Alesime/rcp","Reanimación cardiopulmonar","Réanimation Cardiopulmonaire","心肺復甦","心肺蘇生法","Reanimação cardiopulmonar","心肺复苏",
"STR_TERJEPERK_MED_BRINGINGLIFE_DES","You have learned how to quickly bring a person out of unconsciousness. Thanks to your first aid skills and knowledge of effective resuscitation methods, you will quickly stabilize the injured and bring them back to consciousness at critical moments.","You have learned how to quickly bring a person out of unconsciousness. Thanks to your first aid skills and knowledge of effective resuscitation methods, you will quickly stabilize the injured and bring them back to consciousness at critical moments.","Naučili jste se rychle dostat člověka z bezvědomí. Díky svým dovednostem první pomoci a znalosti účinných resuscitačních technik rychleji stabilizujete postižené a v kritických chvílích je vracíte k vědomí.","Sie haben gelernt, eine Person schnell aus dem bewusstlosen Zustand zu bringen. Dank Ihrer Erste-Hilfe-Fähigkeiten und Ihres Wissens über effektive Reanimationstechniken stabilisieren Sie die Betroffenen schneller und bringen sie in kritischen Momenten wieder zum Bewusstsein zurück.","Вы научились быстро выводить человека из бессознательного состояния. Благодаря своим навыкам первой помощи и знанию эффективных методов реанимации, вы быстрее стабилизируете пострадавших и возвращаете их к сознанию в критические моменты.","Nauczyłeś się, jak szybko wyprowadzić poszkodowanego z nieprzytomności. Dzięki umiejętnościom udzielania pierwszej pomocy i znajomości skutecznych technik resuscytacji szybciej stabilizujesz poszkodowanych i przywracasz im przytomność w krytycznych momentach.","Megtanultad, hogyan lehet gyorsan kihozni az embert az eszméletlenségből. Az elsősegélynyújtási készségeknek és a hatékony újraélesztési módszerek ismeretének köszönhetően gyorsan stabilizálhatja a sérülteket, és kritikus pillanatokban visszahozza őket a tudatba.","Hai imparato a rimuovere rapidamente una persona dall'incoscienza. Con le tue capacità di primo soccorso e la conoscenza di tecniche di rianimazione efficaci, stabilizzi le persone colpite più rapidamente e le rimetti coscienti nei momenti critici.","Aprendiste a sacar rápidamente a una persona de la inconsciencia. Con sus habilidades de primeros auxilios y su conocimiento de técnicas efectivas de reanimación, estabiliza a las víctimas más rápido y las devuelve a la conciencia en momentos críticos.","Vous avez appris à ranimer rapidement une personne inconsciente. Grâce à vos compétences de premiers secours et à votre connaissance des méthodes de réanimation efficaces, vous stabiliserez rapidement les blessés et les ramènerez à la conscience dans les moments critiques.","你已經學會了如何快速地把一個人從無意識中帶出來。 由于您的急救技能和有效複蘇方法的知識，您將迅速穩定受傷者，並在關鍵時刻使他們恢複意識。","あなたはすぐに人を無意識から引き出す方法を学びました。 あなたの応急処置のスキルと効果的な蘇生法の知識のおかげで、あなたはすぐに負傷者を安定させ、重要な瞬間に意識に戻すでしょう。","Você aprendeu a tirar rapidamente uma pessoa do Estado de inconsciência. Com suas habilidades de primeiros socorros e conhecimento de técnicas eficazes de ressuscitação, você estabiliza as vítimas mais rapidamente e as traz de volta à consciência em momentos críticos.","你已经学会了如何快速地把一个人从无意识中带出来。 由于您的急救技能和有效复苏方法的知识，您将迅速稳定受伤者，并在关键时刻使他们恢复意识。",
"STR_TERJEPERK_MED_AMPOULERECOGNITION","Ampoule Recognition","Ampoule Recognition","Rozpoznání ampulí","Ampullen erkennen","Распознование ампул","Rozpoznawanie ampułek","Ampulla felismerés","Riconoscimento delle fiale","Reconocimiento de ampollas","Reconnaissance des Ampoules","安瓿識別","アンプル認識","Reconhecimento de ampolas","安瓿识别",
"STR_TERJEPERK_MED_AMPOULERECOGNITION_DES","Your extensive experience in pharmacology helps you to recognize medicines in ampoules. Now the description of the ampoules will indicate their positive and negative effects. ","Your extensive experience in pharmacology helps you to recognize medicines in ampoules. Now the description of the ampoules will indicate their positive and negative effects. ","Vaše bohaté zkušenosti s farmakologií vám pomohou rozpoznat léky v ampulích. Nyní budou v popisu ampulí uvedeny jejich pozitivní a negativní účinky. ","Ihre reiche Erfahrung in der Pharmakologie hilft Ihnen, Medikamente in Ampullen zu erkennen. Die Beschreibung der Ampullen zeigt nun ihre positiven und negativen Auswirkungen an. ","Ваш богатый опыт в фармакологии помагает вам распознавать лекарственные препараты в ампулах. Теперь в описании ампул будут указаны их положительные и отрицательные эффекты. ","Bogate doświadczenie w dziedzinie farmakologii pomaga w rozpoznawaniu leków w ampułkach. Opis ampułek będzie teraz zawierał ich pozytywne i negatywne skutki. ","A farmakológiában szerzett széles körű tapasztalata segít felismerni az ampullákban lévő gyógyszereket. Most az ampullák leírása jelzi azok pozitív és negatív hatásait. ","La tua ricca esperienza in farmacologia ti aiuta a riconoscere i farmaci in fiale. Ora la descrizione delle fiale indicherà i loro effetti positivi e negativi. ","Su amplia experiencia en farmacología le ayuda a reconocer los medicamentos en ampollas. Ahora, la descripción de las ampollas indicará sus efectos positivos y negativos. ","Votre vaste expérience en pharmacologie vous aide à reconnaître les médicaments en ampoules. Désormais, la description des ampoules indiquera leurs effets positifs et négatifs.","您在藥理學方面的豐富經驗可以幫助您識別安瓿瓶中的藥物。現在安瓿的描述將顯示其正面和負面作用。","薬理学における豊富な経験は、アンプル内の薬を認識するのに役立ちます。 今、アンプルの説明は、それらの正と負の効果を示します。 ","A sua vasta experiência em farmacologia ajuda-o a reconhecer medicamentos em ampolas. Agora, a descrição dos frascos indicará seus efeitos positivos e negativos. ","您在药理学方面的丰富经验可以帮助您识别安瓿中的药物。 现在安瓿的描述将表明它们的积极和消极影响。 ",
"STR_TERJEPERK_MED_INJECTORRECOGNITION","Injectors Recognition","Injectors Recognition","Rozpoznávání injektorů","Erkennen von Injektoren","Распознование инъекторов","Rozpoznawanie injectora","Az injektorok elismerése","Riconoscimento degli iniettori","Reconocimiento de inyectores","Reconnaissance des Injecteurs","注射器識別","インジェクターの認識","Reconhecimento de injetores","识别喷油器",
"STR_TERJEPERK_MED_INJECTORRECOGNITION_DES","Your extensive experience in pharmacology helps you to recognize drugs in injectors. Now the description of the injectors will indicate their positive and negative effects. ","Your extensive experience in pharmacology helps you to recognize drugs in injectors. Now the description of the injectors will indicate their positive and negative effects. ","Vaše bohaté zkušenosti s farmakologií vám pomohou rozpoznat léky v inektorech. Nyní budou v popisu iniektorů uvedeny jejich pozitivní a negativní účinky. ","Ihre reiche Erfahrung in der Pharmakologie hilft Ihnen, Arzneimittel in Injektoren zu erkennen. Die Beschreibung der Injektoren zeigt nun ihre positiven und negativen Auswirkungen an. ","Ваш богатый опыт в фармакологии помагает вам распознавать лекарственные препараты в иньекторах. Теперь в описании иньекторов будут указаны их положительные и отрицательные эффекты. ","Bogate doświadczenie w dziedzinie farmakologii pomaga w rozpoznawaniu produktów leczniczych we injectorach. Opis injectorów będzie teraz zawierał ich pozytywne i negatywne skutki. ","A farmakológiában szerzett széles körű tapasztalata segít felismerni a gyógyszereket az injektorokban. Most az injektorok leírása jelzi azok pozitív és negatív hatásait. ","La tua ricca esperienza in farmacologia ti aiuta a riconoscere i farmaci negli iniettori. Ora la descrizione degli iniettori indicherà i loro effetti positivi e negativi. ","Su amplia experiencia en farmacología le ayuda a reconocer los medicamentos en los inyectores. Ahora, la descripción de los inyectores indicará sus efectos positivos y negativos. ","Votre vaste expérience en pharmacologie vous aide à reconnaître les médicaments dans les injecteurs. Désormais, la description des injecteurs indiquera leurs effets positifs et négatifs.","您在藥理學方面的豐富經驗可以幫助您識別注射器中的藥物。現在，注射器的描述將顯示其正面和負面影響。","薬理学のあなたの広範な経験は注入器の薬剤を確認するのを助けます。 ここで、インジェクタの説明は、それらの正と負の効果を示します。 ","Sua vasta experiência em farmacologia pode ajudá-lo a reconhecer medicamentos em injetores. Agora, a descrição dos injetores indicará seus efeitos positivos e negativos. ","您在药理学方面的丰富经验可以帮助您识别注射器中的药物。 现在对喷射器的描述将表明它们的正面和负面影响。 ",
"STR_TERJEPERK_MED_PHARMACOLOGIST","Improved Drugs","Improved Drugs","Vylepšené léky","Verbesserte Medikamente","Улучшенные препараты","Ulepszone leki","Javított gyógyszerek","Farmaci migliorati","Medicamentos mejorados","Médicaments Améliorés","改良藥物","改善された薬","Medicamentos melhorados","改良药物",
"STR_TERJEPERK_MED_PHARMACOLOGIST_DES","All medications last longer, giving you more time to recover and heal.","All medications last longer, giving you more time to recover and heal.","Všechny léky fungují déle, což vám dává více času na zotavení a léčbu.","Alle Medikamente wirken länger und geben Ihnen mehr Zeit, sich zu erholen und zu heilen.","Все медикаменты действуют дольше, давая вам больше времени для восстановления и лечения.","Wszystkie leki działają dłużej, dając więcej czasu na powrót do zdrowia i wyleczenie.","Minden gyógyszer hosszabb ideig tart, így több ideje van a gyógyulásra és a gyógyulásra.","Tutti i farmaci durano più a lungo, dandoti più tempo per recuperare e guarire.","Todos los medicamentos duran más tiempo, lo que le da más tiempo para recuperarse y curarse.","Tous les médicaments durent plus longtemps, vous donnant plus de temps pour récupérer et guérir.","所有藥物的效果都會持續更長的時間，讓您有更多的時間恢復和痊癒。","すべての薬は長持ちし、回復して治癒する時間が長くなります。","Todos os medicamentos duram mais, dando-lhe mais tempo para se recuperar e tratar.","所有药物的使用寿命更长，给你更多的时间来恢复和愈合。",
"STR_TERJEPERK_MED_EXPERTANTIBIOTICS","Antibiotics Expert","Antibiotics Expert","Odborník na antibiotika","Antibiotikaexperte","Эксперт по антибиотикам","Ekspert ds. antybiotyków","Az antibiotikumok szakértője","Esperto di antibiotici","Experto en antibióticos","Expert en Antibiotiques","抗生素專家","抗生物質の専門家","Especialista em antibióticos","抗生素专家",
"STR_TERJEPERK_MED_EXPERTANTIBIOTICS_DES","Increases the effectiveness of antibiotics by increasing their level by 1 and improving the body's protection against diseases.","Increases the effectiveness of antibiotics by increasing their level by 1 and improving the body's protection against diseases.","Zvyšuje účinnost antibiotik, zvyšuje jejich hladinu o 1 a zlepšuje ochranu těla před nemocemi.","Erhöht die Wirksamkeit von Antibiotika, erhöht ihr Niveau um 1 und verbessert den Schutz des Körpers vor Krankheiten.","Увеличивает эффективность антибиотиков, повышая их уровень на 1 и улучшая защиту организма от болезней.","Zwiększa skuteczność antybiotyków, podnosząc ich poziom o 1 i poprawiając obronę organizmu przed chorobami.","Növeli az antibiotikumok hatékonyságát azáltal, hogy 1-gyel növeli azok szintjét és javítja a szervezet betegségek elleni védelmét.","Aumenta l'efficacia degli antibiotici aumentando il loro livello di 1 e migliorando le difese del corpo contro le malattie.","Aumenta la efectividad de los antibióticos, aumentando su nivel en 1 y mejorando la defensa del cuerpo contra las enfermedades.","Augmente l'efficacité des antibiotiques en augmentant leur niveau de 1 et en améliorant la protection du corps contre les maladies.","將抗生素的等級提高 1，從而提高抗生素的有效性，並增強身體對疾病的抵抗力。","抗生物質のレベルを1増加させ、病気に対する身体の保護を改善することによって、抗生物質の有効性を高めます。","Aumenta a eficácia dos antibióticos, aumentando seus níveis em 1 e melhorando a proteção do corpo contra doenças.","通过将抗生素的水平提高1并改善身体对疾病的保护来增加抗生素的有效性。",
"STR_TERJEPERK_MED_MASTERDRESSING","Master of Dressing","Master of Dressing","Mistr obvazu","Meister des Verbandes","Мастер перевязки","Mistrz opatrunku","Az öltözködés mestere","Maestro di medicazione","Asistente de vendaje","Maître du Pansement","包紮大師","ドレッシングの達人","Mestre do curativo","包紮大師",
"STR_TERJEPERK_MED_MASTERDRESSING_DES","Your dexterous hands are able to stop bleeding quickly and effectively. Wound dressing takes less time, which increases your chances of survival in critical situations.","Your dexterous hands are able to stop bleeding quickly and effectively. Wound dressing takes less time, which increases your chances of survival in critical situations.","Vaše šikovné ruce dokážou rychle a efektivně zastavit krvácení. Obvazování ran trvá méně času, což zvyšuje vaše šance na přežití v kritických situacích.","Ihre geschickten Hände sind in der Lage, Blutungen schnell und effektiv zu stoppen. Die Wundverbandung dauert weniger Zeit, was Ihre Überlebenschancen in kritischen Situationen erhöht.","Ваши ловкие руки умеют быстро и эффективно останавливать кровотечение. Перевязка ран занимает меньше времени, что повышает ваши шансы на выживание в критических ситуациях.","Twoje zręczne dłonie wiedzą, jak szybko i skutecznie zatamować krwawienie. Opatrywanie ran zajmuje mniej czasu, zwiększając szanse na przeżycie w krytycznych sytuacjach.","Az ügyes kezek képesek gyorsan és hatékonyan megállítani a vérzést. A sebkötés kevesebb időt vesz igénybe, ami növeli a túlélési esélyeket kritikus helyzetekben.","Le tue mani abili sono in grado di fermare l'emorragia in modo rapido ed efficace. La medicazione delle ferite richiede meno tempo, il che aumenta le possibilità di sopravvivenza in situazioni critiche.","Sus manos ágiles son capaces de detener el sangrado de manera rápida y efectiva. La ligadura de heridas lleva menos tiempo, lo que aumenta sus posibilidades de sobrevivir en situaciones críticas.","Vos mains habiles sont capables d'arrêter les saignements rapidement et efficacement. Le bandage des plaies prend moins de temps, ce qui augmente vos chances de survie dans les situations critiques.","你靈巧的雙手能夠快速有效地止血。傷口包紮所需的時間較短，這增加了您在危急情況下生存的機會。","あなたの器用な手は、迅速かつ効果的に出血を止めることができます。 創傷包帯は、重大な状況での生存のあなたのチャンスを増加させる、より少ない時間がかかります。","Suas mãos ágeis são capazes de parar o sangramento de forma rápida e eficaz. O curativo leva menos tempo, o que aumenta suas chances de sobrevivência em situações críticas.","您灵巧的双手能够快速有效地止血。 伤口敷料需要更少的时间，这增加了你在危急情况下生存的机会。",
"STR_TERJEPERK_MED_SURGEON","Surgeon","Surgeon","Chirurg","Der Chirurg","Хирург","Chirurg","Sebész","Chirurgo","Cirujano","Chirurgien","外科醫生","外科医","Cirurgião","外科医生",
"STR_TERJEPERK_MED_SURGEON_DES","Your precise and confident movements allow you to perform operations at maximum speed. Surgical procedures take less time.","Your precise and confident movements allow you to perform operations at maximum speed. Surgical procedures take less time.","Vaše přesné a sebevědomé pohyby vám umožňují provádět operace maximální rychlostí. Chirurgické zákroky trvají méně času.","Ihre präzisen und sicheren Bewegungen ermöglichen es Ihnen, Operationen mit maximaler Geschwindigkeit durchzuführen. Chirurgische Eingriffe nehmen weniger Zeit in Anspruch.","Ваши точные и уверенные движения позволяют вам проводить операции с максимальной скоростью. Хирургические процедуры занимают меньше времени.","Precyzyjne i pewne ruchy pozwalają na wykonywanie operacji z maksymalną prędkością. Zabiegi chirurgiczne zajmują mniej czasu.","Pontos és magabiztos mozgása lehetővé teszi, hogy maximális sebességgel végezzen műveleteket. A műtéti eljárások kevesebb időt vesznek igénybe.","I tuoi movimenti precisi e sicuri ti consentono di eseguire operazioni alla massima velocità. Le procedure chirurgiche richiedono meno tempo.","Sus movimientos precisos y seguros le permiten realizar operaciones a la máxima velocidad. Los procedimientos quirúrgicos toman menos tiempo.","Vos mouvements précis et assurés vous permettent d'effectuer des opérations à la vitesse maximale. Les procédures chirurgicales prennent moins de temps.","您精準而自信的動作使您能夠以最快的速度執行操作。手術過程耗時較少。","あなたの精密で、確信した動きは操作を最高速度で行うことを可能にする。 外科的処置には時間がかかりません。","Seus movimentos precisos e confiantes permitem que você realize operações com velocidade máxima. Os procedimentos cirúrgicos demoram menos tempo.","您精确而自信的动作使您能够以最快的速度执行操作。 外科手术花费更少的时间。",
"STR_TERJEPERK_MED_IMMUNOMODULATOR","Immunomodulator","Immunomodulator","Imunomodulátor","Immunmodulator","Иммуномодулятор","Immunomodulator","Immunmodulátor","Immunomodulatore","Inmunomodulador","Immunomodulateur","免疫調節劑","免疫調節剤","Imunomodulador","免疫调节剂",
"STR_TERJEPERK_MED_IMMUNOMODULATOR_DES","Your body adapts perfectly to vaccination, prolonging its effect. Vaccines remain effective for longer, providing longer-lasting protection against infections.","Your body adapts perfectly to vaccination, prolonging its effect. Vaccines remain effective for longer, providing longer-lasting protection against infections.","Vaše tělo se dokonale přizpůsobí očkování a prodlouží jeho účinek. Vakcíny zůstávají účinné déle a poskytují delší ochranu před infekcemi.","Ihr Körper passt sich perfekt an die Impfung an und verlängert ihre Wirkung. Impfstoffe bleiben länger wirksam und bieten einen längeren Schutz vor Infektionen.","Ваш организм отлично адаптируется к вакцинации, продлевая её действие. Вакцины остаются эффективными дольше, обеспечивая более продолжительную защиту от инфекций.","Organizm dobrze przystosowuje się do szczepionki, przedłużając jej działanie. Szczepionki pozostają skuteczne dłużej, zapewniając dłuższą ochronę przed infekcjami.","A szervezet tökéletesen alkalmazkodik a vakcinázáshoz, meghosszabbítva annak hatását. A vakcinák hosszabb ideig hatékonyak maradnak, hosszabb ideig tartó védelmet nyújtanak a fertőzések ellen.","Il tuo corpo si adatta perfettamente alla vaccinazione, prolungandone l'effetto. I vaccini rimangono efficaci più a lungo, fornendo una protezione più duratura contro le infezioni.","Su cuerpo se adapta perfectamente a la vacunación, prolongando su efecto. Las vacunas siguen siendo efectivas por más tiempo, proporcionando una protección más duradera contra las infecciones.","Votre corps s'adapte parfaitement à la vaccination, prolongeant son effet. Les vaccins restent efficaces plus longtemps, offrant une protection durable contre les infections.","您的身體可以完全適應疫苗接種，從而延長其效果。疫苗的有效期更長，能夠提供更持久的感染預防保護。","あなたの体は予防接種に完全に適応し、その効果を延長します。 ワクチンは、感染症に対する長期的な保護を提供し、より長いために有効なままです。","Seu corpo se adapta perfeitamente à vacinação, prolongando sua ação. As vacinas permanecem eficazes por mais tempo, proporcionando proteção mais duradoura contra infecções.","你的身体完全适应疫苗接种，延长其效果。 疫苗有效的时间更长，提供更持久的预防感染的保护。",
"STR_TERJEPERK_MED_ANESTHESIOLOGIST","Anesthesiologist","Anesthesiologist","Anesteziolog","Anästhesist","Анестезиолог","Anestezjolog","Aneszteziológus","Anestesista","Anestesista","Anesthésiste","麻醉醫師","麻酔科医","Anestesista","麻醉师",
"STR_TERJEPERK_MED_ANESTHESIOLOGIST_DES","Your skills in using anesthetics are impeccable. Each pain medication provides an additional level of pain relief.","Your skills in using anesthetics are impeccable. Each pain medication provides an additional level of pain relief.","Vaše dovednosti v používání anestetik jsou bezchybné. Každý lék proti bolesti poskytuje další úroveň úlevy od bolesti.","Ihre Fähigkeiten bei der Verwendung von Betäubungsmitteln sind einwandfrei. Jedes Schmerzmittel bietet ein zusätzliches Maß an Schmerzlinderung.","Ваши навыки в использовании анестетиков безупречны. Каждый обезболивающий препарат обеспечивает дополнительный уровень обезболивания.","Twoje umiejętności w zakresie stosowania środków znieczulających są nienaganne. Każdy lek znieczulający zapewnia dodatkowy poziom ulgi w bólu.","Az anesztetikumok használata kifogástalan. Minden fájdalomcsillapító gyógyszer további fájdalomcsillapítást biztosít.","Le tue abilità nell'uso degli anestetici sono impeccabili. Ogni farmaco antidolorifico fornisce un ulteriore livello di sollievo dal dolore.","Sus habilidades en el uso de anestésicos son impecables. Cada medicamento para el dolor proporciona un nivel adicional de alivio del dolor.","Vos compétences dans l'utilisation des anesthésiques sont impeccables. Chaque médicament antidouleur fournit un niveau supplémentaire de soulagement de la douleur.","您使用麻醉劑的技術無可挑剔。每種止痛藥都能提供額外程度的疼痛緩解。","麻酔薬を使用する際のあなたのスキルは申し分のないものです。 各鎮痛剤は、追加のレベルの痛みの軽減を提供します。","Suas habilidades no uso de anestésicos são impecáveis. Cada medicamento analgésico fornece um nível adicional de alívio da dor.","你使用麻醉剂的技巧是无可挑剔的. 每种止痛药都能提供额外的止痛效果.",
"STR_TERJESKILL_MED_NAME","MEDICINE","MEDICINE","LÉK","MEDIZIN","МЕДИЦИНА","MEDYCYNA","GYÓGYSZER","MEDICINALE","MEDICAMENTO","MÉDECINE","藥物","薬","Medicina","药品",
"STR_TERJEMED_VAXICAM","Vaxicam","Vaxicam","Vaxikam","Vaxicam","Ваксикам","Vaxicam","Vaxicam","Vaxicam","Vaxicam","Vaxicam","Vaxicam","Vaxicam（ヴァクシカム）","Vaxicam","伐昔康",
"STR_TERJEMED_ZERIVAX","Zerivax","Zerivax","Zerivax","Zerivax","Зеривакс","Zerivax","Zerivax","Zerivax","Zerivax","Zerivax","Zerivax","ゼリバックス","Zerivax","泽里瓦克斯",
"STR_TERJEPERK_IMMTY_THICKBLOOD","Thick Blood","Thick Blood","Hustá krev","Dickes Blut","Густая кровь","Gęsta krew","Vastag vér","Sangue denso","Sangre espesa","Sang Épais","濃血","厚い血","Sangue espesso","厚厚的血",
"STR_TERJEPERK_IMMTY_THICKBLOOD_DES","Due to the increased viscosity of the blood, blood loss occurs more slowly, which gives you more time to stabilize your condition and apply medical care.","Due to the increased viscosity of the blood, blood loss occurs more slowly, which gives you more time to stabilize your condition and apply medical care.","Díky zvýšené viskozitě krve dochází k ztrátě krve pomaleji, což vám dává více času na stabilizaci stavu a použití lékařské péče.","Aufgrund der erhöhten Viskosität des Blutes treten Blutverluste langsamer auf, was Ihnen mehr Zeit gibt, den Zustand zu stabilisieren und medizinische Versorgung zu beantragen.","Благодаря повышенной вязкости крови, кровопотери происходят медленнее, что дает вам больше времени для стабилизации состояния и применения медицинской помощи.","Ze względu na zwiększoną lepkość krwi, utrata krwi jest wolniejsza, co daje więcej czasu na ustabilizowanie stanu i udzielenie pomocy medycznej.","A vér megnövekedett viszkozitása miatt a vérveszteség lassabban fordul elő, ami több időt biztosít az állapotának stabilizálására és az orvosi ellátás alkalmazására.","A causa dell'aumento della viscosità del sangue, la perdita di sangue si verifica più lentamente, il che ti dà più tempo per stabilizzare la condizione e applicare le cure mediche.","Debido a la mayor viscosidad de la sangre, la pérdida de sangre ocurre más lentamente, lo que le da más tiempo para estabilizar la condición y aplicar atención médica.","En raison de la viscosité accrue du sang, la perte de sang se produit plus lentement, ce qui vous donne plus de temps pour stabiliser votre état et appliquer des soins médicaux.","由於血液粘稠度的增加，失血速度變慢，這讓你有更多時間穩定情況並進行醫療處置。","血液の粘度が上昇するため、失血はよりゆっくりと起こり、状態を安定させ、医療を適用する時間が長くなります。","Devido ao aumento da viscosidade do sangue, a perda de sangue ocorre mais lentamente, o que lhe dá mais tempo para estabilizar a condição e aplicar cuidados médicos.","由于血液的粘度增加，失血发生得更慢，这使您有更多的时间来稳定病情并应用医疗护理。",
"STR_TERJEMED_EFFECT_OVERDOSE","OVERDOSE","OVERDOSE","PŘEDÁVKOVÁNÍ","ÜBERDOSIERUNG","ПЕРЕДОЗИРОВКА","PRZEDAWKOWANIE","Túladagolás","OVERDOSE","SOBREDOSIS","SURDOSAGE","藥物過量","過剰摂取","OVERDOSE","过量服用",
"STR_TERJEMED_EFFECT_BIOHAZARD","NERVE AGENT POISON","NERVE AGENT POISON","NERVOVĚ PARALYTICKÝ JED","NERVENGIFT","НЕРВНО-ПАРАЛИТИЧЕСКИЙ ЯД","TRUCIZNA NERWOWA","IDEGMÉREG MÉREG","VELENO NERVINO","VENENO NEUROTÓXICO","EMPOISONNEMENT PAR AGENT NERVEUX","神經毒劑","神経剤毒","VENENO NERVOSO","神经毒剂毒药",
"STR_TERJEMED_EFFECT_PAINKILLER","PAINKILLER","PAINKILLER","LÉK PROTI BOLESTI","SCHMERZMITTEL","БОЛЕУТОЛЯЮЩЕЕ","ŚRODEK PRZECIWBÓLOWY","FÁJDALOMCSILLAPÍTÓ","ANTIDOLORIFICO","ANALGÉSICO","ANTALGIQUE","止痛藥","鎮痛剤","NÍVEIS DE ALÍVIO DA DOR","止痛药",
"STR_TERJEMED_EFFECT_ANTIPOISON","FOOD POISONING","FOOD POISONING","OTRAVY JÍDLEM","LEBENSMITTELVERGIFTUNG","ПИЩЕВОГО ОТРАВЛЕНИЯ","ZATRUĆ POKARMOWYCH","ÉTELMÉRGEZÉS","INTOSSICAZIONE ALIMENTARE","INTOXICACIÓN ALIMENTARIA","L'INTOXICATION ALIMENTAIRE","食物中毒","食中毒","INTOXICAÇÃO ALIMENTAR","食物中毒的",
"STR_TERJEMED_EFFECT_ANTIBIOHAZARD","BIO HAZARD POISONING","BIO HAZARD POISONING","OTRAVY TOXINY","TOXINVERGIFTUNG","ОТРАВЛЕНИЯ ТОКСИНАМИ","ZATRUĆ TOKSYCZNYCH","MÉRGEZÉS TOXINOK","AVVELENAMENTO DA TOSSINE","ENVENENAMIENTO POR TOXINAS","L'EMPOISONNEMENT BIOLOGIQUE","生物危害中毒","毒素による中毒の","ENVENENAMENTO POR TOXINAS","毒素中毒的",
"STR_TERJEMED_EFFECT_ANTIBIOTIC","ANTIBIOTIC","ANTIBIOTIC","ANTIBIOTICKÁ","ANTIBIOTIKUM","АНТИБИОТИК","ANTYBIOTYKU","ANTIBIOTIKUM","ANTIBIOTICO","ANTIBIÓTICO","ANTIBIOTIQUE","抗生素","抗生物質","ANTIBIÓTICO","抗生素",
"STR_TERJEMED_EFFECT_ZANTIDOT","ZOMBIE VIRUS ANTIDOTE","ZOMBIE VIRUS ANTIDOTE","PROTIJED VIRU ZOMBIE","GEGENMITTEL GEGEN ZOMBIE-VIRUS","ПРОТИВОЯДИЕ ОТ ЗОМБИ-ВИРУСА","ANTIDOTUM NA WIRUSA ZOMBIE","A ZOMBI VÍRUS ELLENSZERE","ANTIDOTO DEL VIRUS ZOMBIE","ANTÍDOTO DEL VIRUS ZOMBIE","ANTIDOTE AU VIRUS ZOMBIE","殭屍病毒解藥","ゾンビウイルスの解毒剤","ANTÍDOTO DO VÍRUS ZOMBIE","僵尸病毒的解毒剂",
"STR_TERJEMED_EFFECT_ANTISEPSIS","SEPSIS","SEPSIS","SEPSE","SEPSIS","СЕПСИСА","SEPSY","SZEPSZIS","SEPSI","LA SEPSIS","TRAITEMENT DE LA SEPTICÉMIE","敗血症","敗血症","SEPSE","败血症",
"STR_TERJEMED_EFFECT_CONTUSIONCURE","CONCUSSION","CONCUSSION","KONTUZE","GEHIRNERSCHÜTERUNG","КОНТУЗИИ","WSTRZĄSU MÓZGU","AGYRÁZKÓDÁS","CONTUSIONE","LA CONTUSIÓN","LA COMMOTION CÉRÉBRALE","腦震蕩","脳震盪","CONCUSSÃO","脑震荡",
"STR_TERJEMED_EFFECT_HEMOSTATIC","HEMOSTATIC EFFECT","HEMOSTATIC EFFECT","HEMOSTATICKÝ EFEKT","HÄMOSTATISCHER EFFEKT","ГЕМОСТАТИЧЕСКИЙ ЭФФЕКТ","EFEKT HEMOSTATYCZNY","HEMOSZTATIKUS HATÁS","EFFETTO EMOSTATICO","EFECTO HEMOSTÁTICO","EFFET HÉMOSTATIQUE","止血效果","止血効果","EFEITO HEMOSTÁTICO","止血效果",
"STR_TERJEMED_EFFECT_BLOODREGEN","BLOOD REGENERATION","BLOOD REGENERATION","REGENERACE KRVE","BLUTREGENERATION","РЕГЕНЕРАЦИЯ КРОВИ","REGENERACJA KRWI","VÉRREGENERÁCIÓ","RIGENERAZIONE DEL SANGUE","REGENERACIÓN DE LA SANGRE","RÉGÉNÉRATION DU SANG","血液再生","血液再生","REGENERAÇÃO DO SANGUE","血液再生",
"STR_TERJEMED_EFFECT_HEMATOMA","BRUISES","BRUISES","MODŘIN","PRELLUNGEN","УШИБОВ","SINIAKÓW","ZÚZÓDÁSOK","CONTUSIONI","MORETONES","ECCHYMOSES","瘀傷","あざの","CONTUSÕES","瘀伤",
"STR_TERJEMED_EFFECT_ADRENALIN","ADRENALINE","ADRENALINE","ADRENALIN","ADRENALIN","АДРЕНАЛИН","ADRENALINA","Adrenalin","ADRENALINA","ADRENALINA","ADRÉNALINE","腎上腺素","アドレナリン","ADRENALINA","肾上腺素",
"STR_TERJEMED_EFFECT_ANTIDEPRESANT","ANTIDEPRESSANT","ANTIDEPRESSANT","ANTIDEPRESÍVUM","ANTIDEPRESSIVUM","АНТИДЕПРЕССАНТ","ANTYDEPRESYJNY","ANTIDEPRESSZÁNS","ANTIDEPRESSIVO","ANTIDEPRESIVO","ANTIDÉPRESSEUR","抗憂鬱藥物","抗うつ薬","ANTIDEPRESSIVO","抗抑郁",
"STR_TERJEMED_EFFECT_INFVACINE","FLU VACCINE","FLU VACCINE","VAKCÍNA PROTI CHŘIPCE","GRIPPEIMPFSTOFF","ВАКЦИНА ОТ ГРИППА","SZCZEPIONKA PRZECIW GRYPIE","AZ INFLUENZA ELLENI VAKCINA","VACCINO ANTINFLUENZALE","VACUNA CONTRA LA GRIPE","VACCIN CONTRE LA GRIPPE","流感疫苗","インフルエンザワクチン","VACINA CONTRA A GRIPE","流感疫苗",
"STR_TERJEMED_EFFECT_ZEDVACINE","ZOMBIE VIRUS VACCINE","ZOMBIE VIRUS VACCINE","VAKCÍNA PROTI VIRU ZOMBIE","ZOMBIE-VIRUS-IMPFSTOFF","ВАКЦИНА ПРОТИВ ЗОМБИ-ВИРУСА","SZCZEPIONKA PRZECIWKO WIRUSOWI ZOMBIE","ZOMBI VÍRUS VAKCINA","VACCINO CONTRO IL VIRUS ZOMBIE","VACUNA CONTRA EL VIRUS ZOMBIE","VACCIN CONTRE LE VIRUS ZOMBIE","殭屍病毒疫苗","ゾンビウイルスワクチン","VACINA CONTRA O VÍRUS ZOMBIE","僵尸病毒疫苗",
"STR_TERJEMED_EFFECT_RABIESCURE","RABIES","RABIES","VZTEKLINY","TOLLWUTBEHANDLUNG","БЕШЕНСТВА","WŚCIEKLIZNY","VESZETTSÉG","RABBIA","LA RABIA","LA RAGE","狂犬病","狂犬病","RAIVA","狂犬病",
"STR_TERJEMED_EFFECT_RABIESVACCINE","RABIES VACCINE","RABIES VACCINE","VAKCÍNA PROTI VZTEKLINĚ","TOLLWUT-IMPFSTOFF","ВАКЦИНА ОТ БЕШЕНСТВА","SZCZEPIONKA PRZECIW WŚCIEKLIŹNIE","VESZETTSÉG ELLENI VAKCINA","VACCINO CONTRO LA RABBIA","VACUNA CONTRA LA RABIA","VACCIN CONTRE LA RAGE","狂犬病疫苗","狂犬病ワクチン","VACINA CONTRA A RAIVA","狂犬病疫苗",
"STR_TERJEMED_EFFECT_IMMUNGAIN","STRENGTHENING THE IMMUNE SYSTEM","STRENGTHENING THE IMMUNE SYSTEM","POSÍLENÍ IMUNITY","STÄRKUNG DER IMMUNITÄT","УКРЕПЛЕНИЕ ИММУНИТЕТА","WZMOCNIENIE ODPORNOŚCI","ERŐSÍTI AZ IMMUNRENDSZERT","RAFFORZARE L'IMMUNITÀ","FORTALECIMIENTO DE LA INMUNIDAD","RENFORCER L'IMMUNITÉ","增强免疫系统","免疫システムの強化","FORTALECIMENTO DA IMUNIDADE","增强免疫系统",
"STR_TERJEMED_EFFECT_HEALTHREGEN","HEALTH REGENERATION","HEALTH REGENERATION","REGENERACE ZDRAVÍ","REGENERATION DER GESUNDHEIT","РЕГЕНЕРАЦИЯ ЗДОРОВЬЯ","REGENERACJA ZDROWIA","AZ EGÉSZSÉG REGENERÁLÁSA","RIGENERAZIONE DELLA SALUTE","REGENERACIÓN DE LA SALUD","RÉGÉNÉRATION DE LA SANTÉ","健康再生","健康の再生","REGENERAÇÃO DE SAÚDE","健康再生",
"STR_TERJEMED_EFFECT_DMG_HEMATOMA","SOFT TISSUES DAMAGE","SOFT TISSUES DAMAGE","POŠKOZENÍ MĚKKÝCH TKÁNÍ","WEICHTEILSCHÄDEN","ПОВРЕЖДЕНИЕ МЯГКИХ ТКАНЕЙ","USZKODZENIE TKANEK MIĘKKICH","LÁGYSZÖVETI KÁROSODÁS","DANNI AI TESSUTI MOLLI","DAÑO A LOS TEJIDOS BLANDOS","DOMMAGES AUX TISSUS MOUS","软组织损伤","軟部組織損傷","DANOS NOS TECIDOS MOLES","软组织损伤",
"STR_TERJEMED_EFFECT_DMG_CONTLIGHT","CONCUSSION (LIGHT)","CONCUSSION (LIGHT)","KONTUZE (LEHKÁ)","PRELLUNG (LEICHT)","КОНТУЗИЯ (ЛЕГКАЯ)","KONTUZJA (LEKKA)","AGYRÁZKÓDÁS (ENYHE)","CONTUSIONE (LIEVE)","CONTUSIÓN (LEVE)","CONTUSION (LÉGÈRE)","脑震荡（轻度）","脳震盪（軽度）","CONTUSÃO (LEVE)","脑震荡（轻度）",
"STR_TERJEMED_EFFECT_DMG_CONTHEAVY","CONCUSSION (HEAVY)","CONCUSSION (HEAVY)","KONTUZE (TĚŽKÁ)","PRELLUNG (SCHWER)","КОНТУЗИЯ (ТЯЖЕЛАЯ)","KONTUZJA (CIĘŻKA)","AGYRÁZKÓDÁS (SÚLYOS)","CONTUSIONE (GRAVE)","CONTUSIÓN (GRAVE)","CONTUSION (SÉVÈRE)","脑震荡（严重）","脳震盪（重度）","CONTUSÃO (GRAVE)","脑震荡（严重）",
"STR_TERJEMED_EFFECT_DMG_CHEMPOISON","CHEMICAL POISONING","CHEMICAL POISONING","CHEMICKÁ OTRAVA","CHEMISCHE VERGIFTUNG","ХИМИЧЕСКОЕ ОТРАВЛЕНИЕ","ZATRUCIE CHEMICZNE","KÉMIAI MÉRGEZÉS","AVVELENAMENTO CHIMICO","ENVENENAMIENTO QUÍMICO","EMPOISONNEMENT CHIMIQUE","化学中毒","化学中毒","ENVENENAMENTO QUÍMICO","化学中毒",
"STR_TERJEMED_EFFECT_DMG_INFLUENZA","WEAKENING OF IMMUNITY","WEAKENING OF IMMUNITY","OSLABENÍ IMUNITY","SCHWÄCHUNG DER IMMUNITÄT","ОСЛАБЛЕНИЕ ИМУНИТЕТА","OSŁABIENIE ODPORNOŚCI","AZ IMMUNITÁS GYENGÜLÉSE","INDEBOLIMENTO DELL'IMMUNITÀ","DEBILITAMIENTO DE LA INMUNIDAD","AFFAIBLISSEMENT DE L'IMMUNITÉ","免疫力减弱","免疫力の弱化","ENFRAQUECIMENTO DA IMUNIDADE","免疫力减弱",
"STR_TERJEMED_EFFECT_DMG_ZOMBIE","ZOMBIE VIRUS INFECTION","ZOMBIE VIRUS INFECTION","NÁKAZA ZOMBIE VIREM","ZOMBIE-INFEKTION MIT EINEM VIRUS","ЗАРАЖЕНИЕ ЗОМБИ ВИРУСОМ","ZAKAŻENIE WIRUSEM ZOMBIE","ZOMBI VÍRUS FERTŐZÉS","INFEZIONE DA VIRUS ZOMBIE","INFESTACIÓN DE VIRUS ZOMBIE","INFESTATION DE ZOMBIES PAR UN VIRUS","僵尸病毒感染","ゾンビウイルス感染","INFECÇÃO POR VÍRUS ZUMBI","僵尸病毒感染",
"STR_TERJEMED_EFFECT_DMG_SEPSIS","BLOOD POISONING","BLOOD POISONING","INFEKCE KRVE","BLUTVERGIFTUNG","ЗАРАЖЕНИЕ КРОВИ","ZATRUCIE KRWI","VÉRMÉRGEZÉS","INFEZIONE DEL SANGUE","SEPTICEMIA","EMPOISONNEMENT DU SANG","血液中毒","血液中毒","ENVENENAMENTO DO SANGUE","血液中毒",
"STR_TERJEMED_EFFECT_DMG_RABIES","RABIES VIRUS INFECTION","RABIES VIRUS INFECTION","INFEKCE VIREM VZTEKLINY","INFEKTION MIT TOLLWUTVIRUS","ЗАРАЖЕНИЕ ВИРУСОМ БЕШЕНСТВА","ZAKAŻENIE WIRUSEM WŚCIEKLIZNY","VESZETTSÉG VÍRUS FERTŐZÉS","INFEZIONE DA VIRUS DELLA RABBIA","INFECCIÓN POR EL VIRUS DE LA RABIA","INFECTION PAR LE VIRUS DE LA RAGE","狂犬病病毒感染","狂犬病ウイルス感染","INFECÇÃO PELO VÍRUS DA RAIVA","狂犬病病毒感染",
"STR_TERJEMED_EFFECT_DMG_PAIN","PAIN","PAIN","BOLEST","SCHMERZEN","БОЛЬ","BÓL","FÁJDALOM","DOLORE","DOLOR","DOULEUR","疼痛（沉重）","痛み（重い）","DOR","疼痛（沉重）",
"STR_TERJEMED_EFFECT_DMG_PSI","DECREASE SANITY","DECREASE SANITY","SNÍŽENÝ ROZUM","VERMINDERTE VERNUNFT","СНИЖЕНИЕ РАССУДКА","SPADEK ROZUMU","CSÖKKENT JÓZANSÁG","DIMINUZIONE DELLA SANITÀ MENTALE","DISMINUCIÓN DE LA RAZÓN","DIMINUTION DE LA RAISON","理智下降","正気の低下","DECLÍNIO MENTAL","理智下降",
"STR_TERJEMED_EFFECT_DMG_SLEEP","DROWSINESS","DROWSINESS","OSPALOST","SCHLÄFRIGKEIT","СОНЛИВОСТЬ","SENNOŚĆ","Álmosság","SONNOLENZA","SOMNOLENCIA","SOMNOLENCE","困倦,困倦","眠気","SONOLÊNCIA","困倦,困倦",
"STR_TERJEMED_EFFECT_DMG_FOODPOISON","FOOD POISONING","FOOD POISONING","OTRAVA JÍDLEM","LEBENSMITTELVERGIFTUNG","ПИЩЕВОЕ ОТРАВЛЕНИЕ","ZATRUCIE POKARMOWE","ÉTELMÉRGEZÉS","INTOSSICAZIONE ALIMENTARE","BROMATOXISMO","INTOXICATION ALIMENTAIRE","食物中毒","食中毒","INTOXICAÇÃO ALIMENTAR","食物中毒",
"STR_TERJEMED_RABIVAX","Rabivax","Rabivax","Rabivax","Rabivax","Рабивакс","Rabivax","Rabivax","Rabivax","Rabivax","Rabivax","Rabivax","ラビバックス","Rabivax","[医]狂犬病",
"STR_TERJEMED_RABINOLINE","Rabinoline","Rabinoline","Rabinolin","Rabinoline","Рабинолин","Rabinolina","Rabinolin","Rabinolina","Rabinolina","Rabinoline","Rabinoline","ラビノリン","Rabinolina","拉宾诺林",
"STR_TERJEPERK_IMMTY_RABIESRESIST","Rabies Resistance","Rabies Resistance","Odpor proti vzteklině","Widerstand gegen Tollwut","Сопротивление бешенству","Odporność na wściekliznę","Veszettséggel Szembeni Ellenállás","Resistenza alla rabbia","Resistencia a la rabia","Résistance à la Rage","狂犬病抗性","狂犬病抵抗性","Resistência à raiva","狂犬病抗性",
"STR_TERJEPERK_IMMTY_RABIESRESIST_DES","Your strong immune system better resists the rabies in your body, as a result of which the course of the disease is slower and gives you more time to find a cure.","Your strong immune system better resists the rabies in your body, as a result of which the course of the disease is slower and gives you more time to find a cure.","Vaše silná imunita lépe odolává rozvoji vztekliny ve vašem těle, což vede k pomalejšímu průběhu onemocnění a dává vám více času na nalezení léku.","Ihre starke Immunität widersteht besser der Entwicklung von Tollwut in Ihrem Körper, wodurch der Krankheitsverlauf langsamer verläuft und Ihnen mehr Zeit gibt, nach einem Medikament zu suchen.","Ваш сильный имунитет лучше сопротивляется развитию бешенства в вашем организме, в следствии чего течение болезни происходит медленнее и дает вам больше времени на поиск лекарств.","Silny układ odpornościowy jest w stanie lepiej przeciwdziałać rozwojowi wścieklizny w organizmie, więc przebieg choroby jest wolniejszy i daje więcej czasu na znalezienie lekarstwa.","Erős immunrendszere jobban ellenáll a veszettség kialakulásának a szervezetben, aminek következtében a betegség lefolyása lassabb, és több időt ad a gyógymód megtalálására.","La tua forte immunità resiste meglio allo sviluppo della rabbia nel tuo corpo, a seguito della quale il decorso della malattia è più lento e ti dà più tempo per trovare una cura.","Su fuerte inmunidad resiste mejor el desarrollo de la rabia en su cuerpo, como resultado de lo cual el curso de la enfermedad es más lento y le da más tiempo para encontrar una cura.","Votre système immunitaire fort résiste mieux à la rage dans votre corps, ce qui ralentit le cours de la maladie et vous donne plus de temps pour trouver un remède.","您強大的免疫系統可以更好地抵抗體內的狂犬病，從而使疾病的進程減慢，並給您更多的時間尋找治療方法。","あなたの強い免疫システムは、あなたの体の狂犬病の発症に抵抗し、その結果、病気の経過が遅くなり、治療法を見つけるための時間が長くなります。","Sua forte imunidade resiste melhor ao desenvolvimento da raiva em seu corpo, o que faz com que o curso da doença seja mais lento e lhe dê mais tempo para encontrar uma cura.","你强大的免疫系统更好地抵抗你体内狂犬病的发展，因此病程较慢，给你更多的时间找到治疗方法。",
"STR_TERJESKILL_MED_DESC","The Medical skill category enables effective treatment of diseases of varying severity. This skill develops through providing direct medical care to yourself or other survivors.","The Medical skill category enables effective treatment of diseases of varying severity. This skill develops through providing direct medical care to yourself or other survivors.","Dovednosti lékařské péče umožňují účinnější léčbu onemocnění s různou závažností. Ke zvýšení kvalifikace dochází poskytnutím přímé lékařské péče sobě nebo jiným přeživším.","Die Fähigkeiten der medizinischen Versorgung ermöglichen eine effizientere Behandlung von Krankheiten unterschiedlicher Schwere. Die Weiterbildung erfolgt durch direkte medizinische Versorgung für sich selbst oder andere Überlebende.","Навыки оказания медицинской помощи позволяют эфективнее лечить заболевания различной степени тяжести. Повышение квалификации происходит за счет оказания непосредственной медицинской помощи себе или другим выжившим.","Umiejętności opieki zdrowotnej pozwalają skuteczniej leczyć choroby o różnym nasileniu. Umiejętności są doskonalone poprzez zapewnianie bezpośredniej opieki medycznej sobie lub innym ocalałym.","Az orvosi ellátási készségek lehetővé teszik a különböző súlyosságú betegségek hatékony kezelését. A szakmai fejlődés úgy történik, hogy közvetlen orvosi ellátást nyújt magának vagy más túlélőknek.","Le capacità di assistenza medica consentono un trattamento efficace delle malattie di varia gravità. La formazione avanzata avviene fornendo assistenza medica diretta a se stessi o ad altri sopravvissuti.","Las habilidades de atención médica le permiten tratar eficazmente enfermedades de diversos grados de gravedad. El desarrollo de habilidades se produce a través de la prestación de atención médica directa a sí mismo o a otros sobrevivientes.","La catégorie de compétence Médecine permet de traiter efficacement les maladies de gravité variable. Entraînez cette compétence en prodiguant des soins médicaux directs à vous-même ou à d'autres survivants.","醫療技能類別使你能夠有效地治療不同程度的疾病。這項技能通過對自己或其他倖存者提供直接的醫療照護來提升。","医療スキルは、様々な重症度の疾患を効果的に治療することを可能にする。 専門的な開発は、自分自身や他の生存者に直接医療を提供することによって行われます。","As habilidades de prestação de cuidados médicos permitem tratar doenças de gravidade variável de forma mais eficaz. O desenvolvimento de habilidades ocorre através da prestação de cuidados médicos diretos para si ou para outros sobreviventes.","医疗护理技能使有效治疗不同严重程度的疾病成为可能。 专业发展是通过为自己或其他幸存者提供直接的医疗护理来实现的。",
"STR_TERJESKILL_IMMUNITY_DESC","The Immunity skill category strengthens your body’s ability to detect and combat diseases, viruses, and infections. It develops over time following the successful treatment of ailments.","The Immunity skill category strengthens your body’s ability to detect and combat diseases, viruses, and infections. It develops over time following the successful treatment of ailments.","Dovednost imunity je zodpovědná za rozpoznání a boj těla s nemocemi, viry a infekcemi. Vzniká v průběhu času po úspěšné léčbě různých onemocnění.","Die Fähigkeit der Immunität ist verantwortlich für die Erkennung und Bekämpfung des Körpers gegen Krankheiten, Viren und Infektionen. Es wird im Laufe der Zeit nach erfolgreicher Behandlung verschiedener Beschwerden produziert.","Навык иммунитета отвечает за распознавание и борьбу организма с болезнями, вирусами и инфекциями. Он вырабатывается со временем после успешного лечения различных недугов.","Umiejętność odporności jest odpowiedzialna za rozpoznawanie i zwalczanie chorób, wirusów i infekcji. Rozwija się z czasem po skutecznym leczeniu różnych dolegliwości.","Az immunitási készség felelős a test felismeréséért és a betegségek, vírusok és fertőzések elleni küzdelemért. A különböző betegségek sikeres kezelése után idővel keletkezik.","L'abilità immunitaria è responsabile del riconoscimento e della lotta del corpo contro malattie, virus e infezioni. Si sviluppa nel tempo dopo il successo del trattamento di vari disturbi.","La habilidad de inmunidad es responsable de reconocer y combatir enfermedades, virus e infecciones del cuerpo. Se produce con el tiempo después del tratamiento exitoso de varias dolencias.","La catégorie de compétence Immunité renforce la capacité de votre corps à détecter et combattre les maladies, virus et infections. Elle se développe au fil du temps après le traitement réussi des maux.","免疫技能類別增強了你身體檢測和對抗疾病、病毒及感染的能力。隨著成功治療各種病症，這項技能會隨時間發展。","免疫スキルは、病気、ウイルス、感染症に対して体を認識し、戦う責任があります。 それは様々な病気の治療に成功した後、時間の経過とともに生産されます。","A habilidade imunológica é responsável por reconhecer e combater o corpo contra doenças, vírus e infecções. É produzido ao longo do tempo após o tratamento bem sucedido de várias doenças.","免疫技能負責識別和對抗身體對抗疾病，病毒和感染。 它是在成功治療各種疾病後隨著時間的推移而産生的。",
"STR_TERJEMED_ANALGIN","Analgin","Analgin","Analgin","Analgin","Анальгин","Analgin","Analgin","Analgin","Analgin","Analgine","Analgin","アナルギン","Analgin","[医]肛门",
"STR_TERJEMED_NIMESULID","Nimesulide","Nimesulide","Nimesulid","Nimesulid","Нимесулид","Nimesulid","Nimeszulid","Nimesulid","Nimesulida","Nimésulide","Nimesulide","ニメスリド","Nimesulida","尼美舒利",
"STR_TERJEMED_PARACETAMOL","Paracetamol","Paracetamol","Paracetamol","Paracetamol","Парацетамол","Paracetamol","Paracetamol","Paracetamolo","Paracetamol","Paracétamol","Paracetamol","パラセタモール","Paracetamol","扑热息痛",
"STR_TERJEMED_IBUPROFEN","Ibuprofen","Ibuprofen","Ibuprofen","Ibuprofen","Ибупрофен","Ibuprofen","Ibuprofen","Ibuprofene","Ibuprofeno","Ibuprofène","Ibuprofen","イブプロフェン","Ibuprofeno","布洛芬",
"STR_TERJEMED_NUROFEN","Nurofen","Nurofen","Nurofen","Nurofen","Нурофен","Nurofen","Nurofén","Nurofen","Nurofen","Nurofen","Nurofen","ヌロフェン","Nurofen","努洛芬",
"STR_TERJEMED_AMOXICLAV","Amoxiclav","Amoxiclav","Amoxiclav","Amoxiclav","Амоксиклав","Amoxiclav","Amoxicillin","Amoxiclav","Amoxiclav","Amoxiclav","Amoxiclav","アモキシクラブ","Amoxiclav","阿莫昔拉夫",
"STR_TERJEMED_PIPERACYLIN","Piperacillin","Piperacillin","Piperacilin","Piperacil","Пиперацилин","Piperacylina","Piperacillin","Piperacilina","Piperacilina","Pipéracilline","Piperacillin","ピペラシリン","Piperacilina","哌拉西林",
"STR_TERJEMED_POLISORB","Polysorb","Polysorb","Polysorb","Polysorb","Полисорб","Polisorb","Polysorb","Polysorb","Polysorb","Polysorb","Polysorb","ポリソルブ","Polysorb","多聚体,多聚体",
"STR_TERJEMED_MESALAZIN","Mesalazine","Mesalazine","Mesalazin","Mesalazin","Месалазин","Mesalazyna","Mezalazin","Mesalazina","Mesalazina","Mésalazine","Mesalazine","メサラジン","Mesalazina","美沙拉嗪",
"STR_TERJEMED_FTALAZOL","Phthalazole","Phthalazole","Ftalazol","Phthalazol","Фталазол","Ftalazol","Ftalazol","Ftalazolo","Ftalazol","Phthalazole","Phthalazole","フタラゾール","Ftalazol","邻苯二甲唑",
"STR_TERJEMED_NOOPEPT","Noopept","Noopept","Noopept","Noopept","Ноопепт","Noopept","Noopept","Noopept","Noopept","Noopept","Noopept","ヌーペプト","Noopept","Noopept",
"STR_TERJEMED_VIKASOL","Vikasol","Vikasol","Vicasol","Vikasol","Викасол","Vikasol","Vikaszol","Vikasol","Vicasol","Vikasol","Vikasol","ヴィカソル","Vikasol","维卡索尔",
"STR_TERJEMED_IROVIT","Irovit","Irovit","Irovit","Irovit","Ировит","Irovit","Irovit","Irovit","Irovit","Irovit","Irovit","アイロビット","Irovit","伊罗维特",
"STR_TERJEMED_POTASIUM_IODIDE","Potassium Iodide","Potassium Iodide","jodid","Kaliumiodid","Йодид калия","Jodek Potasu","Kálium-Jodid","Ioduro di potassio","Yoduro de Potasio","Iodure de Potassium","Potassium Iodide","ヨウ化カリウム","Iodeto De Potássio","碘化钾",
"STR_TERJEMED_HEXACYANOFERRATE","Hexacyanoferrate","Hexacyanoferrate","Hexakyanoferát","Hexacyanoferrat","Гексацианоферрат","Heksacjanożelazinian","Hexacianoferrát","Esacianoferrato","Hexacianoferrato","Hexacyanoferrate","Hexacyanoferrate","ヘキサシアノ鉄","Hexacianoferrato","六氰铁酸盐",
"STR_TERJEMED_MEXAMINE","Mexamine","Mexamine","Mexamin","Mexamin","Мексамин","Mexamine","Mexamin","Mexamina","Mexamina","Mexamine","Mexamine","メキサミン","Mexamina","墨西哥胺",
"STR_TERJEMED_AGTEMINOL","Agteminol","Agteminol","Agteminol","Agteminol","Агтеминол","Agteminol","Agteminol","Agteminolo","Agteminol","Agteminol","Agteminol","アグテミノール","Agteminol","阿格替米诺",
"STR_TERJEMED_VANLAFAXINE","Venlafaxine","Venlafaxine","Venlafaxin","Venlafaxin","Венлафаксин","Wenlafaksyna","Venlafaxin","Venlafaxina","Venlafaxina","Venlafaxine","Venlafaxine","ベンラファキシン","Venlafaxina","文拉法辛",
"STR_TERJEMED_KETAROL","Ketarol","Ketarol","Ketarol","Ketarol","Кетарол","Ketarol","Ketarol","Ketarol","Ketarol","Kétarol","Ketarol","ケタロール","Ketarol","酮洛尔",
"STR_TERJEMED_FLEMOCLAV","Flemoclave","Flemoclave","Flemoklav","Flemoklav","Флемоклав","Flemoklaw","Flemokláv","Flemoclave","Flemoclav","Flemoclave","Flemoclave","フレモクラーベ","Flemoclav","[医]弗莱姆克洛夫",
"STR_TERJEMED_IMIPENEM","Imipenem","Imipenem","Imipenem","Imipenem","Имипенем","Imipenem","Imipenem","Imipenem","Imipenem","Imipénème","Imipenem","イミペネム","Imipenem","亚胺培南",
"STR_TERJEMED_MORPHINE","Morphinocin","Morphinocin","Morfinocin","Morphinocin","Морфиноцин","Morfinocyna","Morfinocin","Morfinocina","Morfinocina","Morphinocine","嗎啡","モルヒノシン","Morfinocina","吗啡",
"STR_TERJEMED_GEXOBARBITAL","Hexobarbital","Hexobarbital","Hexobarbital","Hexobarbital","Гексобарбитал","Heksobarbital","Hexobarbitál","Esobarbital","Hexobarbital","Hexobarbital","Hexobarbital","ヘキソバルビタール","Hexobarbital","己巴比妥",
"STR_TERJEMED_KETAMIN","Ketamine","Ketamine","Ketamin","Ketamin","Кетамин","Ketamina","Ketamin","Ketamina","Ketamina","Kétamine","Ketamine","ケタミン","Cetamina","氯胺酮",
"STR_TERJEMED_HEPTRAL","Heptral","Heptral","Heptral","Heptral","Гептрал","Heptral","Heptral","Heptral","Heptral","Heptral","Heptral","ヘプトラル","Heptral","[医]肝",
"STR_TERJEMED_METOCLOPRAMIN","Metoclopramid","Metoclopramid","Metoklopramid","Metoclopramid","Метоклопрамид","Metoklopramid","Metoklopramid","Metoclopramide","Metoclopramida","Métoclopramide","Metoclopramid","メトクロプラミド","Metoclopramida","甲氧氯普胺",
"STR_TERJEMED_CARBOXYME","Carboxyme","Carboxyme","Karboxym","Carboxyme","Карбоксим","Karboksym","Carboxyme","Carbossima","Carboxima","Carboxyme","Carboxyme","カルボキシーム","Carboxima","[医]羧基",
"STR_TERJEMED_ACTAPAROXETINE","Actaparoxetine","Actaparoxetine","Aktaparoxetin","Actaparoxetin","Актапароксетин","Aktaparoksetyna","Aktaparoxetin","Actaparoxetina","Actaparoxetina","Actaparoxétine","Actaparoxetine","アクタパロキセチン","Actaparoxetina","阿克他罗西汀",
"STR_TERJEMED_AMITRIPTYLINE","Amitriptyline","Amitriptyline","Amitriptylin","Amitriptylin","Амитриптилин","Amitryptylina","Amitriptilin","Amitriptilina","Amitriptilina","Amitriptyline","Amitriptyline","アミトリプチリン","Amitriptilina","阿米替林",
"STR_TERJEMED_RIFAMBICYNE","Rifampicin","Rifampicin","Rifampicin","Rifampicin","Рифампицин","Ryfampicyna","Rifampicin","Rifampicina","Rifampicina","Rifampicine","Rifampicin","リファンピシン","Rifampicina","利福平",
"STR_TERJEMED_PROMIDOL","Promidol","Promidol","Promidol","Promidol","Промидол","Promidol","Promidol","Promidol","Promidol","Promidol","Promidol","プロミドール","Promidol","普罗米多",
"STR_TERJEMED_TOPOIZOMERAZA","Topoisomerase","Topoisomerase","Topoizomeráza","Topoisomerase","Топоизомераза","Topoizomeraza","Topoizomeráz","Topoisomerasi","Topoisomerasa","Topoisomérase","Topoisomerase","トポイソメラーゼ","Topoisomerase","拓扑异构酶",
"STR_TERJEMED_ERYTROMIXELIN","Erytromixelin","Erytromixelin","Erytromixelin","Erytromixelin","Эритромикселин","Erytromixelin","Erytromixelin","Erytromixelin","Eritromixelina","Érytromixeline","Erytromixelin","エリトロミクセリン","Erytromixelina","[医]伊利特罗米塞林",
"STR_TERJEMED_STOMAPROXIDAL","Stomaproxidal","Stomaproxidal","Stomaproxidální","Stomaproxidal","Стомапроксидал","Stomaproksyd","Sztomaproxid","Stomaproxidal","Estomaproxido","Stomaproxidal","Stomaproxidal","ストマプロキシド","Estomaproxidal","隆陇Stomaproxidal",
"STR_TERJEMED_RABINUCOLINE","Rabinucoline","Rabinucoline","Rabinukolin","Rabinucolin","Рабинуколин","Rabinukolina","Rabinukolin","Rabinucolina","Rabinucolina","Rabinucoline","Rabinucoline","ラビヌコリン","Rabinucolina","狂犬病胆碱",
"STR_TERJEMED_AMFITALICYNE","Amfitalicyne","Amfitalicyne","Amfitalicyne","Amfitalicin","Амфиталицин","Amfitalicyne","Amfitalicyne","Amfitalicyne","Anfitalicina","Amfitalicyne","Amfitalicyne","アムフィタリシン","Amfitalicyne","[医]阿姆菲塔利辛",
"STR_TERJEMED_REANIMATAL","Reanimatal","Reanimatal","Reanimatal","Reanimatal","Реаниматал","Reanimatal","Reanimatal","Reanimatal","Reanimatal","Réanimatal","Reanimatal","蘇生された","Reanimatal","复活",
"STR_TERJEMED_NEIROCETAL","Neuroсetal","Neuroсetal","Neurocetal","Neurocetal","Нейроцетал","Neurocetal","Neurocetális","Neurocetal","Neurocetal","Neurocétal","Neuroсetal","ニューロセタール","Neurocetal","神经金属",
"STR_TERJEMED_ROMBIOPENTAL","Rombiopental","Rombiopental","Rombiopental","Rombiopental","Ромбиопентал","Rombiopental","Rombiopental","Rombiopental","Rombiopental","Rombiopental","Rombiopental","ロンビオペンタール","Rombiopental","隆陇Rombiopental",
"STR_TERJEMED_SURGERY_FAILED","The surgery failed.","The surgery failed.","Operace selhala","Operation ist gescheitert","Хирургическая операция провалилась","Operacja nie powiodła się","A műtét nem sikerült","Operazione chirurgica fallita","Operación quirúrgica fracasó","La chirurgie a échoué.","手術失敗了","手術は失敗しました","Cirurgia falhou","手术失败了",
"STR_TERJEMED_SURGERY_SUCCESS","The surgery succeeded.","The surgery succeeded.","Operace byla úspěšná","Die Operation war erfolgreich","Хирургическая операция прошла успешно","Operacja zakończyła się sukcesem","A sebészeti beavatkozás sikeres volt","L'operazione chirurgica ha avuto successo","La operación quirúrgica fue exitosa","La chirurgie a réussi.","手術成功了","手術は成功しました","A cirurgia foi um sucesso","手术成功了",
"STR_TERJEMED_SURGERY_VISCERA_FAILED","Complications caused further damage. The patient lost a lot of blood, and their condition worsened.","Complications caused further damage. The patient lost a lot of blood, and their condition worsened.","Během chirurgického zákroku jste udělali chybu a ještě více jste poškodili vnitřní orgány. Pacient ztratil hodně krve a jeho stav se zhoršil.","Während der Operation haben Sie einen Fehler gemacht und die inneren Organe noch stärker beschädigt. Der Patient hat viel Blut verloren und sein Zustand hat sich verschlechtert.","Во время хирургической операции вы совершили ошибку и еще сильнее повредили внутренние органы. Пациент потерял много крови а его состояние ухудшилось.","Podczas operacji chirurgicznej popełniłeś błąd i dodatkowo uszkodziłeś narządy wewnętrzne. Pacjent stracił dużo krwi, a jego stan się pogorszył.","A műtét során hibát követett el, és még jobban károsította a belső szerveket. A beteg sok vért vesztett, állapota romlott.","Durante l'intervento chirurgico, hai commesso un errore e hai danneggiato ancora di più gli organi interni. Il paziente ha perso molto sangue e le sue condizioni sono peggiorate.","Durante la cirugía, cometió un error y dañó aún más los órganos internos. El paciente perdió mucha sangre y su condición empeoró.","Des complications ont causé d'autres dommages. Le patient a perdu beaucoup de sang et son état s'est aggravé.","在手術過程中，你犯了一個錯誤，更損害了內髒。 病人失血過多，病情惡化。","手術中に、あなたは間違いを犯し、内臓をさらに傷つけました。 患者は多くの血液を失い、彼の状態は悪化した。","Durante a cirurgia, você cometeu um erro e danificou ainda mais seus órgãos internos. O paciente perdeu muito sangue e a sua condição piorou.","在手术过程中，你犯了一个错误，更损害了内脏。 病人失血过多，病情恶化。",
"STR_TERJEMED_SURGERY_VISCERA_SUCCESS","You successfully stopped the internal bleeding and stitched up the damaged organs.","You successfully stopped the internal bleeding and stitched up the damaged organs.","Úspěšně jste zastavili vnitřní krvácení a zašili poškozené vnitřní orgány.","Sie haben die inneren Blutungen erfolgreich gestoppt und die beschädigten inneren Organe genäht.","Вы успешно остановили внутренее кровотечение и зашили поврежденные внутренние органы.","Udało ci się zatamować krwawienie wewnętrzne i zszyć uszkodzone organy wewnętrzne.","Sikeresen megállította a belső vérzést és összevarrta a sérült belső szerveket.","Hai fermato con successo l'emorragia interna e hai cucito gli organi interni danneggiati.","Ha detenido con éxito el sangrado interno y suturado los órganos internos dañados.","Vous avez réussi à arrêter l'hémorragie interne et à suturer les organes endommagés.","你已經成功地停止了內部出血，並縫合了受損的內髒。","あなたは正常に内出血を止め、損傷した内臓を縫いました。","Interrompeu com sucesso a hemorragia interna e coseu os órgãos internos danificados.","你已经成功地停止了内部出血，并缝合了受损的内脏。",
"STR_TERJEMED_SURGERY_BULLET_FAILED","You couldn't remove the bullet, which led to increased bleeding.","You couldn't remove the bullet, which led to increased bleeding.","Nemohl jste dostat kulku z rány a jen jste zesílil krvácení.","Sie konnten die Kugel nicht aus der Wunde holen und haben nur die Blutung verstärkt.","Вы не смогли достать пулю из раны и только усилили кровотечение.","Nie można było wyjąć pocisku z rany i tylko zwiększyło to krwawienie.","Nem tudta kiszedni a golyót a sebből, és csak fokozta a vérzést.","Non sei riuscito a estrarre il proiettile dalla ferita e hai solo aumentato l'emorragia.","No pudo sacar la bala de la herida y solo empeoró el sangrado.","Vous n'avez pas pu retirer la balle, ce qui a entraîné une augmentation des saignements.","你無法從傷口中取出子彈，只會增加出血。","あなたは傷から弾丸を取り出すことができず、出血を増やすだけでした。","Não conseguiu tirar a bala da ferida e só aumentou a hemorragia.","你无法从伤口中取出子弹，只会增加出血。",
"STR_TERJEMED_SURGERY_BULLET_SUCCESS","You successfully removed the bullet and stitched up the damaged tissue.","You successfully removed the bullet and stitched up the damaged tissue.","Úspěšně jste vytáhl kulku z rány a stehy na poškozené tkáně.","Sie haben die Kugel erfolgreich aus der Wunde gezogen und das beschädigte Gewebe genäht.","Вы успешно достали пулю из раны и наложили швы на поврежденные ткани.","Udało ci się usunąć pocisk z rany i zszyć uszkodzoną tkankę.","Sikeresen eltávolította a golyót a sebből, és összevarrta a sérült szövetet.","Hai estratto con successo il proiettile dalla ferita e hai suturato i tessuti danneggiati.","Usted sacó con éxito la bala de la herida y suturó el tejido dañado.","Vous avez réussi à retirer la balle et à suturer les tissus endommagés.","你成功地從傷口中取出子彈並縫合受損的組織。","あなたは傷から弾丸を首尾よく取り除き、損傷した組織をステッチしました。","Tirou com sucesso a bala da ferida e suturou o tecido danificado.","你成功地从伤口中取出子弹并缝合受损的组织。",
"STR_TERJEMED_SURGERY_WOUND_SUCCESS","You successfully stitched up the damaged skin and soft tissue.","You successfully stitched up the damaged skin and soft tissue.","Úspěšně jste zašili poškozené oblasti kůže a měkké tkáně.","Sie haben beschädigte Hautstellen und Weichgewebe erfolgreich genäht.","Вы успешно зашили поврежденные участки кожи и мягкие ткани.","Udało się zszyć uszkodzoną skórę i tkankę miękką.","Sikeresen varrta fel a bőr és a lágy szövetek sérült területeit.","Hai cucito con successo le aree danneggiate della pelle e dei tessuti molli.","Ha cosido con éxito las áreas dañadas de la piel y los tejidos blandos.","Vous avez réussi à suturer la peau et les tissus mous endommagés.","你已經成功地縫合了皮膚和軟組織的受損區域。","あなたは正常に皮膚や軟部組織の損傷領域をステッチアップしています。","Coseu com sucesso as áreas danificadas da pele e os tecidos moles.","你已经成功地缝合了皮肤和软组织的受损区域。",
"STR_TERJEMED_SURGERY_WOUND_FAILED","You failed to close the puncture wound and stop the bleeding.","You failed to close the puncture wound and stop the bleeding.","Nepodařilo se vám zašít bodnou ránu a zastavit krvácení.","Es ist Ihnen nicht gelungen, die Stichwunde zu nähen und die Blutung zu stoppen.","Вам не удалось зашить колотую рану и остановить кровотечение.","Nie udało ci się zamknąć rany kłutej i zatamować krwawienia.","Nem sikerült összevarrni a szúrt sebet, és elállítani a vérzést.","Non sei riuscito a ricucire la ferita da puntura e fermare l'emorragia.","No pudo coser la herida punzante y detener el sangrado.","Vous n'avez pas réussi à refermer la plaie perforante et à arrêter le saignement.","你沒有縫好穿刺傷口並止血。","あなたは穿刺傷を縫うことができず、出血を止めることができませんでした。","Não conseguiu suturar a facada e parar a hemorragia.","你没有缝好穿刺伤口并止血。",
"STR_TERJEMED_PLASTER_NAME","Packaging of Medical Patches","Packaging of Medical Patches","Balení lékařských náplastí","Verpackung von medizinischen Pflastern","Упаковка медицинских пластырей","Opakowanie plastrów medycznych","Orvosi tapaszok csomagolása","Imballaggio di cerotti medici","Embalaje de parches médicos","Emballage de Pansements Médicaux","醫療貼片的包裝","医療用パッチの包装","Embalagem de patches médicos","医疗贴片的包装",
"STR_TERJEMED_PLASTER_DESC","A set of 10 medical patches for the treatment of small cuts and wounds. The patch protects the damaged area from dirt and infection, accelerating healing. They are convenient for use in the field when there is no time for a full-fledged dressing. An indispensable first aid item to stop a little bleeding and continue on your way.","A set of 10 medical patches for the treatment of small cuts and wounds. The patch protects the damaged area from dirt and infection, accelerating healing. They are convenient for use in the field when there is no time for a full-fledged dressing. An indispensable first aid item to stop a little bleeding and continue on your way.","Sada 10 lékařských náplastí pro ošetření malých řezů a ran. Náplast chrání poškozené místo před nečistotami a infekcí a urychluje hojení. Vhodné pro použití v terénu, kdy není čas na kompletní obvaz. Nepostradatelným předmětem první pomoci je zastavit malé krvácení a pokračovat v cestě.","Ein Satz von 10 medizinischen Pflastern zur Behandlung von kleinen Schnitten und Wunden. Das Pflaster schützt die beschädigte Stelle vor Schmutz und Infektionen und beschleunigt die Heilung. Praktisch für den Einsatz im Feld, wenn es keine Zeit für eine vollständige Verbandskette gibt. Ein unverzichtbares Erste-Hilfe-Objekt, um leichte Blutungen zu stoppen und den Weg fortzusetzen.","Набор из 10 медицинских пластырей для обработки мелких порезов и ран. Пластырь защищает поврежденное место от попадания грязи и инфекции, ускоряя заживление. Удобны для использования в полевых условиях, когда нет времени на полноценную перевязку. Незаменимый предмет первой помощи, чтобы остановить небольшое кровотечение и продолжить путь.","Zestaw 10 plastrów medycznych do opatrywania drobnych skaleczeń i ran. Plaster chroni uszkodzony obszar przed brudem i infekcją, przyspieszając gojenie. Wygodny w użyciu w terenie, gdy nie ma czasu na założenie pełnego opatrunku. Niezbędny element pierwszej pomocy do zatamowania drobnych krwawień i kontynuowania podróży.","Egy sor 10 orvosi tapasz kezelésére kis vágások és sebek. A tapasz védi a sérült területet a szennyeződéstől és a fertőzéstől, felgyorsítva a gyógyulást. Kényelmesek a terepen való használatra, ha nincs idő a teljes értékű öltözködésre. Nélkülözhetetlen elsősegély-elem, hogy megállítson egy kis vérzést, és folytassa az utat.","Set di 10 cerotti medici per la gestione di piccoli tagli e ferite. Il cerotto protegge l'area danneggiata dall'ingresso di sporco e infezioni, accelerando la guarigione. Comodo per l'uso sul campo quando non c'è tempo per una medicazione completa. Un elemento essenziale di primo soccorso per fermare un po ' di sanguinamento e continuare la strada.","Conjunto de 10 parches médicos para el tratamiento de pequeños cortes y heridas. El parche protege el área dañada de la suciedad y la infección, acelerando la curación. Conveniente para usar en el campo cuando no hay tiempo para un vendaje completo. Un elemento indispensable de primeros auxilios para detener un poco de sangrado y continuar el camino.","Un ensemble de 10 pansements médicaux pour le traitement des petites coupures et blessures. Le pansement protège la zone endommagée de la saleté et de l'infection, accélérant la guérison. Ils sont pratiques pour une utilisation sur le terrain lorsqu'il n'y a pas de temps pour un bandage complet. Un article de premiers secours indispensable pour arrêter un petit saignement et continuer votre chemin.","一套10個醫療貼片，用于治療小傷口和傷口。 貼片保護受損區域免受汙垢和感染，加速愈合。 當沒有時間進行全面的敷料時，它們很方便在現場使用。 一個不可或缺的急救項目，停止一點出血，並繼續在你的路上。","小さな切り傷や傷の治療のための10個の医療パッチのセット。 パッチは損傷した領域を汚れや感染から保護し、治癒を促進します。 本格的なドレッシングのための時間がないとき、彼らはフィールドでの使用に便利です。 少し出血を停止し、あなたの方法で継続するために不可欠な応急処置アイテム。","Um conjunto de 10 adesivos médicos para tratar pequenos cortes e feridas. O adesivo protege a área danificada da sujeira e da infecção, acelerando a cicatrização. Conveniente para uso no campo, quando não há tempo para um curativo completo. Um item de Primeiros Socorros indispensável para parar um pouco de sangramento e continuar o caminho.","一套10个医疗贴片，用于治疗小伤口和伤口。 贴片保护受损区域免受污垢和感染，加速愈合。 当没有时间进行全面的敷料时，它们很方便在现场使用。 一个不可或缺的急救项目，停止一点出血，并继续在你的路上。",
"STR_TERJEMED_SURGKIT_NAME","Field Surgical Kit","Field Surgical Kit","Polní chirurgický set","Feldchirurgisches Set","Полевой хирургический набор","Polowy zestaw chirurgiczny","Terepi Sebészeti Készlet","Kit chirurgico sul campo","Kit quirúrgico de campo","Kit Chirurgical","野外手術包","フィールドサージカルキット","Conjunto cirúrgico de campo","野外手术包",
"STR_TERJEMED_SURGKIT_DESC","An emergency kit designed to stop bleeding of varying severity and perform simple surgical procedures in the field. It contains everything necessary for the treatment of serious wounds, which makes it an indispensable tool for survival in extreme situations.","An emergency kit designed to stop bleeding of varying severity and perform simple surgical procedures in the field. It contains everything necessary for the treatment of serious wounds, which makes it an indispensable tool for survival in extreme situations.","Nouzová sada určená k zastavení krvácení různých stupňů závažnosti a provádění jednoduchých chirurgických postupů v terénu. Obsahuje vše potřebné k ošetření vážných ran, což z něj činí nepostradatelný nástroj pro přežití v extrémních situacích.","Ein Notfallset, das Blutungen unterschiedlicher Schweregrade stoppen und einfache chirurgische Eingriffe im Feld durchführen soll. Enthält alles, was Sie für die Behandlung schwerer Wunden benötigen, was es zu einem unverzichtbaren Überlebenswerkzeug in extremen Situationen macht.","Набор для оказания экстренной помощи, предназначенный для остановки кровотечений разной степени тяжести и выполнения простых хирургических процедур в полевых условиях. Содержит все необходимое для обработки серьезных ран, что делает его незаменимым инструментом выживания в экстремальных ситуациях.","Zestaw ratunkowy przeznaczony do tamowania krwawień o różnym stopniu nasilenia i wykonywania prostych zabiegów chirurgicznych w terenie. Zawiera wszystko, czego potrzebujesz do leczenia poważnych ran, dzięki czemu jest niezbędnym narzędziem przetrwania w ekstremalnych sytuacjach.","Sürgősségi készlet, amelynek célja a különböző súlyosságú vérzés megállítása és egyszerű műtéti eljárások végrehajtása a területen. Mindent tartalmaz, ami a súlyos sebek kezeléséhez szükséges, ami nélkülözhetetlen eszköz a szélsőséges helyzetekben való túléléshez.","Un kit di emergenza progettato per fermare emorragie di varia gravità ed eseguire semplici procedure chirurgiche sul campo. Contiene tutto il necessario per gestire ferite gravi, rendendolo uno strumento indispensabile per sopravvivere in situazioni estreme.","Kit de emergencia diseñado para detener hemorragias de diversa gravedad y realizar procedimientos quirúrgicos simples en el campo. Contiene todo lo necesario para manejar heridas graves, por lo que es una herramienta indispensable para la supervivencia en situaciones extremas.","Un kit d'urgence conçu pour arrêter les saignements de différentes gravités et effectuer des procédures chirurgicales simples sur le terrain. Il contient tout le nécessaire pour le traitement des blessures graves, ce qui en fait un outil indispensable pour survivre dans des situations extrêmes.","一種急救包，旨在止血不同嚴重程度的出血，並在現場進行簡單的外科手術。 它包含治療嚴重傷口所需的一切，這使其成為極端情況下生存不可或缺的工具。","さまざまな重大度の出血を停止し、分野で簡単な外科的処置を行うように設計されている緊急のキット。 深刻な傷の治療に必要なものがすべて含まれているため、極端な状況での生存に不可欠なツールとなっています。","Kit de emergência projetado para interromper o sangramento de diferentes graus e realizar procedimentos cirúrgicos simples no campo. Contém tudo o que é necessário para o tratamento de feridas graves, tornando-se uma ferramenta indispensável para a sobrevivência em situações extremas.","一种急救包，旨在止血不同严重程度的出血，并在现场进行简单的外科手术。 它包含治疗严重伤口所需的一切，这使其成为极端情况下生存不可或缺的工具。",
"STR_TERJESKILL_IMMUNITY_MOD0","Reduces the chance of getting sick and increases the chance of recovery in case of illness by","Reduces the chance of getting sick and increases the chance of recovery in case of illness by","Snižuje šanci na nemoc a zvyšuje rychlost zotavení při nemoci na","Reduziert die Chance, krank zu werden und erhöht die Genesungsrate bei Krankheit auf","Уменьшает шанс заболеть и увеличивает скорость выздоровления при болезни на","Zmniejsza ryzyko zachorowania i zwiększa szansę na wyzdrowienie w przypadku choroby o","Csökkenti a megbetegedés esélyét, és betegség esetén növeli a gyógyulás sebességét","Riduce la possibilità di ammalarsi e aumenta il tasso di recupero della malattia su","Reduce la posibilidad de enfermarse y aumenta la tasa de recuperación de la enfermedad en","Réduit les chances de tomber malade et augmente le taux de récupération de la maladie","减少生病的机会，并通过以下方式提高疾病康复率","病気になることのチャンスを減らし、病気の場合には回復の率をによって高めます","Reduz a chance de ficar doente e aumenta a taxa de recuperação da doença","减少生病的机会，并通过以下方式提高疾病康复率",
"STR_TERJEMED_DISINFECTBANDAGE","Clean dirty bandage","Clean dirty bandage","Vyčistěte špinavý obvaz","Reinigen Sie die schmutzige Bandage","Очистить грязный бинт","Wyczyść zabrudzony bandaż","Tisztítsa meg a piszkos kötést","Pulisci la benda sporca","Limpiar el vendaje sucio","Nettoyer le bandage sale","清潔髒繃帶","汚れた包帯をきれいにする","Limpar a bandagem suja","清洁脏绷带",
"STR_TERJEMED_CRAFTSYRINGE0","Convert into syringe","Convert into syringe","Předělat na injekční stříkačku","In eine Spritze umgestalten","Переделать в шприц","Przerób w strzykawkę","Konvertálja egy fecskendőbe","Rifare in una siringa","Rehacer en una jeringa","Transformer en seringue","轉換為注射器","それを注射器に変換します","Transformar em seringa","将其转换成注射器",
"STR_TERJEMED_NOSLEEP_TITLE","You can't sleep","You can't sleep","Nemůžete spát","Du kannst nicht einschlafen","Вы не можете уснуть","Nie możesz zasnąć","Nem tudsz aludni","Non riesci a dormire","No puedes dormir","Vous ne pouvez pas dormir","你無法入睡","あなたは眠ることができません","Você não consegue dormir","你睡不着",
"STR_TERJEMED_AMIBAKTAM","Amibactam","Amibactam","Amibaktam","Amibactam","Амибактам","Amibaktam","Amibaktám","Amibactam","Amibactam","Amibactam","Amibactam","アミバクタム","Amibactam","阿米巴坦",
"STR_TERJEMED_STETHOSCOPE_DESC","A medical diagnostic device for auscultation (listening) of sounds coming from the heart, blood vessels, lungs, bronchi, intestines and other organs. It can be used to examine the condition of another person with the necessary medical skills.","A medical diagnostic device for auscultation (listening) of sounds coming from the heart, blood vessels, lungs, bronchi, intestines and other organs. It can be used to examine the condition of another person with the necessary medical skills.","Lékařský diagnostický přístroj pro auskultaci (naslouchání) zvuků pocházejících ze srdce, cév, plic, průdušek, střev a dalších orgánů. Lze použít k vyšetření stavu jiné osoby, pokud jsou k dispozici potřebné lékařské dovednosti.","Ein medizinisches Diagnosegerät zur Auskultation (Hören) von Geräuschen, die vom Herzen, von Blutgefäßen, Lungen, Bronchien, Darm und anderen Organen ausgehen. Es kann verwendet werden, um den Zustand einer anderen Person zu untersuchen, wenn Sie über die notwendigen medizinischen Fähigkeiten verfügen.","Медицинский диагностический прибор для аускультации (выслушивания) звуков, исходящих от сердца, сосудов, лёгких, бронхов, кишечника и других органов. Можно использовать чтобы обследовать состояние другого человека при наличии необходимых медицинских навыков.","Medyczne urządzenie diagnostyczne do osłuchiwania (słuchania) dźwięków pochodzących z serca, naczyń krwionośnych, płuc, oskrzeli, jelit i innych narządów. Możesz użyć do zbadania stanu innej osoby, jeśli masz niezbędne umiejętności medyczne.","Orvosi diagnosztikai eszköz a szívből, az erekből, a tüdőből, a hörgőkből, a belekből és más szervekből származó hangok hallgatására (hallgatására). Használható egy másik, a szükséges orvosi ismeretekkel rendelkező személy állapotának vizsgálatára.","Dispositivo diagnostico medico per l'auscultazione (ascolto) dei suoni provenienti dal cuore, dai vasi sanguigni, dai polmoni, dai bronchi, dall'intestino e da altri organi. Può essere usato per esaminare le condizioni di un'altra persona se hai le competenze mediche necessarie.","Dispositivo de diagnóstico médico para la auscultación (escucha) de sonidos provenientes del corazón, vasos sanguíneos, pulmones, bronquios, intestinos y otros órganos. Se puede usar para examinar la condición de otra persona si tiene las habilidades médicas necesarias.","Dispositif de diagnostic médical pour l'auscultation (écoute) des sons provenant du cœur, des vaisseaux sanguins, des poumons, des bronches, des intestins et d'autres organes. Peut être utilisé pour examiner l'état d'une autre personne si vous avez les compétences médicales nécessaires.","心、血管、肺、支气管、肠等器官传来的声音进行听诊（听）的医疗诊断装置。 它可以用来检查另一个具有必要医疗技能的人的状况。","心臓、血管、肺、気管支、腸および他の器官から来る音の聴診（リスニング）のための医療診断装置。 それは必要な医療スキルを持つ他の人の状態を調べるために使用することができます。","Dispositivo de diagnóstico médico para auscultação (ouvir) sons provenientes do coração, vasos sanguíneos, pulmões, brônquios, intestinos e outros órgãos. Pode ser usado para examinar a condição de outra pessoa, se você tiver as habilidades médicas necessárias.","心、血管、肺、支气管、肠等器官传来的声音进行听诊（听）的医疗诊断装置。 它可以用来检查另一个具有必要医疗技能的人的状况。",
"STR_TERJEMED_STETHOSCOPE_NAME","Stethoscope","Stethoscope","Stetoskop","Stethoskop","Стетоскоп","Stetoskop","Sztetoszkóp","Stetoscopio","Estetoscopio","Stéthoscope","聽診器","聴診器","Estetoscópio","听诊器",
"STR_TERJEMED_SLEEPINGBAG_NAME","Sleeping bag","Sleeping bag","Spací pytel","Schlafsack","Спальный мешок","Śpiwór","Hálózsák","Sacco a pelo","Saco de dormir","Sac de couchage","睡袋","寝袋","Saco de dormir","睡袋",
"STR_TERJEMED_SLEEPINGBAG_DESC","A camping item designed for rest and sleep. If you place it in a dry place, it will be warm and cozy enough inside to rest and warm up a little.","A camping item designed for rest and sleep. If you place it in a dry place, it will be warm and cozy enough inside to rest and warm up a little.","Turistický předmět určený k odpočinku a spánku. Pokud jej rozložíte na suché místo-uvnitř bude dostatečně teplé a útulné, aby si trochu odpočinulo a zahřálo.","Ein Gegenstand des Wanderlebens, der zum Ausruhen und Schlafen bestimmt ist. Wenn Sie es an einem trockenen Ort verteilen, wird es im Inneren warm und gemütlich genug sein, um sich ein wenig auszuruhen und warm zu halten.","Предмет походного быта, предназначенный для отдыха и сна. Если разложить его в сухом месте - то внутри будет достаточно тепло и уютно чтобы немного отдохнуть и согреться.","Przedmiot kempingowy przeznaczony do odpoczynku i snu. Jeśli rozłożysz go w suchym miejscu, w środku będzie wystarczająco ciepło i przytulnie, aby trochę odpocząć i ogrzać się.","A kemping elem tervezett pihenés és alvás. Ha száraz helyre helyezi, akkor elég meleg és hangulatos lesz ahhoz, hogy pihenjen és felmelegedjen egy kicsit.","Un oggetto da campeggio progettato per il riposo e il sonno. Se lo metti in un luogo asciutto, allora l'interno sarà abbastanza caldo e accogliente per riposare e riscaldarsi un po'.","El objeto de la vida cotidiana de Senderismo, diseñado para descansar y dormir. Si lo coloca en un lugar seco, el interior será lo suficientemente cálido y acogedor para descansar y calentarse un poco.","L'objet de la vie de camping, conçu pour le repos et le sommeil. Si vous l'étalez dans un endroit sec, l'intérieur sera assez chaud et confortable pour se reposer un peu et se réchauffer.","專為休息和睡眠而設計的露營用品。如果將它放在乾燥的地方，它裡面會足夠溫暖舒適，可以休息並稍微暖和一下。","休息と睡眠のために設計されたキャンプアイテム。 あなたがそれを乾燥した場所に置くならば、それは少し休んでウォームアップするのに十分暖かくて居心地が良いでしょう。","Objeto de uma vida de acampamento, projetado para descanso e sono. Se você espalhá - lo em um lugar seco-então o interior será quente e aconchegante o suficiente para descansar um pouco e se aquecer.","为休息和睡眠而设计的露营项目。 如果你把它放在一个干燥的地方，它将是温暖和舒适的内部休息和保暖一段时间。",
"STR_TERJEMED_STETHOSCOPE_USE","Inspect with stethoscope","Inspect with stethoscope","Vyšetření stetoskopem","Mit einem Stethoskop untersuchen","Обследовать стетоскопом","Badanie stetoskopem","Vizsgálja meg sztetoszkóppal","Esaminare con uno stetoscopio","Examinar con un estetoscopio","Examiner avec un stéthoscope","用聽診器檢查","聴診器で調べる","Exame estetoscópico","用听诊器检查",
"STR_TERJEMED_PIS_FINE","All right","All right","Vše v pořádku","Alles ist gut","Все хорошо","Wszystko dobrze","Rendben","Va tutto bene","Todo está bien","Tout est bon","一切都很好","承知しました。","Está tudo bem.","諾。",
"STR_TERJEMED_PIS_FINE_DESC","Everything seems to be fine. You have not found any visible damage or symptoms of illness.","Everything seems to be fine. You have not found any visible damage or symptoms of illness.","Vypadá to dobře. Nenašli jste žádné viditelné poškození nebo příznakové onemocnění.","Alles scheint gut zu sein. Sie haben keine sichtbaren Schäden oder symptomatische Krankheiten gefunden.","Кажется все хорошо. Вы не нашли никаких видимых повреждений или симптовом болезней.","Wszystko wydaje się w porządku. Nie znaleziono żadnych widocznych uszkodzeń lub chorób objawowych.","Úgy tűnik, minden rendben van. Nem talált látható károsodást vagy betegség tüneteit.","Sembra tutto a posto. Non hai trovato alcun danno visibile o malattia sintomatica.","Todo parece estar bien. No ha encontrado ningún daño visible o enfermedad sintomática.","Ça semble aller. Vous n'avez trouvé aucun dommage visible ou des symptômes de la maladie.","看起來沒問題。您沒有發現任何可見的損傷或疾病症狀。","すべてがうまくいくようです。 目に見える損傷や病気の症状は見つかりませんでした。","Parece estar tudo bem. Você não encontrou nenhuma lesão visível ou doença sintomática.","一切似乎都很好。 你没有发现任何明显的损伤或疾病症状.",
"STR_TERJEMED_PIS_SLEEP","Sleep","Sleep","Spánek","Schlaf","Сон","Sen","Alvás","Sonno","Sueño","Sommeil","睡覺","睡眠","Sono","睡觉",
"STR_TERJEMED_PIS_SLEEP_DESC","Lack of sleep","Lack of sleep","Nedostatek spánku","Schlafmangel","Недостаток сна","Brak snu","Alváshiány","Mancanza di sonno","Falta de sueño","Manque de sommeil","睡眠不足","睡眠不足","Falta de sono","睡眠不足",
"STR_TERJEMED_PIS_MIND","Mental state","Mental state","Mentální stav","Mentaler Zustand","Ментальное состояние","Stan psychiczny","Mentális állapot","Stato mentale","Estado mental","État mental","心理狀態","精神状態","Estado mental","精神状态",
"STR_TERJEMED_PIS_MIND_LOW","Experiencing a light mental disorder","Experiencing a light mental disorder","Trpí mírnou duševní poruchou","erleidet leichte geistige Verwirrung","Испытывает легкое психическое растройство","Doświadcza łagodnego zaburzenia psychicznego","Enyhe mentális rendellenességet tapasztal","Sperimenta un lieve disturbo mentale","Experimenta una leve angustia mental","Éprouve une légère détresse mentale","經歷輕微的心理障礙","彼はわずかな精神障害を経験しています","Experimenta um leve distúrbio mental","他有轻微的精神障碍",
"STR_TERJEMED_PIS_MIND_HARD","Experiencing heavy mental disorder","Experiencing heavy mental disorder","Trpí těžkou duševní poruchou","Erleidet schwere geistige Verwirrung","Испытывает тяжелое психическое растройство","Przeżywa poważne zaburzenia psychiczne","Súlyos mentális rendellenességet tapasztal","Sperimenta un grave disturbo mentale","Experimenta una grave angustia mental","Éprouve une détresse mentale grave","經歷嚴重的心理障礙","彼は重度の精神障害を経験しています","Sofre de transtorno mental grave","他正在经历严重的精神障碍",
"STR_TERJEMED_PIS_WOUND","Wound","Wound","Rána","Wunde","Рана","Rana","A seb","Ferita","Herida","Plaie","傷口","傷","Ferida","伤口",
"STR_TERJEMED_PIS_BC","You can see a clean bandage on a heavily bleeding wound.","You can see a clean bandage on a heavily bleeding wound.","Na silně krvácející ráně vidíte čistý obvaz.","Sie sehen einen sauberen Verband an einer stark blutenden Wunde.","Вы видите чистый бинт на сильно кровоточащей ране.","Widzisz czysty bandaż na mocno krwawiącej ranie.","Tiszta kötést láthat egy erősen vérző sebben.","Vedi una benda pulita su una ferita che sanguina gravemente.","Ves un vendaje limpio en una herida muy sangrante.","Vous voyez un bandage propre sur une plaie qui saigne beaucoup.","你可以看到在大量出血的傷口上貼著乾淨的繃帶。","あなたはひどく出血している傷にきれいな包帯を見ることができます。","Estão a ver uma ligadura limpa na ferida que está a sangrar muito.","你可以在大量出血的伤口上看到一个干净的绷带。",
"STR_TERJEMED_PIS_BD","You see a dirty bandage on a badly bleeding wound.","You see a dirty bandage on a badly bleeding wound.","Na silně krvácející ráně vidíte špinavý obvaz.","Sie sehen einen schmutzigen Verband an einer stark blutenden Wunde.","Вы видите грязный бинт на сильно кровоточащей ране.","Widzisz brudny bandaż na mocno krwawiącej ranie.","Piszkos kötést láthat egy rosszul vérző sebben.","Vedi una benda sporca su una ferita che sanguina gravemente.","Ves un vendaje sucio en una herida muy sangrante.","Vous voyez un bandage sale sur une plaie qui saigne beaucoup.","你看到在重度出血的傷口上貼著髒的繃帶。","あなたはひどく出血している傷に汚れた包帯を見ることができます。","Estão a ver uma ligadura suja numa ferida que está a sangrar muito.","你看到一个严重出血的伤口上有一个肮脏的绷带。",
"STR_TERJEMED_PIS_SBC","You can see a clean bandage on the surgical suture.","You can see a clean bandage on the surgical suture.","Na chirurgickém švu vidíte čistý obvaz.","Sie sehen eine saubere Bandage an der chirurgischen Naht.","Вы видите чистый бинт на хирургическом шве.","Widzisz czysty bandaż na szwie chirurgicznym.","A műtéti varraton tiszta kötést láthat.","Vedi una benda pulita sulla sutura chirurgica.","Ves un vendaje limpio en la sutura quirúrgica.","Vous voyez un bandage propre sur la suture chirurgicale.","你可以看到手術縫合處上貼著乾淨的繃帶。","あなたは外科用縫合糸にきれいな包帯を見ることができます。","Estão a ver uma ligadura limpa na sutura cirúrgica.","你可以看到手术缝合线上有一个干净的绷带.",
"STR_TERJEMED_PIS_SBD","You can see the dirty bloody bandage on the surgical suture.","You can see the dirty bloody bandage on the surgical suture.","Na chirurgickém švu vidíte špinavý krvavý obvaz.","Sie sehen einen schmutzigen blutigen Verband an der chirurgischen Naht.","Вы видите грязный кровавый бинт на хирургическом шве.","Widzisz brudny, krwawy bandaż na szwie chirurgicznym.","Láthatjuk a piszkos véres kötést a sebészeti varraton.","Vedi una benda sporca e sanguinante sulla sutura chirurgica.","Ves un vendaje sucio y sangriento en la sutura quirúrgica.","Vous voyez un bandage sanglant sale sur la suture chirurgicale.","你可以看到手術縫合處上貼著髒的血跡繃帶。","あなたは外科用縫合糸に汚れた血まみれの包帯を見ることができます。","Estão a ver uma ligadura suja de sangue na sutura cirúrgica.","你可以看到手术缝合线上的脏血绷带。",
"STR_TERJEMED_PIS_SC","Do you see a clean surgical suture","Do you see a clean surgical suture","Vidíte čistý chirurgický šev","Sie sehen eine saubere chirurgische Naht","Вы видите чистый хирургический шов","Widzisz czysty szew chirurgiczny","Lát egy tiszta sebészeti varratot","Vedi una sutura chirurgica pulita","Ves una sutura quirúrgica limpia","Voyez-vous une suture chirurgicale propre","你看到乾淨的手術縫合處嗎？","あなたはきれいな外科用縫合糸を見ていますか","Estão a ver uma sutura cirúrgica limpa.","你看到干净的手术缝合线了吗？",
"STR_TERJEMED_PIS_SD","Do you see a dirty surgical suture","Do you see a dirty surgical suture","Vidíte špinavý chirurgický šev","Sie sehen eine schmutzige chirurgische Naht","Вы видите грязный хирургический шов","Widzisz brudny szew chirurgiczny","Látsz egy piszkos sebészeti varratot","Vedi una sutura chirurgica sporca","Ves una sutura quirúrgica sucia","Vous voyez une suture chirurgicale sale","你看到髒的手術縫合處嗎？","あなたは汚れた外科用縫合糸を見ますか","Você vê uma sutura cirúrgica suja","你看到脏的手术缝合线了吗？",
"STR_TERJEMED_PIS_HEM_CRIT","You see a lot of horrible bruises covering almost the entire body","You see a lot of horrible bruises covering almost the entire body","Vidíte spoustu děsivých hematomů, které pokrývají téměř celé tělo","Sie sehen viele schreckliche Hämatome, die fast den ganzen Körper bedecken","Вы видите множество ужастных гематом покрывающих практически все тело","Widzisz wiele przerażających krwiaków pokrywających prawie całe ciało","Sok szörnyű zúzódást lát, amely szinte az egész testet lefedi","Vedi molti ematomi terrificanti che coprono quasi tutto il corpo","Usted ve un montón de terribles hematomas que cubren casi todo el cuerpo","Vous voyez beaucoup d'hématomes terrifiants couvrant presque tout le corps","你看到身體幾乎全身被覆蓋著可怕的瘀傷。","あなたは、ほぼ全身をカバーする恐ろしい打撲傷の多くを参照してください","Você vê muitos hematomas assustadores cobrindo quase todo o corpo","你看到很多可怕的瘀伤几乎复盖了整个身体",
"STR_TERJEMED_PIS_HEM_BAD","You see a lot of bruises on the body","You see a lot of bruises on the body","Na těle vidíte spoustu hematomů","Sie sehen viele Hämatome am Körper","Вы видите множество гематом на теле","Widzisz wiele krwiaków na ciele","Sok zúzódást lát a testen","Vedi molti ematomi sul corpo","Ves muchos hematomas en el cuerpo","Vous voyez beaucoup d'hématomes sur le corps","你看到身體上有很多瘀傷。","あなたは体に多くの打撲傷を見ます","Você vê muitos hematomas no corpo","你看到身上有很多瘀伤",
"STR_TERJEMED_PIS_HEM_LOW","You see several bruises on the body","You see several bruises on the body","Na těle vidíte několik hematomů","Sie sehen ein paar Hämatome am Körper","Вы видите несколько гематом на теле","Widzisz kilka krwiaków na ciele","Több zúzódást lát a testen","Vedi diversi ematomi sul corpo","Ves varios hematomas en el cuerpo","Vous voyez plusieurs hématomes sur le corps","你看到身體上有幾個瘀傷。","あなたは体にいくつかの打撲傷を見ます","Você vê alguns hematomas no corpo","你看到身体上有几处瘀伤",
"STR_TERJEMED_PIS_STUB","You see deep and heavily bleeding wounds on the body","You see deep and heavily bleeding wounds on the body","Na těle vidíte hluboké silně krvácející tržné rány","Sie sehen tiefe, stark blutende Risswunden am Körper","Вы видите глубокие сильно кровоточащие рваные раны на теле","Widzisz Głębokie, mocno krwawiące rany na ciele","Mély, erősen vérző hasadásokat lát a testen","Vedi lacerazioni profonde e sanguinanti sul tuo corpo","Ves laceraciones profundas y sangrantes en el cuerpo","Vous voyez des lacérations profondes et saignantes sur le corps","你看到身體上有很深的、流血不止的傷口","あなたは体に深く出血している裂傷を見ます","Você vê lacerações profundas e sangrentas no corpo","你看到身体上有大量出血的伤口",
"STR_TERJEMED_PIS_BULLET","You can see the bullet wound, it seems the bullet is still inside.","You can see the bullet wound, it seems the bullet is still inside.","Vidíte ránu kulkou, zdá se, že kulka je stále uvnitř.","Sie sehen eine Wunde von einer Kugel, es scheint, dass die Kugel noch drin ist.","Вы видите рану от пули, кажется пуля все еще находится внутри.","Widzisz ranę od kuli, wygląda na to, że kula wciąż jest w środku.","Láthatják a golyó okozta sebet, úgy tűnik, a golyó még bent van.","Vedi la ferita del proiettile, sembra che il proiettile sia ancora dentro.","Ves la herida de la bala, parece que la bala todavía está dentro.","Vous voyez la blessure de la balle, il semble que la balle est toujours à l'intérieur.","你可以看到槍傷，看來子彈還在裡面。","あなたは弾丸の傷を見ることができます、それは弾丸がまだ中にあるようです。","Vemos a ferida de bala, parece que a bala ainda está lá dentro.","你可以看到子弹的伤口，看来子弹还在里面。",
"STR_TERJEMED_PIS_ZV","Zombie virus","Zombie virus","Zombie virus","Zombie-Virus","Зомби вирус","Wirus zombie","Zombi vírus","Virus zombie","Virus zombie","Virus zombie","殭屍病毒","ゾンビウイルス","Vírus zumbi","僵尸病毒",
"STR_TERJEMED_PIS_L1","Initial stage","Initial stage","Počáteční fáze","Anfangsstadium","Начальная стадия","Etap początkowy","A kezdeti szakasz","Fase iniziale","Preliminar","Stade initial","初始階段","初期段階","Estágio inicial","初始阶段",
"STR_TERJEMED_PIS_L2","Intermediate severe stage","Intermediate severe stage","Střední těžká fáze","Zwischenhohe Phase","Промежуточная тяжелая стадия","Pośredni ciężki etap","Közepes súlyos szakasz","Stadio intermedio grave","Etapa grave intermedia","Stade intermédiaire sévère","中度重度階段","中間重度期","Estágio intermediário pesado","中重度阶段",
"STR_TERJEMED_PIS_L3","Final critical stage","Final critical stage","Závěrečná kritická fáze","Letzte kritische Phase","Терминальная стадия","Ostatni etap krytyczny","Végső kritikus szakasz","Fase critica finale","Etapa crítica final","Phase critique finale","最後的關鍵階段","ファイナル-クリティカル-ステージ","Fase crítica Final","最后关键阶段",
"STR_TERJEMED_PIS_SEPSIS","Blood poisoning (sepsis)","Blood poisoning (sepsis)","Infekce krve (sepse)","Blutvergiftung (Sepsis)","Заражение крови (сепсис)","Zatrucie krwi (posocznica)","Vérmérgezés (szepszis)","Avvelenamento del sangue (sepsi)","Infección de la sangre (sepsis)","Infection du sang (septicémie)","血液中毒（敗血症）","血液中毒（敗血症）","Envenenamento do sangue (sepse)","血液中毒（败血症）",
"STR_TERJEMED_PIS_PAIN","Pain","Pain","Bolest","Schmerz","Боль","Ból","Fájdalom","Dolore","Dolor","Douleur","疼痛","痛み","Dor","疼痛",
"STR_TERJEMED_PIS_PAIN_L1","Light pain","Light pain","Mírná bolest","Leichte Schmerzen","Легкая боль","Łagodny ból","Enyhe fájdalom","Dolore lieve","Dolor leve","Douleur légère","輕微疼痛","わずかな痛み","Dor leve","轻微疼痛",
"STR_TERJEMED_PIS_PAIN_L2","Heavy pain","Heavy pain","Silná bolest","Starke Schmerzen","Сильная боль","Silny ból","Súlyos fájdalom","Doglia","Dolor vivo","Douleur intense","劇烈疼痛","激しい痛み","Dor intensa","剧烈疼痛",
"STR_TERJEMED_PIS_PAIN_L3","Unbearable pain","Unbearable pain","Nesnesitelná bolest","unerträglicher Schmerz","Невыносимая боль","Nieznośny ból","Elviselhetetlen fájdalom","Dolore insopportabile","Dolor insoportable","Douleur insupportable","難以忍受的疼痛","耐え難い痛み","Dor insuportável","难以忍受的疼痛",
"STR_TERJEMED_PIS_INFLUENZA","Influenza","Influenza","Chřipka","Influenza","Грипп","Grypa","Influenza","Influenzale","Influenza","Grippe","流感","インフルエンザ","Gripe","流感",
"STR_TERJEMED_PIS_INF_L1","A slight runny nose and fever.","A slight runny nose and fever.","Malá rýma a teplota.","Leichte laufende Nase und Temperatur.","Небольшой насморк и температура.","Mały katar i gorączka.","Enyhe orrfolyás és láz.","Un piccolo naso che cola e febbre.","Un poco de secreción nasal y fiebre.","Un petit nez qui coule et de la température.","輕微流鼻水和發燒。","わずかな鼻水と発熱。","Um pequeno resfriado e febre.","轻微流鼻涕和发烧。",
"STR_TERJEMED_PIS_INF_L2","Severe cough and high fever.","Severe cough and high fever.","Silný kašel a vysoká horečka.","Starker Husten und hohes Fieber.","Сильный кашель и высокая температура.","Silny kaszel i wysoka gorączka.","Súlyos köhögés és magas láz.","Tosse grave e febbre alta.","Tos fuerte y fiebre alta.","Forte toux et forte fièvre.","嚴重咳嗽和高燒。","激しい咳と高熱。","Tosse forte e febre alta.","严重咳嗽和高烧。",
"STR_TERJEMED_PIS_INF_L3","Pneumonia, life-threatening.","Pneumonia, life-threatening.","Zánět plic, ohrožení života.","Lungenentzündung, lebensbedrohlich.","Воспаление легких, угроза для жизни.","Zapalenie płuc, zagrożenie życia.","Tüdőgyulladás, életveszélyes.","Infiammazione polmonare, una minaccia per la vita.","Neumonía, una amenaza para la vida.","Pneumonie, menace pour la vie.","肺炎，危及生命。","肺炎、生命を脅かす。","Pneumonia, risco de vida.","肺炎，危及生命。",
"STR_TERJEMED_PIS_OVERDOSE","Overdose","Overdose","Předávkování","Überdosierung","Передозировка","Przedawkowanie","Túladagolás","Overdose","Sobredosis","Surdosage","過量服用","過剰摂取","Overdose","过量服用",
"STR_TERJEMED_PIS_OVERD_L1","Light overdose","Light overdose","Snadné předávkování","Leichte Überdosierung","Легкая передозировка","Łatwe przedawkowanie","Enyhe túladagolás","Overdose lieve","Sobredosis leve","Surdosage facile","輕度過量","軽度の過剰摂取","Sobredosagem leve","轻度过量",
"STR_TERJEMED_PIS_OVERD_L2","Heavy overdose","Heavy overdose","Silné předávkování","Schwere Überdosierung","Сильная передозировка","Poważne przedawkowanie","Súlyos túladagolás","Sovradosaggio grave","Sobredosis severa","Surdose sévère","嚴重過量","重度の過剰摂取","Overdose grave","严重过量",
"STR_TERJEMED_PIS_OVERD_L3","Critical overdose level","Critical overdose level","Kritická úroveň předávkování","Kritische Überdosierungsrate","Критический уровень передозировки","Krytyczny poziom przedawkowania","Kritikus túladagolási szint","Livello critico di sovradosaggio","Nivel crítico de sobredosis","Niveau critique de surdosage","危及生命的過量程度","過剰摂取の重大なレベル","Nível crítico de superdose","过量的临界水平",
"STR_TERJEMED_PIS_POISON","Food poisoning","Food poisoning","Otrava jídlem","Lebensmittelvergiftung","Пищевое отравление","Zatrucie pokarmowe","Ételmérgezés","Intossicazione alimentare","Bromatoxismo","Intoxication alimentaire","食物中毒","食中毒","Intoxicação alimentar","食物中毒",
"STR_TERJEMED_PIS_PL1","Light poisoning","Light poisoning","Lehká otrava","Leichte Vergiftung","Легкое отравление","Łagodne zatrucie","Enyhe mérgezés","Avvelenamento lieve","Envenenamiento leve","Intoxication légère","輕度中毒","軽度の中毒","Envenenamento leve","轻度中毒",
"STR_TERJEMED_PIS_PL2","Severe poisoning","Severe poisoning","Těžká otrava","Schwere Vergiftung","Тяжелое отравление","Ciężkie zatrucie","Súlyos mérgezés","Avvelenamento grave","Intoxicación grave","Empoisonnement grave","重度中毒","重度の中毒","Envenenamento grave","严重中毒",
"STR_TERJEMED_PIS_PL3","Critical poisoning","Critical poisoning","Kritická otrava","Kritische Vergiftung","Критическое отравление","Zatrucie krytyczne","Kritikus mérgezés","Avvelenamento critico","Envenenamiento crítico","Empoisonnement critique","危及生命的中毒","重大な中毒","Envenenamento crítico","严重中毒",
"STR_TERJEMED_PIS_BIOHAZARD","Chemical poisoning","Chemical poisoning","Chemická otrava","Chemische Vergiftung","Химическое отравление","Zatrucie chemiczne","Kémiai mérgezés","Avvelenamento chimico","Envenenamiento químico","Empoisonnement chimique","化學中毒","化学中毒","Envenenamento químico","化学中毒",
"STR_TERJEMED_PIS_RABIES","Rabies","Rabies","Vztek","Tollwut","Бешенство","Wścieklizna","Veszettség","Rabbia","Rabia","Rage","狂犬病","狂犬病","Raiva","狂犬病",
"STR_TERJEPERK_MED_STETHOSCOPE","Stethoscope mastering","Stethoscope mastering","Vlastnictví stetoskopu","Besitz eines Stethoskops","Владение стетоскопом","Posiadanie stetoskopu","Sztetoszkóp birtoklása","Possesso dello stetoscopio","Poseer un estetoscopio","Possession d'un stéthoscope","聽診器精通","聴診器を所有している","Posse do estetoscópio","拥有听诊器",
"STR_TERJEPERK_MED_STETHOSCOPE_DES","You have learned how to masterfully use a stethoscope to accurately diagnose the condition, diseases and wounds of your patients.","You have learned how to masterfully use a stethoscope to accurately diagnose the condition, diseases and wounds of your patients.","Naučili jste se mistrně používat stetoskop k přesné diagnostice stavu, nemocí a ran u vašich pacientů.","Sie haben gelernt, ein Stethoskop meisterhaft zu verwenden, um den Zustand, die Krankheiten und die Wunden Ihrer Patienten genau zu diagnostizieren.","Вы научились мастерски использовать стетоскоп для точного диагностирования состояния, болезней и ран у ваших пациентов.","Nauczyłeś się po mistrzowsku używać stetoskopu do dokładnego diagnozowania stanu, chorób i ran u pacjentów.","Megtanulta, hogyan kell mesterien használni a sztetoszkópot a betegek állapotának, betegségeinek és sebeinek pontos diagnosztizálására.","Hai imparato a usare magistralmente uno stetoscopio per diagnosticare accuratamente condizioni, malattie e ferite nei tuoi pazienti.","Usted ha aprendido a utilizar magistralmente el estetoscopio para diagnosticar con precisión la condición, la enfermedad y las heridas de sus pacientes.","Vous avez appris à utiliser magistralement un stéthoscope pour diagnostiquer avec précision l'état, les maladies et les blessures de vos patients.","你已經學會了如何熟練地使用聽診器，準確診斷病人的病情、疾病和傷口。","あなたは見事に正確にあなたの患者の状態、病気や傷を診断するために聴診器を使用する方法を学びました。","Você aprendeu a usar magistralmente um estetoscópio para diagnosticar com precisão condições, doenças e feridas em seus pacientes.","你已经学会了如何熟练地使用听诊器来准确诊断病人的病情、疾病和伤口。",
"STR_TERJEMED_PIS_NOSKILL","No perk","No perk","Žádný perk","Kein Vorteil","Нет перка","Brak profitu","Nincs perk","Nessun vantaggio","Sin beneficio","Pas d'avantage","沒有技能","特典はありません","Sem vantagem","没有perk",
"STR_TERJEMED_PIS_NOSKILL_DESC","You don't seem to understand anything. The skill of using a stethoscope is required.","You don't seem to understand anything. The skill of using a stethoscope is required.","Myslím, že jste to nepochopil. Je vyžadována dovednost stetoskopu.","Es scheint, dass Sie nichts verstanden haben. Erfordert die Fähigkeit, ein Stethoskop zu besitzen.","Кажется у вас ничего не получилось понять. Требуется навык владения стетоскопом.","Wydaje się, że nic nie udało ci się zrozumieć. Wymagana jest umiejętność posługiwania się stetoskopem.","Úgy tűnik, nem értesz semmit. A sztetoszkóp használatának készsége szükséges.","Sembra che tu non abbia capito niente. È richiesta l'abilità di possedere uno stetoscopio.","Parece que no entendiste nada. Se requiere la habilidad de poseer un estetoscopio.","Il semble que vous n'ayez rien compris. Nécessite la compétence de posséder un stéthoscope.","你好像什麼都不懂。需具備使用聽診器的技能。","あなたは何も理解していないようです。 聴診器を使用するスキルが必要です。","Parece que não percebeu nada. É necessário possuir um estetoscópio.","你似乎什么都不懂。 需要使用听诊器的技能。",
"STR_TERJEPERK_MED_STETHOSCOPE_HINT_1","Displays the presence of diseases","Displays the presence of diseases","Mapuje přítomnost nemocí","Zeigt das Vorhandensein von Krankheiten an","Отображает наличие болезней","Wyświetla obecność chorób","Megjeleníti a betegségek jelenlétét","Visualizza la presenza di malattie","Muestra la presencia de enfermedades","Affiche la présence de maladies","顯示疾病的存在","病気の存在を表示します","Exibe a presença de doenças","显示疾病的存在",
"STR_TERJEPERK_MED_STETHOSCOPE_HINT_2","Displays the level of diseases","Displays the level of diseases","Mapuje míru onemocnění","Zeigt das Krankheitsniveau an","Отображает уровень болезней","Wyświetla poziom chorób","Megjeleníti a betegségek szintjét","Visualizza il livello di malattia","Muestra el nivel de enfermedad","Affiche le niveau de maladie","顯示疾病級別","病気のレベルを表示します","Exibe o nível de doença","显示疾病的水平",
"STR_TERJEPERK_MED_STETHOSCOPE_HINT_3","Displays diseases at the incubation stage","Displays diseases at the incubation stage","Mapuje nemoci v inkubační fázi","Zeigt Krankheiten im Inkubationsstadium an","Отображает болезни на инкубационной стадии","Wyświetla choroby w fazie inkubacji","Megjeleníti a betegségeket az inkubációs szakaszban","Visualizza le malattie nella fase di incubazione","Muestra enfermedades en la etapa de incubación","Affiche les maladies au stade d'incubation","顯示潛伏期的疾病","インキュベーション段階で病気を表示します","Exibe doenças na fase de incubação","在孵化阶段显示疾病",
"STR_TERJEPERK_IMMTY_BIOHZRDRESIST","Chemical poisoning resistance","Chemical poisoning resistance","Odolnost vůči chemické otravě","Resistenz gegen chemische Vergiftung","Устойчивость к химическому отравлению","Odporność na zatrucia chemiczne","Kémiai mérgezéssel szembeni ellenállás","Resistenza all'avvelenamento chimico","Resistencia al envenenamiento químico","Résistance à l'empoisonnement chimique","抗化學中毒","化学中毒に対する耐性","Resistência ao envenenamento químico","耐化学中毒",
"STR_TERJEPERK_IMMTY_BIOHZRDRESIST_DES","Your body has an increased resistance to chemical and biohazard agents. Due to the improved functioning of the immune system, toxic agents are eliminated from the body faster.","Your body has an increased resistance to chemical and biohazard agents. Due to the improved functioning of the immune system, toxic agents are eliminated from the body faster.","Vaše tělo má zvýšenou odolnost vůči chemickým toxinům a bojovým otravným látkám. Díky zlepšení fungování imunitního systému jsou toxické chemikálie z těla vylučovány rychleji.","Ihr Körper hat eine erhöhte Resistenz gegen chemische Toxine und Kampfgifte. Durch eine verbesserte Funktion des Immunsystems werden giftige Chemikalien schneller aus dem Körper ausgeschieden.","Ваш организм обладает повышенной устойчивостью к химическим токсинам и боевым отравляющим веществам. Благодаря улучшению работы иммунной системы токсичные химические вещества выводятся из организма быстрее.","Twoje ciało ma zwiększoną odporność na toksyny chemiczne i trujące substancje bojowe. Dzięki poprawie funkcjonowania układu odpornościowego toksyczne chemikalia są szybciej usuwane z organizmu.","A szervezet fokozott ellenállást mutat a kémiai toxinokkal és a kémiai hadviseléssel szemben. Az immunrendszer jobb működése miatt a mérgező vegyi anyagok gyorsabban ürülnek ki a szervezetből.","Il tuo corpo ha una maggiore resistenza alle tossine chimiche e agli agenti velenosi da combattimento. Migliorando il funzionamento del sistema immunitario, le sostanze chimiche tossiche vengono eliminate più rapidamente dal corpo.","Su cuerpo tiene una mayor resistencia a las toxinas químicas y agentes de guerra. Al mejorar el funcionamiento del sistema inmunológico, los productos químicos tóxicos se eliminan del cuerpo más rápidamente.","Votre corps a une résistance accrue aux toxines chimiques et aux agents toxiques de combat. Grâce à l'amélioration du système immunitaire, les produits chimiques toxiques sont éliminés plus rapidement du corps.","您的身體對化學和生物危害劑的抵抗力增強。由於免疫系統功能的改善，毒性物質從體內排出的速度更快。","あなたの体に化学毒素および化学戦争の代理店への高められた抵抗がある。 免疫系の機能が改善されているため、有毒な化学物質は体からより速く排除されます。","Seu corpo tem maior resistência a toxinas químicas e agentes de guerra. Graças à melhoria do sistema imunológico, os produtos químicos tóxicos são eliminados do corpo mais rapidamente.","你的身体对化学毒素和化学战剂的抵抗力增加。 由于免疫系统功能的改善，有毒化学物质更快地从体内消除。",
"STR_TERJEMED_EXPRESSTESTBLOOD_NAME","A set of express blood tests","A set of express blood tests","Sada expresních krevních testů","Blut-Schnelltest-Set","Набор экспресс тестов крови","Zestaw szybkich badań krwi","Egy sor gyors vérvizsgálat","Kit di test del sangue rapido","Conjunto de pruebas de sangre rápidas","Kit de test sanguin rapide","一套快速血液檢測","迅速な血液検査のセット","Conjunto de teste de sangue expresso","一套快速验血",
"STR_TERJEMED_EXPRESSTESTBLOOD_DESC","A set of few express tests for diagnosing various diseases at different stages. They are used for timely diagnosis of diseases at the incubation stage before symptoms appear.","A set of few express tests for diagnosing various diseases at different stages. They are used for timely diagnosis of diseases at the incubation stage before symptoms appear.","Sada několika expresních testů pro diagnostiku různých onemocnění v různých fázích. Používá se k včasné diagnostice onemocnění v inkubační fázi, dokud se neobjeví příznaky.","Eine Reihe von mehreren Schnelltests zur Diagnose verschiedener Krankheiten in verschiedenen Stadien. Werden verwendet, um Krankheiten im Inkubationsstadium rechtzeitig zu diagnostizieren, bevor Symptome auftreten.","Набор из нескольких экспресс тестов для диагностирования различных заболеваний на разных стадиях. Используются для своевременного диагностирования болезней на инкубационной стадии до появляения симптомов.","Zestaw kilku szybkich testów do diagnozowania różnych chorób na różnych etapach. Służy do terminowego diagnozowania chorób na etapie inkubacji przed pojawieniem się objawów.","Számos gyors teszt a különböző betegségek diagnosztizálására különböző szakaszokban. Ezeket a betegségek időben történő diagnosztizálására használják az inkubációs szakaszban a tünetek megjelenése előtt.","Una serie di diversi test rapidi per diagnosticare varie malattie in diverse fasi. Vengono utilizzati per diagnosticare tempestivamente le malattie nella fase di incubazione prima che compaiano i sintomi.","Un conjunto de varias pruebas rápidas para diagnosticar diferentes enfermedades en diferentes etapas. Se utilizan para el diagnóstico oportuno de enfermedades en la etapa de incubación antes de la aparición de síntomas.","Un ensemble de plusieurs tests rapides pour diagnostiquer différentes maladies à différents stades. Utilisé pour diagnostiquer rapidement les maladies au stade d'incubation avant l'apparition des symptômes.","一組用於診斷不同階段各種疾病的快速測試。它們用於在症狀出現之前的潛伏期及時診斷疾病。","さまざまな段階でさまざまな病気を診断するためのいくつかの迅速なテストのセット。 それらは、症状が現れる前のインキュベーション段階での疾患のタイムリーな診断に使用されます。","Um conjunto de vários testes rápidos para diagnosticar várias doenças em diferentes estágios. Eles são usados para o diagnóstico oportuno de doenças no estágio de incubação antes que os sintomas apareçam.","一组用于诊断不同阶段的各种疾病的几种快速测试。 它们用于在症状出现之前的孵化阶段及时诊断疾病。",
"STR_TERJEMED_EXPRESSTESTPH_NAME","Express agents test","Express agents test","Test expresních agentů","Express-Agenten-Test","Экспресс-тест на агенты","Test agentów ekspresowych","Expressz ügynökök tesztje","Express agenti di prova","Prueba de agentes exprés","Test des agents express","快速檢測劑","エクスプレスエージェントテスト","Teste dos agentes expressos","快递代理测试",
"STR_TERJEMED_EXPRESSTESTPH_DESC","Express strips are used to identify pathogenic agents on various objects and liquids.","Express strips are used to identify pathogenic agents on various objects and liquids.","Expresní proužky se používají k určení patogenů na různých předmětech a kapalinách.","Express-Streifen werden verwendet, um Krankheitserreger auf verschiedenen Gegenständen und Flüssigkeiten zu identifizieren.","Экспресс полоски используются для определения болезнетворных агентов на различных предметах и жидкостях.","Paski ekspresowe służą do identyfikacji czynników chorobotwórczych na różnych przedmiotach i płynach.","Az expressz csíkokat különböző tárgyak és folyadékok kórokozóinak azonosítására használják.","Express Le strisce vengono utilizzate per identificare agenti patogeni su una varietà di oggetti e fluidi.","Las tiras Express se utilizan para identificar agentes causantes de enfermedades en una variedad de objetos y líquidos.","Les bandes Express sont utilisées pour identifier les agents pathogènes sur divers objets et liquides.","快速試紙用於識別各種物體和液體上的致病因子。","エクスプレスストリップは、さまざまな物体や液体の病原体を識別するために使用されます。","As tiras Express são usadas para identificar agentes causadores de doenças em uma variedade de objetos e líquidos.","表达条用于识别各种物体和液体上的致病剂。",
"STR_TERJEMED_CHOLERA","Cholera","Cholera","Cholera","Cholera","Холера","Cholera","Kolera","Colera","Cólera","Choléra","霍亂","コレラ","Cólera","霍乱",
"STR_TERJEMED_INFLUENZA","Flu","Flu","Chřipka","Grippe","Грипп","Grypa","Influenza","Influenza","Gripe","Grippe","流感","インフルエンザ","Gripe","流感",
"STR_TERJEMED_SALMONELLA","Salmonella","Salmonella","Salmonela","Salmonelle","Сальмонелла","Salmonella","Szalmonella","Salmonella","Salmonella","Salmonelles","沙門氏菌","サルモネラ菌","Salmonelas","沙门氏菌",
"STR_TERJEMED_BRAIN","Kuru","Kuru","Slepice","Huehner","Куру","Kura","Kuru","Kura","Kuru","Kuru","庫魯","くる","Kuru","库鲁",
"STR_TERJEMED_FOOD_POISON","E. coli","E. coli","E. coli","Escherichia coli","Кишечная палочка","E. coli","E. coli","Colibacillo","Escherichia coli","Bacille intestinal","大腸桿菌","大腸菌(e.coli)","E. coli","大肠杆菌",
"STR_TERJEMED_CHEMICAL_POISON","Chemical agents","Chemical agents","Chemické látky","Chemische Mittel","Химические агенты","Środki chemiczne","Vegyi anyagok","Agente chimico","Agentes químicos","Agents chimiques","化學藥劑","化学薬品","Agentes químicos","化学药剂",
"STR_TERJEMED_HEAVYMETAL","Heavy metals","Heavy metals","Těžké kovy","Schwermetalle","Тяжелые металы","Metale ciężkie","Nehézfémek","Metalli pesanti","Metales pesados","Métaux lourds","重金屬","重金属","Metais pesados","重金属",
"STR_TERJEMED_EXPRESS_RESULT","Express test result","Express test result","Expresní výsledek testu","Express-Testergebnis","Результат экспресс-теста","Ekspresowy wynik testu","Expressz teszt eredménye","Express risultato del test","Resultado de la prueba Express","Résultat d'essai exprès","快速檢測結果","明白なテスト結果","Resultado expresso do ensaio","快速测试结果",
"STR_TERJEMED_EXPRESS_CLEAN","No chemical or biological agents have been detected.","No chemical or biological agents have been detected.","Chemické a biologické látky nebyly nalezeny","Keine chemischen und biologischen Wirkstoffe gefunden","Химические и биологические агенты не обнаружены.","Nie znaleziono środków chemicznych i biologicznych","Nem mutattak ki kémiai vagy biológiai anyagokat.","Agenti chimici e biologici non rilevati","Agentes químicos y biológicos no detectados","Aucun agent chimique et biologique détecté","未檢測到任何化學或生物製劑。","化学的または生物学的薬剤は検出されていない。","Agentes químicos e biológicos não foram detectados","没有检测到化学或生物制剂。",
"STR_TERJEMED_EXPRESSTESTVIRZ_NAME","Zombie virus express blood test","Zombie virus express blood test","Zombie virus express krevní test","Zombie-Virus-Express-Bluttest","Экспресс-анализ крови на вирус зомби","Ekspresowe badanie krwi wirusa Zombie","Zombi vírus expressz vérvizsgálat","Zombie virus express esame del sangue","Prueba de sangre Zombie virus express","Test sanguin express du virus zombie","殭屍病毒快速血液檢測","ゾンビウイルスエクスプレス血液検査","Teste de sangue expresso do vírus Zombie","僵尸病毒表达血液测试",
"STR_TERJEMED_EXPRESSTESTSEPS_NAME","Sepsis express blood test","Sepsis express blood test","Sepse expresní krevní test","Sepsis-Express-Bluttest","Экспресс-анализ крови на сепсис","Sepsa ekspresowe badanie krwi","Szepszis expressz vérvizsgálat","Sepsi express esame del sangue","Prueba de sangre Sepsis express","Test sanguin Sepsis express","敗血症快速血液檢測","敗血症エクスプレス血液検査","Sepsis exame de sangue expresso","败血症血液测试",
"STR_TERJEMED_EXPRESSTESTRABIE_NAME","Rabies express blood test","Rabies express blood test","Expresní krevní test na vzteklinu","Tollwut-Express-Bluttest","Экспресс-анализ крови на бешенство","Wścieklizna ekspresowe badanie krwi","Veszettség expressz vérvizsgálat","Esame del sangue espresso rabbia","Prueba de sangre rápida contra la rabia","Test sanguin express contre la rage","狂犬病快速血液檢測","狂犬病エクスプレス血液検査","Teste de sangue expresso da raiva","狂犬病表达血液测试",
"STR_TERJEMED_EXPRESSTESTRABIE_DESC","An express blood test designed to determine the presence of rabies virus in the blood. It is able to detect the presence of the disease long before the first symptoms appear, even at the incubation stage.","An express blood test designed to determine the presence of rabies virus in the blood. It is able to detect the presence of the disease long before the first symptoms appear, even at the incubation stage.","Rychlý krevní test určený k určení přítomnosti viru vztekliny v krvi. Je schopen určit přítomnost onemocnění dlouho předtím, než se objeví první příznaky ještě v inkubační fázi.","Ein schneller Bluttest wurde entwickelt, um das Vorhandensein eines Tollwutvirus im Blut zu bestimmen. Kann das Vorhandensein der Krankheit lange vor dem Auftreten der ersten Symptome bereits im Inkubationstadium bestimmen.","Экспресс-анализ крови предназначенный для определения наличия в крови вируса бешенства. Способен определить наличие болезни задолго до появления первых симптомов еще на инкубационном этапе.","Szybkie badanie krwi mające na celu określenie obecności wirusa wścieklizny we krwi. Jest w stanie określić obecność choroby na długo przed pojawieniem się pierwszych objawów na etapie inkubacji.","Expressz vérvizsgálat, amelynek célja a veszettség vírus jelenlétének meghatározása a vérben. Képes kimutatni a betegség jelenlétét jóval az első tünetek megjelenése előtt, még az inkubációs szakaszban is.","Un esame del sangue rapido progettato per determinare la presenza del virus della rabbia nel sangue. È in grado di determinare la presenza della malattia molto prima della comparsa dei primi sintomi nella fase di incubazione.","Un análisis de sangre rápido diseñado para determinar la presencia del virus de la rabia en la sangre. Es capaz de determinar la presencia de la enfermedad mucho antes de la aparición de los primeros síntomas, incluso en la etapa de incubación.","Un test sanguin rapide est conçu pour déterminer la présence du virus de la rage dans le sang. Il est capable de déterminer la présence de la maladie bien avant l'apparition des premiers symptômes au stade d'incubation.","這是一種快速血液檢測，旨在檢測血液中是否存在狂犬病病毒。它能夠在疾病的第一個症狀出現之前，甚至在潛伏期階段，就能檢測出狂犬病的存在。","血液中の狂犬病ウイルスの存在を決定するために設計されたエクスプレス血液検査。 インキュベーション段階であっても、最初の症状が現れるずっと前に病気の存在を検出することができます。","Um exame de sangue rápido é projetado para determinar a presença no sangue do vírus da raiva. É capaz de determinar a presença da doença muito antes dos primeiros sintomas aparecerem na fase de incubação.","一种快速血液测试，旨在确定血液中是否存在狂犬病病毒。 它能够在第一个症状出现之前很久就检测到疾病的存在，即使在孵化阶段也是如此。",
"STR_TERJEMED_EXPRESSTESTSPESIS_DESC","An express blood test designed to determine the presence of sepsis in the blood. It is able to detect the presence of the disease long before the first symptoms appear, even at the incubation stage.","An express blood test designed to determine the presence of sepsis in the blood. It is able to detect the presence of the disease long before the first symptoms appear, even at the incubation stage.","Expresní krevní test určený k určení přítomnosti sepse v krvi. Je schopen detekovat přítomnost onemocnění dlouho předtím, než se objeví první příznaky, a to i ve fázi inkubace.","Ein Express-Bluttest zur Bestimmung des Vorhandenseins von Sepsis im Blut. Es ist in der Lage, das Vorhandensein der Krankheit zu erkennen, lange bevor die ersten Symptome auftreten, sogar in der Inkubationsphase.","Экспресс-анализ крови, предназначенный для определения наличия сепсиса в крови. Он способен выявить наличие заболевания задолго до появления первых симптомов, даже на стадии инкубации.","Ekspresowe badanie krwi mające na celu określenie obecności sepsy we krwi. Jest w stanie wykryć obecność choroby na długo przed pojawieniem się pierwszych objawów, nawet na etapie inkubacji.","Expressz vérvizsgálat, amelynek célja a szepszis jelenlétének meghatározása a vérben. Képes kimutatni a betegség jelenlétét jóval az első tünetek megjelenése előtt, még az inkubációs szakaszban is.","Un esame del sangue espresso progettato per determinare la presenza di sepsi nel sangue. È in grado di rilevare la presenza della malattia molto prima che compaiano i primi sintomi, anche nella fase di incubazione.","Un análisis de sangre exprés diseñado para determinar la presencia de sepsis en la sangre. Es capaz de detectar la presencia de la enfermedad mucho antes de que aparezcan los primeros síntomas, incluso en la etapa de incubación.","Un test sanguin express conçu pour déterminer la présence d'une septicémie dans le sang. Il est capable de détecter la présence de la maladie bien avant l'apparition des premiers symptômes, même au stade de l'incubation.","這是一種快速血液檢測，旨在檢測血液中是否存在敗血症。它能夠在疾病的第一個症狀出現之前，甚至在潛伏期階段，就能檢測出敗血症的存在。","血液中の敗血症の存在を決定するために設計されたエクスプレス血液検査。 インキュベーション段階であっても、最初の症状が現れるずっと前に病気の存在を検出することができます。","Um exame de sangue expresso destinado a determinar a presença de sepse no sangue. É capaz de detectar a presença da doença muito antes do aparecimento dos primeiros sintomas, mesmo na fase de incubação.","一种快速血液测试，旨在确定血液中败血症的存在。 它能够在第一个症状出现之前很久就检测到疾病的存在，即使在孵化阶段也是如此。",
"STR_TERJEMED_EXPRESSTESTVIRUSZ_DESC","An express blood test designed to determine the presence of zombie virus in the blood. It is able to detect the presence of the disease long before the first symptoms appear, even at the incubation stage.","An express blood test designed to determine the presence of zombie virus in the blood. It is able to detect the presence of the disease long before the first symptoms appear, even at the incubation stage.","Expresní krevní test určený k určení přítomnosti viru zombie v krvi. Je schopen detekovat přítomnost onemocnění dlouho předtím, než se objeví první příznaky, a to i ve fázi inkubace.","Ein Express-Bluttest zur Bestimmung des Vorhandenseins von Zombie-Viren im Blut. Es ist in der Lage, das Vorhandensein der Krankheit zu erkennen, lange bevor die ersten Symptome auftreten, sogar in der Inkubationsphase.","Экспресс-анализ крови, предназначенный для определения наличия зомби-вируса в крови. Он способен выявить наличие заболевания задолго до появления первых симптомов, даже на стадии инкубации.","Ekspresowe badanie krwi mające na celu określenie obecności wirusa zombie we krwi. Jest w stanie wykryć obecność choroby na długo przed pojawieniem się pierwszych objawów, nawet na etapie inkubacji.","Expressz vérvizsgálat, amelynek célja a zombi vírus jelenlétének meghatározása a vérben. Képes kimutatni a betegség jelenlétét jóval az első tünetek megjelenése előtt, még az inkubációs szakaszban is.","Un esame del sangue espresso progettato per determinare la presenza di virus zombie nel sangue. È in grado di rilevare la presenza della malattia molto prima che compaiano i primi sintomi, anche nella fase di incubazione.","Un análisis de sangre exprés diseñado para determinar la presencia del virus zombie en la sangre. Es capaz de detectar la presencia de la enfermedad mucho antes de que aparezcan los primeros síntomas, incluso en la etapa de incubación.","Un test sanguin express conçu pour déterminer la présence du virus zombie dans le sang. Il est capable de détecter la présence de la maladie bien avant l'apparition des premiers symptômes, même au stade de l'incubation.","這是一種快速血液檢測，旨在檢測血液中是否存在僵屍病毒。它能夠在疾病的第一個症狀出現之前，甚至在潛伏期階段，就能檢測出僵屍病毒的存在。","血液中のゾンビウイルスの存在を決定するために設計されたエクスプレス血液検査。 インキュベーション段階であっても、最初の症状が現れるずっと前に病気の存在を検出することができます。","Um exame de sangue expresso destinado a determinar a presença de vírus zombie no sangue. É capaz de detectar a presença da doença muito antes do aparecimento dos primeiros sintomas, mesmo na fase de incubação.","一种快速血液测试，旨在确定血液中是否存在僵尸病毒。 它能够在第一个症状出现之前很久就检测到疾病的存在，即使在孵化阶段也是如此。",
"STR_TERJEMED_PROPITAL","Propital","Propital","Propital","Propital","Пропитал","Propital","Propitál","Propital","Propital","Propital","[医]Propital","プロピタル","Propital","[医]Propital",
"STR_TERJEMED_BODY_DRAG","Drag body","Drag body","Táhnout tělo","Den Körper ziehen","Тащить тело","Ciągnięcie ciała","Húzza a testet","Trascinare il corpo","Arrastrando el cuerpo","Tirer le corps","拖着尸体","体をドラッグする","Arrastando o corpo","拖着尸体",
"STR_TERJEMED_BODY_LOAD","Load body into the car","Load body into the car","Naložit tělo do auta","Den Körper in das Auto eintauchen","Погрузить тело в машину","Zanurz ciało w samochodzie","Töltse be a testet az autóba","Immergere il corpo in macchina","Sumergir el cuerpo en el coche","Immerger le corps dans la machine","将车身装入车内","ボディを車に積み込む","Colocar o corpo no carro","将车身装入车内",
"STR_TERJEMED_CYANIDE","Potassium cyanide","Potassium cyanide","Kyanid draselný","Kaliumcyanid","Цианистый калий","Cyjanek potasu","Kálium-cianid","Cianuro di potassio","Cianuro de potasio","Cyanure de potassium","氰化钾","シアン化カリウム","Cianeto de potássio","氰化钾",
"STR_TERJEMED_ARSENIC","Arsenic","Arsenic","Arsen","Arsenik","Мышьяк","Arsen","Arzén","Arsenico","Arsénico","Arsenic","砷","ヒ素","Arsénio","砷",
"STR_TERJEMED_IVERSAN","Iversan","Iversan","Iversan","Iversan","Иверсан","Iversan","Iversan","Iversan","Iversan","Iversan","艾弗森","イヴェルサン","Iversan","艾弗森",
"STR_TERJEMED_BELADONNA","Belladonna extract","Belladonna extract","Extrakt z beladonny","Beladonna-Extrakt","Экстракт беладонны","Ekstrakt z beladonny","Belladonna Kivonat","Estratto di beladonna","Extracto de belladona","Extrait de beladonna","颠茄提取物","ベラドンナエキス","Extrato de Belladonna","颠茄提取物",
"STR_TERJEMED_STRYCHNINE","Strychnine","Strychnine","Strychnin","Strychnin","Cтрихнин","Strychnina","Sztrichnin","Stricnina","Estricnina","Strychnine","马钱子碱","ストリキニーネ","Estricnina","马钱子碱",
"STR_TERJEMED_KONYIN","Konyin","Konyin","Konyin","Coniin","Кониин","Koniin","Lóhús","Coniina","Koniin","Koniin","马肉","馬肉","Konyin","马肉",
"STR_TERJEMED_KNOCKOUT_INFO","You are knocked out and can be revived by other player","You are knocked out and can be revived by other player","Jste ve vyřazovací části a můžete být oživeni jiným hráčem","Sie befinden sich in einem knockout und können von einem anderen spieler wiederbelebt werden","Вы находитесь в нокауте и можете быть возрождены другим игроком","Jesteś w nokaucie i możesz zostać wskrzeszony przez innego gracza","Ön kiütötte, és lehet újraéleszteni egy másik játékos.","Sei a eliminazione diretta e puoi essere rianimato da un altro giocatore","Usted está en knockout y puede ser revivido por otro jugador","Vous êtes dans un Ko et pouvez être relancé par un autre joueur","你被击倒，可以被另一个玩家复活。","あなたはノックアウトされ、他のプレイヤーによって復活させることができます。","Você está nocauteado e pode ser revivido por outro jogador","你被击倒，可以被另一个玩家复活。",
"STR_PLAYZ_MED_AMPOULE_ALCOHOL","Alcohol Ampoule","Alcohol Ampoule","Alcoholová ampule","Alkohol-Ampulle","Ампула спирта","Ampułka alkoholu","Alkohol ampulla","Fiala di alcol","Ampolla de alcohol","Ampoule d'alcool","酒精安瓿","アルコールアンプル","Ampola de álcool","酒精安瓿",
"STR_PLAYZ_MED_AMPOULE_NEIROX","Concussion Relief Ampoule","Concussion Relief Ampoule","Ampule na otřes mozku","Ampulle gegen Gehirnerschütterung","Ампула от сотрясения","Ampułka na wstrząs mózgu","Agyrázkódás elleni ampulla","Fiala anti-commozione","Ampolla para conmoción","Ampoule anti-commotion","脑震缓解安瓿","脳しんとう緩和アンプル","Ampola para concussão","脑震缓解安瓿",
"STR_PLAYZ_MED_AMPOULE_HEPTRAL","Atropine Ampoule","Atropine Ampoule","Atropinová ampule","Atropin-Ampulle","Ампула атропина","Ampułka atropiny","Atropin ampulla","Fiala di atropina","Ampolla de atropina","Ampoule d'atropine","阿托品安瓿","アトロピンアンプル","Ampola de atropina","阿托品安瓿",
"STR_PLAYZ_MED_AMPOULE_POTASSIUM_CYANIDE","Cyanide Ampoule","Cyanide Ampoule","Kyanidová ampule","Zyanid-Ampulle","Ампула цианида","Ampułka cyjanku","Cianid ampulla","Fiala di cianuro","Ampolla de cianuro","Ampoule de cyanure","氰化物安瓿","シアン化物アンプル","Ampola de cianeto","氰化物安瓿",
"STR_PLAYZ_MED_AMPOULE_KONYIN","Deep Sedative Ampoule","Deep Sedative Ampoule","Ampule silného sedativa","Ampulle starkes Sedativ","Ампула глубокого седатива","Ampułka silnego sedatywu","Mély nyugtató ampulla","Fiala sedativo forte","Ampolla sedante fuerte","Ampoule sédatif fort","深度镇静安瓿","強鎮静アンプル","Ampola sedativo forte","深度镇静安瓿",
"STR_PLAYZ_MED_AMPOULE_BELADONNA","Belladonna Ampoule","Belladonna Ampoule","Ampule belladonny","Belladonna-Ampulle","Ампула белладонны","Ampułka belladonny","Belladonna ampulla","Fiala di belladonna","Ampolla de belladona","Ampoule de belladone","颠茄安瓿","ベラドンナアンプル","Ampola de beladona","颠茄安瓿",
"STR_PLAYZ_MED_AMPOULE_ADRENALIN","Adrenaline Ampoule","Adrenaline Ampoule","Adrenalinová ampule","Adrenalin-Ampulle","Ампула адреналина","Ampułka adrenaliny","Adrenalin ampulla","Fiala di adrenalina","Ampolla de adrenalina","Ampoule d'adrénaline","肾上腺素安瓿","アドレナリンアンプル","Ampola de adrenalina","肾上腺素安瓿",
"STR_PLAYZ_MED_AMPOULE_NOVACAINE","Lidocaine Ampoule","Lidocaine Ampoule","Lidokainová ampule","Lidocain-Ampulle","Ампула лидокаина","Ampułka lidokainy","Lidokain ampulla","Fiala di lidocaina","Ampolla de lidocaína","Ampoule de lidocaïne","利多卡因安瓿","リドカインアンプル","Ampola de lidocaína","利多卡因安瓿",
"STR_PLAYZ_MED_AMPOULE_MORPHINE","Morphine Ampoule","Morphine Ampoule","Morfínová ampule","Morphin-Ampulle","Ампула морфина","Ampułka morfiny","Morfin ampulla","Fiala di morfina","Ampolla de morfina","Ampoule de morphine","吗啡安瓿","モルヒネアンプル","Ampola de morfina","吗啡安瓿",
"STR_PLAYZ_MED_AMPOULE_RABIVAX","Rabies Vaccine Ampoule","Rabies Vaccine Ampoule","Ampule vakcíny proti vzteklině","Tollwut-Impfampulle","Ампула антирабической вакцины","Ampułka szczepionki przeciw wściekliźnie","Veszettség vakcina ampulla","Fiala vaccino antirabbico","Ampolla vacuna antirrábica","Ampoule vaccin antirabique","狂犬疫苗安瓿","狂犬病ワクチンアンプル","Ampola vacina antirrábica","狂犬疫苗安瓿",
"STR_PLAYZ_MED_SALVE_FINALGON","Finalginum Salve","Finalginum Salve","Mast Finalginum","Finalginum Salbe","Мазь Финалгинум","Maść Finalginum","Finalginum kenőcs","Unguento Finalginum","Pomada Finalginum","Pommade Finalginum","Finalginum药膏","フィナールギヌム軟膏","Pomada Finalginum","Finalginum药膏",
"STR_PLAYZ_MED_SALVE_CAPSICUM","Capsaicinum Salve","Capsaicinum Salve","Mast Capsaicinum","Capsaicinum Salbe","Мазь Капсаицинум","Maść Capsaicinum","Capsaicinum kenőcs","Unguento Capsaicinum","Pomada Capsaicinum","Pommade Capsaicinum","Capsaicinum药膏","カプサイシヌム軟膏","Pomada Capsaicinum","Capsaicinum药膏",
"STR_PLAYZ_MED_SALVE_VIPROSAL","Viprosalinum Salve","Viprosalinum Salve","Mast Viprosalinum","Viprosalinum Salbe","Мазь Випросалинум","Maść Viprosalinum","Viprosalinum kenőcs","Unguento Viprosalinum","Pomada Viprosalinum","Pommade Viprosalinum","Viprosalinum药膏","ビプロサリヌム軟膏","Pomada Viprosalinum","Viprosalinum药膏",
"STR_PLAYZ_MED_PILLS_POTASSIUM_CYANIDE","Cyanide Pills","Cyanide Pills","Kyanidové pilulky","Zyanid-Pillen","Таблетки цианида","Tabletki cyjanku","Cianid tabletta","Pillole di cianuro","Pastillas de cianuro","Pilules de cyanure","氰化物片","シアン化物錠","Pílulas de cianeto","氰化物片",
"STR_PLAYZ_MED_PILLS_ARSENIC","Arsenic Pills","Arsenic Pills","Arzenové pilulky","Arsen-Pillen","Таблетки мышьяка","Tabletki arsenu","Arzén tabletta","Pillole di arsenico","Pastillas de arsénico","Pilules d'arsenic","砷片","ヒ素錠","Pílulas de arsênico","砷片",
"STR_PLAYZ_MED_PILLS_IROVIT","Ferrous Blood Pills","Ferrous Blood Pills","Železité krevní pilulky","Eisenblut-Pillen","Железокровные таблетки","Żelazowe tabletki krwi","Vasvér tabletta","Pillole ferrose ematiche","Pastillas ferrosas sanguíneas","Pilules ferreuses sanguines","补血铁片","造血鉄錠","Pílulas ferrosas sanguíneas","补血铁片",
"STR_PLAYZ_MED_PILLS_ADEPRESS","Alprazolam Pills","Alprazolam Pills","Pilulky alprazolamu","Alprazolam-Pillen","Таблетки алпразолама","Tabletki alprazolamu","Alprazolam tabletta","Pillole di alprazolam","Pastillas de alprazolam","Pilules d'alprazolam","阿普唑仑片","アルプラゾラム錠","Pílulas de alprazolam","阿普唑仑片",
"STR_PLAYZ_MED_PILLS_NOOPEPT","Concussion Focus Pills","Concussion Focus Pills","Pilulky pro soustředění po otřesu","Fokus-Pillen bei Gehirnerschütterung","Таблетки фокуса после сотрясения","Tabletki skupienia po wstrząsie","Agyrázkódás fókusz tabletta","Pillole focus post-commozione","Pastillas de enfoque post-conmoción","Pilules focus post-commotion","震后专注片","脳震とうフォーカス錠","Pílulas de foco pós-concussão","震后专注片",
"STR_PLAYZ_MED_INJECTOR_NOVICHEK","Novichok Injector","Novichok Injector","Injektor Novičok","Nowitschok-Injektor","Инжектор Новичок","Iniektor Nowiczok","Novicsok injektor","Iniettore Novichok","Inyector Novichok","Injecteur Novichok","诺维乔克注射器","ノビチョクインジェクター","Injetor Novichok","诺维乔克注射器",
"STR_PLAYZ_MED_INJECTOR_ERYTROMIXELIN","Erythrostat Injector","Erythrostat Injector","Injektor Erythrostat","Erythrostat-Injektor","Инжектор Эритростат","Iniektor Erythrostat","Erythrostat injektor","Iniettore Erythrostat","Inyector Erythrostat","Injecteur Erythrostat","促红止血注射器","エリスロスタット注射器","Injetor Erythrostat","促红止血注射器",
"STR_PLAYZ_MED_INJECTOR_RABINUCOLINE","Rabies Antiserum Injector","Rabies Antiserum Injector","Injektor antiséra proti vzteklině","Tollwut-Antiserum-Injektor","Инжектор антирабической сыворотки","Iniektor surowicy przeciw wściekliźnie","Veszettség antiszérum injektor","Iniettore antisiero antirabbico","Inyector antisuero antirrábico","Injecteur antisérum antirabique","狂犬抗血清注射器","狂犬病抗血清インジェクター","Injetor antissoro antirrábico","狂犬抗血清注射器",
"STR_PLAYZ_RAD_PROTECT_MINIMAL","SLIGHT SHIELD","SLIGHT SHIELD","LEHKÝ ŠTÍT","LEICHTER SCHUTZ","СЛАБ. ЩИТ","LEKKA OSŁONA","ENYHE VÉDELEM","SCUDO LEGGERO","BLINDAJE LEVE","PROTECTION LÉGÈRE","輕度屏蔽","軽度遮蔽","BLINDAGEM LEVE","轻度屏蔽",
"STR_PLAYZ_RAD_PROTECT_LOW","BASIC SHIELD","BASIC SHIELD","ZÁKLADNÍ ŠTÍT","GRUNDSCHUTZ","БАЗ. ЩИТ","PODSTAWOWA OSŁONA","ALAPVÉDELEM","SCUDO BASE","BLINDAJE BÁSICO","PROTECTION DE BASE","基礎屏蔽","基本遮蔽","BLINDAGEM BÁSICA","基础屏蔽",
"STR_PLAYZ_RAD_PROTECT_MEDIUM","GOOD SHIELD","GOOD SHIELD","DOBRÝ ŠTÍT","GUTER SCHUTZ","ХОР. ЩИТ","DOBRA OSŁONA","JÓ VÉDELEM","BUONO SCUDO","BLINDAJE BUENO","BONNE PROTECTION","良好屏蔽","良好な遮蔽","BOA BLINDAGEM","良好屏蔽",
"STR_PLAYZ_RAD_PROTECT_HIGH","HEAVY SHIELD","HEAVY SHIELD","SILNÝ ŠTÍT","STARKER SCHUTZ","СИЛ. ЩИТ","SILNA OSŁONA","ERŐS VÉDELEM","SCUDO PESANTE","BLINDAJE PESADO","PROTECTION RENFORCÉE","重度屏蔽","高度遮蔽","BLINDAGEM PESADA","重度屏蔽",
"STR_PLAYZ_RAD_PROTECT_MAXIMUM","FULL SHIELD","FULL SHIELD","PLNÝ ŠTÍT","VOLLSCHUTZ","ПОЛН. ЩИТ","PEŁNA OSŁONA","TELJES VÉDELEM","SCUDO COMPLETO","BLINDAJE TOTAL","PROTECTION TOTALE","完全屏蔽","完全遮蔽","BLINDAGEM TOTAL","完全屏蔽",
"STR_PLAYZ_RAD_CONTAM_TRACE","TRACE RAD","TRACE RAD","STOPA RAD","SPUR RAD","СЛЕД. РАД","ŚLAD RAD","NYOM RAD","RAD TRACCIA","RAD LEVE","RAD TRACE","微量輻射","微量放射","RAD LEVE","微量辐射",
"STR_PLAYZ_RAD_CONTAM_LOW","LOW RAD","LOW RAD","NÍZKÉ RAD","GERING RAD","НИЗК. РАД","NISKIE RAD","ALACSONY RAD","RAD BASSO","RAD BAJO","RAD FAIBLE","低輻射","低放射","RAD BAIXO","低辐射",
"STR_PLAYZ_RAD_CONTAM_MODERATE","MED RAD","MED RAD","STŘEDNÍ RAD","MITTEL RAD","СРЕД. РАД","ŚREDNIE RAD","KÖZEPES RAD","RAD MEDIO","RAD MEDIO","RAD MOYEN","中度輻射","中放射","RAD MÉDIO","中度辐射",
"STR_PLAYZ_RAD_CONTAM_HIGH","HIGH RAD","HIGH RAD","VYSOKÉ RAD","STARK RAD","ВЫС. РАД","WYSOKIE RAD","MAGAS RAD","RAD ALTO","RAD ALTO","RAD ÉLEVÉ","高度輻射","高放射","RAD ALTO","高度辐射",
"STR_PLAYZ_RAD_CONTAM_SEVERE","HOT RAD","HOT RAD","KRIT. RAD","HEISS RAD","КРИТ. РАД","KRYT. RAD","FORRÓ RAD","RAD CRITICO","RAD CRÍTICO","RAD CRITIQUE","嚴重輻射","強放射","RAD CRÍTICO","严重辐射",
"STR_PLAYZ_RAD_D1_DEACT_SOLUTION","DEACTIVATION SOLUTION","DEACTIVATION SOLUTION","DEAKTIVAČNÍ ROZTOK","DEAKTIVIERUNGSLÖSUNG","РАСТВОР ДЕАКТИВАЦИИ","ROZTWÓR DEZAKTYWUJĄCY","DEAKTIVÁLÓ OLDAT","SOLUZIONE DEATTIVANTE","SOLUCIÓN DESACTIVADORA","SOLUTION DE DÉSACTIVATION","去活化溶液","除染溶液","SOLUÇÃO DESATIVADORA","去活化溶液",
"STR_PLAYZ_RAD_D1_CANISTER_NAME","Type D-1 Canister","Type D-1 Canister","Kanystr typ D-1","Kanister Typ D-1","Канистра тип D-1","Kanister typ D-1","D-1 típusú kanna","Contenitore tipo D-1","Bidón tipo D-1","Bidon type D-1","D-1型罐","D-1型キャニスター","Vasilha tipo D-1","D-1型罐",
"STR_PLAYZ_RAD_D1_CANISTER_DESC","Field canister for Type D-1 deactivation solution. Washes radioactive contamination from clothing, gear, and equipment surfaces. Used for direct wash actions and to supply the camp decontamination shower in hot sectors.","Field canister for Type D-1 deactivation solution. Washes radioactive contamination from clothing, gear, and equipment surfaces. Used for direct wash actions and to supply the camp decontamination shower in hot sectors.","Polní kanystr pro deaktivační roztok typ D-1. Smývá radioaktivní kontaminaci z oděvů, výstroje a vybavení. Používá se k přímému mytí a k napájení dekontaminační sprchy v táboře v zamořených sektorech.","Feldkanister für Deaktivierungslösung Typ D-1. Entfernt radioaktive Kontamination von Kleidung, Ausrüstung und Geräteoberflächen. Für direktes Waschen und zur Versorgung der Lager-Dekontaminationsschauer in heißen Sektoren.","Полевая канистра с раствором деактивации тип D-1. Смывает радиоактивное загрязнение с одежды, снаряжения и поверхностей оборудования. Используется для прямой промывки и для питания лагерного деконтаминационного душа в заражённых секторах.","Kanister polowy z roztworem dezaktywującym typ D-1. Zmywa radioaktywną kontaminację z odzieży, sprzętu i powierzchni wyposażenia. Służy do bezpośredniego mycia i zasilania obozowego prysznic dekontaminacyjnego w gorących sektorach.","Terepi kanna D-1 típusú deaktiváló oldattal. Lemossa a radioaktív szennyeződést ruházatról, felszerelésről és berendezési felületekről. Közvetlen mosáshoz és a tábori dekontamináló zuhany ellátásához használható forró szektorokban.","Contenitore da campo per soluzione deattivante tipo D-1. Rimuove la contaminazione radioattiva da abiti, equipaggiamento e superfici. Usato per lavaggi diretti e per alimentare la doccia decontaminante del campo nei settori caldi.","Bidón de campo para solución desactivadora tipo D-1. Elimina la contaminación radiactiva de ropa, equipo y superficies. Se usa para lavado directo y para alimentar la ducha de descontaminación del campamento en sectores calientes.","Bidon de terrain pour solution de désactivation type D-1. Élimine la contamination radioactive des vêtements, de l'équipement et des surfaces. Utilisé pour le lavage direct et pour alimenter la douche de décontamination du camp dans les secteurs chauds.","用于D-1型去活化溶液的野战罐。清洗衣物、装备和器材表面的放射性污染。用于直接洗涤，以及在热点区域为营地去污淋浴供液。","D-1型除染溶液用の野戦キャニスター。被服、装備、器材表面の放射性汚染を洗い流す。直接洗浄や、ホットセクターでのキャンプ除染シャワーへの供給に使用する。","Vasilha de campo para solução desativadora tipo D-1. Remove contaminação radioativa de roupa, equipamento e superfícies. Usada para lavagem direta e para abastecer o chuveiro de descontaminação do acampamento em setores quentes.","用于D-1型去活化溶液的野战罐。清洗衣物、装备和器材表面的放射性污染。用于直接洗涤，以及在热点区域为营地去污淋浴供液。",
